Recency,Frequency,Monetary,R_Score,F_Score,M_Score,RFM_Score,Segment
165,11,372.86,2,5,2,252,At Risk
3,2,1323.32,5,2,4,524,Others
74,1,222.15999999999997,2,1,1,211,Others
43,3,2671.14,3,3,5,335,Loyal Customers
11,1,300.93,5,1,2,512,Others
11,2,343.8,5,2,2,522,Others
44,1,317.76,3,1,2,312,Others
203,1,488.21000000000004,1,1,2,112,Others
16,3,3560.3,4,3,5,435,Loyal Customers
24,2,12079.99,4,2,5,425,Others
11,3,2719.01,5,3,5,535,Loyal Customers
61,6,2563.36,3,4,5,345,Loyal Customers
15,5,1590.83,5,4,4,544,Champions
98,3,321.35,2,3,2,232,At Risk
374,1,130.0,1,1,1,111,Others
269,1,500.24,1,1,3,113,Others
264,1,917.7,1,1,3,113,Others
49,3,1791.15,3,3,4,334,Loyal Customers
260,3,774.62,1,3,3,133,At Risk
45,3,2179.42,3,3,5,335,Loyal Customers
260,2,763.0500000000001,1,2,3,123,Others
57,3,2246.29,3,3,5,335,Loyal Customers
25,2,503.15,4,2,3,423,Others
17,2,1798.2,4,2,4,424,Others
198,1,1407.7,1,1,4,114,Others
58,2,767.98,3,2,3,323,Others
101,7,6951.49,2,5,5,255,At Risk
15,1,1938.4,5,1,4,514,Others
2,1,258.90000000000003,5,1,2,512,Others
51,1,143.94,3,1,1,311,Others
81,2,1120.45,2,2,4,224,Others
38,3,1433.33,3,3,4,334,Loyal Customers
100,5,2285.18,2,4,5,245,At Risk
227,1,234.75000000000003,1,1,1,111,Others
18,2,816.85,4,2,3,423,Others
7,4,2048.64,5,4,4,544,Champions
310,1,931.4300000000001,1,1,3,113,Others
21,3,853.65,4,3,3,433,Loyal Customers
50,1,205.25,3,1,1,311,Others
28,5,1031.3,4,4,4,444,Champions
157,1,591.6600000000001,2,1,3,213,Others
318,1,63.24,1,1,1,111,Others
35,3,2975.06,4,3,5,435,Loyal Customers
21,3,1452.22,4,3,4,434,Loyal Customers
56,4,12346.62,3,4,5,345,Loyal Customers
138,1,320.38,2,1,2,212,Others
45,1,346.9,3,1,2,312,Others
38,3,1370.05,3,3,4,334,Loyal Customers
38,1,241.35,3,1,1,311,Others
99,3,390.0,2,3,2,232,At Risk
11,7,19543.84,5,5,5,555,Champions
292,1,202.56,1,1,1,111,Others
46,11,3148.31,3,5,5,355,Loyal Customers
49,3,1352.62,3,3,4,334,Loyal Customers
21,2,503.01,4,2,3,423,Others
51,2,291.56,3,2,2,322,Others
30,14,4428.24,4,5,5,455,Champions
23,2,763.08,4,2,3,423,Others
58,2,1579.07,3,2,4,324,Others
84,1,964.21,2,1,3,213,Others
298,1,762.48,1,1,3,113,Others
7,1,303.5,5,1,2,512,Others
1,5,3735.51,5,4,5,545,Champions
9,13,4370.52,5,5,5,555,Champions
2,5,7205.39,5,4,5,545,Champions
17,1,297.29,4,1,2,412,Others
32,4,6096.04,4,4,5,445,Champions
31,21,7731.99,4,5,5,455,Champions
318,2,1142.88,1,2,4,124,Others
98,2,859.2,2,2,3,223,Others
2,1,173.55,5,1,1,511,Others
368,1,485.31,1,1,2,112,Others
56,1,301.58000000000004,3,1,2,312,Others
46,2,768.6,3,2,3,323,Others
35,3,490.32,4,3,2,432,Loyal Customers
99,3,3634.36,2,3,5,235,At Risk
31,4,13151.44,4,4,5,445,Champions
81,4,3413.09,2,4,5,245,At Risk
71,1,632.6800000000001,3,1,3,313,Others
63,2,830.09,3,2,3,323,Others
241,1,454.36,1,1,2,112,Others
92,1,326.65,2,1,2,212,Others
318,1,56.73,1,1,1,111,Others
59,1,132.8,3,1,1,311,Others
162,3,2941.2,2,3,5,235,At Risk
158,2,3070.54,2,2,5,225,Others
325,1,211.95,1,1,1,111,Others
10,49,20129.54,5,5,5,555,Champions
5,13,11308.48,5,5,5,555,Champions
14,13,5048.66,5,5,5,555,Champions
45,1,426.26,3,1,2,312,Others
32,12,7267.49,4,5,5,455,Champions
35,3,7056.63,4,3,5,435,Loyal Customers
35,3,2183.2200000000003,4,3,5,435,Loyal Customers
1,6,6765.07,5,4,5,545,Champions
212,29,23691.4,1,5,5,155,At Risk
14,11,2612.2000000000003,5,5,5,555,Champions
119,6,1826.78,2,4,4,244,At Risk
165,1,708.1,2,1,3,213,Others
67,1,1037.28,3,1,4,314,Others
366,1,285.3,1,1,2,112,Others
14,11,4405.71,5,5,5,555,Champions
39,1,452.0,3,1,2,312,Others
1,3,626.77,5,3,3,533,Loyal Customers
276,1,357.4,1,1,2,112,Others
256,2,45.34,1,2,1,121,Others
36,2,5205.400000000001,4,2,5,425,Others
196,1,393.72,1,1,2,112,Others
71,8,1697.39,3,5,4,354,Loyal Customers
220,1,1126.0,1,1,4,114,Others
53,2,297.0,3,2,2,322,Others
44,1,955.2,3,1,3,313,Others
220,1,539.25,1,1,3,113,Others
95,7,4195.45,2,5,5,255,At Risk
64,1,3084.02,3,1,5,315,Others
277,1,580.08,1,1,3,113,Others
66,2,1336.56,3,2,4,324,Others
112,1,385.70000000000005,2,1,2,212,Others
10,12,2562.58,5,5,5,555,Champions
24,9,6640.39,4,5,5,455,Champions
134,3,973.73,2,3,3,233,At Risk
130,2,386.8,2,2,2,222,Others
164,1,316.48,2,1,2,212,Others
51,5,2096.98,3,4,4,344,Loyal Customers
322,1,1807.98,1,1,4,114,Others
263,2,1367.89,1,2,4,124,Others
44,1,732.94,3,1,3,313,Others
14,1,276.5,5,1,2,512,Others
86,3,5646.400000000001,2,3,5,235,At Risk
14,16,8854.25,5,5,5,555,Champions
120,2,481.88,2,2,2,222,Others
84,1,980.25,2,1,3,213,Others
136,1,175.78,2,1,1,211,Others
211,6,1575.68,1,4,4,144,At Risk
21,2,916.47,4,2,3,423,Others
84,1,468.5,2,1,2,212,Others
318,1,129.23,1,1,1,111,Others
7,4,6725.18,5,4,5,545,Champions
21,2,1185.18,4,2,4,424,Others
44,1,249.24,3,1,1,311,Others
3,7,4308.58,5,5,5,555,Champions
280,1,70.0,1,1,1,111,Others
318,1,77.52,1,1,1,111,Others
17,4,556.87,4,4,3,443,Loyal Customers
93,2,622.82,2,2,3,223,Others
28,3,826.89,4,3,3,433,Loyal Customers
17,5,990.5,4,4,4,444,Champions
21,2,1847.94,4,2,4,424,Others
212,1,637.2,1,1,3,113,Others
58,2,1469.04,3,2,4,324,Others
9,13,7166.06,5,5,5,555,Champions
10,3,1865.73,5,3,4,534,Loyal Customers
35,3,743.88,4,3,3,433,Loyal Customers
57,6,4048.98,3,4,5,345,Loyal Customers
26,2,886.1,4,2,3,423,Others
155,3,2145.06,2,3,5,235,At Risk
14,5,1751.89,5,4,4,544,Champions
140,1,299.02,2,1,2,212,Others
99,3,1511.01,2,3,4,234,At Risk
17,6,1264.14,4,4,4,444,Champions
7,12,2444.88,5,5,5,555,Champions
40,1,104.2,3,1,1,311,Others
12,4,1232.95,5,4,4,544,Champions
318,1,21.0,1,1,1,111,Others
40,1,415.79,3,1,2,312,Others
10,6,2309.01,5,4,5,545,Champions
24,5,3472.9900000000002,4,4,5,445,Champions
49,4,3449.79,3,4,5,345,Loyal Customers
24,1,417.8,4,1,2,412,Others
196,1,140.14,1,1,1,111,Others
1,16,11086.14,5,5,5,555,Champions
52,6,3442.7400000000002,3,4,5,345,Loyal Customers
145,2,2481.06,2,2,5,225,Others
21,2,1558.22,4,2,4,424,Others
92,5,2841.07,2,4,5,245,At Risk
156,2,804.88,2,2,3,223,Others
18,3,3514.18,4,3,5,435,Loyal Customers
171,2,490.0,2,2,2,222,Others
28,2,1241.23,4,2,4,424,Others
374,1,141.0,1,1,1,111,Others
14,4,2280.91,5,4,5,545,Champions
275,1,249.8,1,1,1,111,Others
70,2,826.27,3,2,3,323,Others
21,6,4960.18,4,4,5,445,Champions
66,3,1440.58,3,3,4,334,Loyal Customers
45,4,1764.12,3,4,4,344,Loyal Customers
3,27,14201.53,5,5,5,555,Champions
73,3,793.95,2,3,3,233,At Risk
18,5,1671.14,4,4,4,444,Champions
14,3,263.75,5,3,2,532,Loyal Customers
70,1,97.05000000000001,3,1,1,311,Others
162,1,1950.98,2,1,4,214,Others
59,1,261.35,3,1,2,312,Others
61,3,2356.66,3,3,5,335,Loyal Customers
72,1,162.0,2,1,1,211,Others
9,10,3138.2400000000002,5,5,5,555,Champions
260,2,239.4,1,2,1,121,Others
150,2,1188.16,2,2,4,224,Others
53,2,250.6,3,2,1,321,Others
30,1,1248.42,4,1,4,414,Others
14,6,7575.88,5,4,5,545,Champions
21,2,764.24,4,2,3,423,Others
242,1,2622.481,1,1,5,115,Others
231,1,211.15,1,1,1,111,Others
37,1,619.5,3,1,3,313,Others
189,2,957.25,1,2,3,123,Others
44,5,1511.7,3,4,4,344,Loyal Customers
191,2,395.1,1,2,2,122,Others
11,9,16652.72,5,5,5,555,Champions
3,24,17080.74,5,5,5,555,Champions
1,23,11745.69,5,5,5,555,Champions
1,8,4220.21,5,5,5,555,Champions
7,1,89.14,5,1,1,511,Others
116,2,2138.91,2,2,4,224,Others
56,1,134.6,3,1,1,311,Others
273,1,110.95,1,1,1,111,Others
32,3,847.11,4,3,3,433,Loyal Customers
57,1,973.68,3,1,3,313,Others
164,3,825.02,2,3,3,233,At Risk
70,2,851.91,3,2,3,323,Others
226,1,339.75,1,1,2,112,Others
53,1,638.11,3,1,3,313,Others
165,4,1648.7,2,4,4,244,At Risk
269,3,722.98,1,3,3,133,At Risk
19,5,4893.81,4,4,5,445,Champions
4,9,2601.19,5,5,5,555,Champions
2,20,21107.94,5,5,5,555,Champions
247,2,1339.05,1,2,4,124,Others
1,10,2797.53,5,5,5,555,Champions
24,7,9384.85,4,5,5,455,Champions
226,1,277.93,1,1,2,112,Others
5,6,2478.94,5,4,5,545,Champions
21,2,1356.95,4,2,4,424,Others
19,3,1286.11,4,3,4,434,Loyal Customers
7,4,2266.76,5,4,5,545,Champions
23,4,1405.5,4,4,4,444,Champions
78,3,1698.8300000000002,2,3,4,234,At Risk
19,1,233.84,4,1,1,411,Others
157,1,829.25,2,1,3,213,Others
78,5,6879.8,2,4,5,245,At Risk
25,3,2040.92,4,3,4,434,Loyal Customers
10,2,529.25,5,2,3,523,Others
134,2,3710.5,2,2,5,225,Others
8,1,155.35,5,1,1,511,Others
21,2,1713.69,4,2,4,424,Others
165,2,406.07,2,2,2,222,Others
261,1,1201.52,1,1,4,114,Others
95,4,4037.77,2,4,5,245,At Risk
122,3,925.41,2,3,3,233,At Risk
176,1,254.55,2,1,2,212,Others
5,16,5061.03,5,5,5,555,Champions
1,144,22457.9,5,5,5,555,Champions
35,4,2806.48,4,4,5,445,Champions
80,1,268.27,2,1,2,212,Others
1,10,5218.71,5,5,5,555,Champions
95,5,7111.650000000001,2,4,5,245,At Risk
22,5,3489.3,4,4,5,445,Champions
91,1,347.8,2,1,2,212,Others
93,2,782.95,2,2,3,223,Others
5,1,320.08,5,1,2,512,Others
108,6,1404.58,2,4,4,244,At Risk
2,3,3078.65,5,3,5,535,Loyal Customers
11,1,949.82,5,1,3,513,Others
86,1,168.69,2,1,1,211,Others
92,1,1895.0,2,1,4,214,Others
121,1,282.3,2,1,2,212,Others
200,1,124.25,1,1,1,111,Others
171,1,98.7,2,1,1,211,Others
24,2,300.08000000000004,4,2,2,422,Others
303,1,55.5,1,1,1,111,Others
93,1,519.45,2,1,3,213,Others
32,3,953.4499999999999,4,3,3,433,Loyal Customers
7,7,2740.91,5,5,5,555,Champions
234,1,337.4,1,1,2,112,Others
10,6,2287.32,5,4,5,545,Champions
165,1,1230.33,2,1,4,214,Others
171,2,788.45,2,2,3,223,Others
245,1,728.5000000000001,1,1,3,113,Others
49,1,398.52,3,1,2,312,Others
99,4,444.90000000000003,2,4,2,242,At Risk
148,2,181.5,2,2,1,221,Others
46,1,266.93,3,1,2,312,Others
9,6,863.51,5,4,3,543,Loyal Customers
170,1,426.47,2,1,2,212,Others
7,2,471.85,5,2,2,522,Others
264,1,381.0,1,1,2,112,Others
1,2,552.08,5,2,3,523,Others
57,1,1533.89,3,1,4,314,Others
165,1,219.35,2,1,1,211,Others
106,3,584.25,2,3,3,233,At Risk
136,1,1071.82,2,1,4,214,Others
78,6,1988.84,2,4,4,244,At Risk
29,1,1092.81,4,1,4,414,Others
101,2,325.37,2,2,2,222,Others
17,4,1434.95,4,4,4,444,Champions
71,4,2878.96,3,4,5,345,Loyal Customers
19,1,330.35,4,1,2,412,Others
4,3,422.45,5,3,2,532,Loyal Customers
201,2,1266.63,1,2,4,124,Others
170,2,534.99,2,2,3,223,Others
14,2,519.0500000000001,5,2,3,523,Others
137,3,1687.8,2,3,4,234,At Risk
35,2,524.94,4,2,3,423,Others
94,1,540.52,2,1,3,213,Others
33,7,1747.18,4,5,4,454,Champions
247,1,128.08,1,1,1,111,Others
30,13,4742.0,4,5,5,455,Champions
157,2,518.63,2,2,3,223,Others
1,6,1481.03,5,4,4,544,Champions
186,1,92.3,1,1,1,111,Others
99,2,236.06,2,2,1,221,Others
63,41,5996.83,3,5,5,355,Loyal Customers
25,11,3949.37,4,5,5,455,Champions
205,1,528.5600000000001,1,1,3,113,Others
9,9,2694.75,5,5,5,555,Champions
3,13,4480.31,5,5,5,555,Champions
73,3,1315.2,2,3,4,234,At Risk
5,17,3472.61,5,5,5,555,Champions
40,2,799.0,3,2,3,323,Others
18,22,4881.1,4,5,5,455,Champions
78,2,322.64,2,2,2,222,Others
318,1,15.58,1,1,1,111,Others
23,1,765.36,4,1,3,413,Others
311,1,208.0,1,1,1,111,Others
17,4,2032.18,4,4,4,444,Champions
81,1,330.0,2,1,2,212,Others
113,1,148.95,2,1,1,211,Others
63,5,1950.4,3,4,4,344,Loyal Customers
197,4,1654.72,1,4,4,144,At Risk
8,4,612.84,5,4,3,543,Loyal Customers
72,4,2581.6,2,4,5,245,At Risk
19,1,147.27,4,1,1,411,Others
94,1,575.1,2,1,3,213,Others
329,1,54.22,1,1,1,111,Others
255,1,68.25,1,1,1,111,Others
61,2,984.62,3,2,3,323,Others
15,5,2271.35,5,4,5,545,Champions
144,1,152.45,2,1,1,211,Others
14,2,1755.24,5,2,4,524,Others
110,2,668.23,2,2,3,223,Others
33,6,3819.92,4,4,5,445,Champions
9,3,640.0,5,3,3,533,Loyal Customers
317,1,337.66999999999996,1,1,2,112,Others
11,3,1676.95,5,3,4,534,Loyal Customers
75,1,363.38,2,1,2,212,Others
1,11,3062.52,5,5,5,555,Champions
33,2,1653.3,4,2,4,424,Others
21,2,948.42,4,2,3,423,Others
107,3,1013.7600000000001,2,3,4,234,At Risk
30,2,1863.77,4,2,4,424,Others
37,8,1406.3700000000001,3,5,4,354,Loyal Customers
17,2,640.13,4,2,3,423,Others
19,1,222.4,4,1,1,411,Others
17,4,385.46000000000004,4,4,2,442,Loyal Customers
23,1,329.3,4,1,2,412,Others
94,8,509.5,2,5,3,253,At Risk
32,1,263.38,4,1,2,412,Others
211,1,157.35,1,1,1,111,Others
17,2,297.75,4,2,2,422,Others
99,2,296.21,2,2,2,222,Others
49,1,366.4,3,1,2,312,Others
58,1,340.33000000000004,3,1,2,312,Others
64,1,833.5300000000001,3,1,3,313,Others
212,2,1018.42,1,2,4,124,Others
31,2,508.91,4,2,3,423,Others
16,3,1026.0,4,3,4,434,Loyal Customers
60,3,924.52,3,3,3,333,Loyal Customers
15,5,2721.48,5,4,5,545,Champions
187,1,1651.72,1,1,4,114,Others
4,9,4217.23,5,5,5,555,Champions
36,1,223.98,4,1,1,411,Others
8,3,811.1,5,3,3,533,Loyal Customers
78,3,1534.78,2,3,4,234,At Risk
36,5,3765.2,4,4,5,445,Champions
262,1,10953.5,1,1,5,115,Others
207,3,323.86,1,3,2,132,At Risk
2,39,19333.95,5,5,5,555,Champions
26,2,597.6,4,2,3,423,Others
29,8,1535.7,4,5,4,454,Champions
228,1,35.28,1,1,1,111,Others
47,4,1523.97,3,4,4,344,Loyal Customers
30,1,197.31,4,1,1,411,Others
14,7,2242.19,5,5,5,555,Champions
16,42,50291.38,4,5,5,455,Champions
175,8,1698.56,2,5,4,254,At Risk
16,5,1029.1,4,4,4,444,Champions
372,1,181.65,1,1,1,111,Others
11,8,2083.16,5,5,4,554,Champions
99,5,1593.34,2,4,4,244,At Risk
15,12,13683.0,5,5,5,555,Champions
360,1,377.49,1,1,2,112,Others
1,1,258.75,5,1,2,512,Others
194,2,496.5,1,2,2,122,Others
292,1,437.16,1,1,2,112,Others
72,1,324.45,2,1,2,212,Others
9,1,304.04,5,1,2,512,Others
366,2,252.48,1,2,2,122,Others
18,14,11359.48,4,5,5,455,Champions
22,9,2149.65,4,5,5,455,Champions
158,1,498.96,2,1,3,213,Others
274,1,162.45,1,1,1,111,Others
320,3,413.82,1,3,2,132,At Risk
177,5,4689.43,1,4,5,145,At Risk
36,2,467.34,4,2,2,422,Others
120,1,150.95,2,1,1,211,Others
49,4,1322.0700000000002,3,4,4,344,Loyal Customers
15,1,211.99,5,1,1,511,Others
1,5,1744.96,5,4,4,544,Champions
73,1,132.24,2,1,1,211,Others
7,2,2646.02,5,2,5,525,Others
238,1,122.45,1,1,1,111,Others
16,6,1048.13,4,4,4,444,Champions
2,33,4782.88,5,5,5,555,Champions
49,4,1161.2,3,4,4,344,Loyal Customers
49,1,385.55,3,1,2,312,Others
201,1,264.15,1,1,2,112,Others
72,6,2100.09,2,4,4,244,At Risk
14,7,2417.78,5,5,5,555,Champions
137,3,474.64,2,3,2,232,At Risk
21,5,2502.82,4,4,5,445,Champions
365,1,517.7,1,1,3,113,Others
22,12,8870.880000000001,4,5,5,455,Champions
30,7,2354.27,4,5,5,455,Champions
234,1,490.08,1,1,2,112,Others
64,10,2729.84,3,5,5,355,Loyal Customers
56,3,753.51,3,3,3,333,Loyal Customers
60,18,6627.64,3,5,5,355,Loyal Customers
53,4,546.0,3,4,3,343,Loyal Customers
25,1,261.06,4,1,2,412,Others
361,1,93.35,1,1,1,111,Others
81,4,844.87,2,4,3,243,At Risk
11,1,355.5,5,1,2,512,Others
30,4,884.02,4,4,3,443,Loyal Customers
128,3,920.08,2,3,3,233,At Risk
361,1,497.65,1,1,2,112,Others
40,20,14256.68,3,5,5,355,Loyal Customers
52,2,293.18,3,2,2,322,Others
22,18,5994.94,4,5,5,455,Champions
67,2,485.98,3,2,2,322,Others
215,1,175.25,1,1,1,111,Others
33,2,382.66,4,2,2,422,Others
308,1,234.0,1,1,1,111,Others
10,2,330.12,5,2,2,522,Others
8,1,50.550000000000004,5,1,1,511,Others
65,3,1310.99,3,3,4,334,Loyal Customers
7,18,7814.83,5,5,5,555,Champions
68,1,1914.8,3,1,4,314,Others
74,6,3240.14,2,4,5,245,At Risk
49,7,2485.46,3,5,5,355,Loyal Customers
15,6,1229.95,5,4,4,544,Champions
198,2,618.96,1,2,3,123,Others
10,8,2270.86,5,5,5,555,Champions
65,1,65.3,3,1,1,311,Others
164,1,759.13,2,1,3,213,Others
106,2,555.87,2,2,3,223,Others
367,1,323.39,1,1,2,112,Others
124,4,757.72,2,4,3,243,At Risk
21,13,10327.2,4,5,5,455,Champions
10,2,679.8,5,2,3,523,Others
4,1,402.36,5,1,2,512,Others
43,5,3292.84,3,4,5,345,Loyal Customers
28,7,1805.78,4,5,4,454,Champions
65,1,30.0,3,1,1,311,Others
5,2,279.91,5,2,2,522,Others
67,1,442.32,3,1,2,312,Others
320,1,307.1,1,1,2,112,Others
35,9,3033.88,4,5,5,455,Champions
220,4,1010.73,1,4,4,144,At Risk
86,4,799.13,2,4,3,243,At Risk
234,3,1488.59,1,3,4,134,At Risk
128,10,4287.58,2,5,5,255,At Risk
37,2,503.64,3,2,3,323,Others
92,1,319.94,2,1,2,212,Others
9,17,5557.62,5,5,5,555,Champions
72,5,2229.7200000000003,2,4,5,245,At Risk
25,2,751.5600000000001,4,2,3,423,Others
2,19,6477.67,5,5,5,555,Champions
214,2,155.8,1,2,1,121,Others
56,6,2771.18,3,4,5,345,Loyal Customers
257,1,127.65,1,1,1,111,Others
65,1,1106.7,3,1,4,314,Others
187,1,209.48,1,1,1,111,Others
166,3,709.59,2,3,3,233,At Risk
49,9,2108.37,3,5,4,354,Loyal Customers
116,1,188.4,2,1,1,211,Others
186,2,561.25,1,2,3,123,Others
9,5,1055.05,5,4,4,544,Champions
45,2,393.05,3,2,2,322,Others
5,16,5185.51,5,5,5,555,Champions
95,3,522.9,2,3,3,233,At Risk
248,1,129.22,1,1,1,111,Others
47,2,418.08,3,2,2,322,Others
147,4,1378.74,2,4,4,244,At Risk
93,1,135.4,2,1,1,211,Others
2,8,2326.35,5,5,5,555,Champions
2,32,16904.51,5,5,5,555,Champions
53,1,199.08,3,1,1,311,Others
37,3,222.65,3,3,1,331,Loyal Customers
7,19,30867.77,5,5,5,555,Champions
60,12,3722.12,3,5,5,355,Loyal Customers
61,1,91.67999999999999,3,1,1,311,Others
127,1,122.39999999999999,2,1,1,211,Others
315,6,2017.2,1,4,4,144,At Risk
18,1,439.33000000000004,4,1,2,412,Others
362,1,313.64,1,1,2,112,Others
53,1,236.11,3,1,1,311,Others
4,109,57885.45,5,5,5,555,Champions
1,13,5189.32,5,5,5,555,Champions
365,2,1976.0,1,2,4,124,Others
50,7,1662.45,3,5,4,354,Loyal Customers
9,48,47111.18,5,5,5,555,Champions
4,2,505.80000000000007,5,2,3,523,Others
30,1,419.7000000000001,4,1,2,412,Others
24,18,7320.88,4,5,5,455,Champions
134,3,594.21,2,3,3,233,At Risk
1,14,5272.83,5,5,5,555,Champions
73,2,465.70000000000005,2,2,2,222,Others
51,3,610.62,3,3,3,333,Loyal Customers
72,1,72.0,2,1,1,211,Others
49,1,526.96,3,1,3,313,Others
49,5,3721.45,3,4,5,345,Loyal Customers
8,2,748.46,5,2,3,523,Others
187,1,347.49,1,1,2,112,Others
73,5,1468.8,2,4,4,244,At Risk
354,1,321.88000000000005,1,1,2,112,Others
177,1,20.599999999999998,1,1,1,111,Others
2,14,6357.08,5,5,5,555,Champions
366,1,234.38,1,1,1,111,Others
15,6,3199.92,5,4,5,545,Champions
1,12,1658.9,5,5,4,554,Champions
12,4,1217.6,5,4,4,544,Champions
304,1,134.9,1,1,1,111,Others
108,2,506.75,2,2,3,223,Others
21,1,885.33,4,1,3,413,Others
159,1,148.62,2,1,1,211,Others
2,7,1898.61,5,5,4,554,Champions
267,1,263.5,1,1,2,112,Others
88,2,233.25,2,2,1,221,Others
54,4,2240.4700000000003,3,4,5,345,Loyal Customers
95,1,90.65,2,1,1,211,Others
38,2,681.65,3,2,3,323,Others
127,1,275.45,2,1,2,212,Others
11,8,3666.9500000000003,5,5,5,555,Champions
22,8,3983.65,4,5,5,455,Champions
8,2,504.85,5,2,3,523,Others
73,1,3138.04,2,1,5,215,Others
2,3,790.71,5,3,3,533,Loyal Customers
21,12,5267.33,4,5,5,455,Champions
220,1,405.1,1,1,2,112,Others
67,1,24.4,3,1,1,311,Others
8,4,805.0,5,4,3,543,Loyal Customers
25,14,4814.56,4,5,5,455,Champions
120,3,449.96999999999997,2,3,2,232,At Risk
261,2,1207.3400000000001,1,2,4,124,Others
53,7,2146.38,3,5,5,355,Loyal Customers
35,3,1624.84,4,3,4,434,Loyal Customers
4,3,778.4200000000001,5,3,3,533,Loyal Customers
21,3,1586.54,4,3,4,434,Loyal Customers
45,5,3946.14,3,4,5,345,Loyal Customers
24,1,307.12,4,1,2,412,Others
136,1,359.38,2,1,2,212,Others
16,12,7587.2,4,5,5,455,Champions
246,1,17.65,1,1,1,111,Others
205,2,372.2,1,2,2,122,Others
49,1,429.68,3,1,2,312,Others
50,1,458.73,3,1,2,312,Others
26,1,333.82,4,1,2,412,Others
178,1,541.14,1,1,3,113,Others
198,1,127.2,1,1,1,111,Others
36,1,69.6,4,1,1,411,Others
3,10,2212.11,5,5,5,555,Champions
5,10,6621.6,5,5,5,555,Champions
218,2,831.45,1,2,3,123,Others
66,1,229.75,3,1,1,311,Others
33,10,8333.72,4,5,5,455,Champions
254,1,572.3100000000001,1,1,3,113,Others
243,1,86.10000000000001,1,1,1,111,Others
17,1,359.69,4,1,2,412,Others
30,6,3078.4,4,4,5,445,Champions
260,3,105.34,1,3,1,131,At Risk
180,3,570.66,1,3,3,133,At Risk
294,1,164.69,1,1,1,111,Others
171,4,1646.64,2,4,4,244,At Risk
57,1,412.08,3,1,2,312,Others
50,1,136.73,3,1,1,311,Others
79,3,1271.06,2,3,4,234,At Risk
245,1,373.01000000000005,1,1,2,112,Others
23,2,1572.99,4,2,4,424,Others
2,30,6615.77,5,5,5,555,Champions
138,4,1233.06,2,4,4,244,At Risk
30,7,1580.3,4,5,4,454,Champions
22,6,1778.79,4,4,4,444,Champions
367,1,966.6600000000001,1,1,3,113,Others
79,1,2803.2,2,1,5,215,Others
36,13,8308.19,4,5,5,455,Champions
87,2,285.6,2,2,2,222,Others
85,3,758.65,2,3,3,233,At Risk
150,5,2617.9,2,4,5,245,At Risk
17,7,1523.35,4,5,4,454,Champions
19,6,2330.94,4,4,5,445,Champions
53,7,3264.23,3,5,5,355,Loyal Customers
38,1,81.6,3,1,1,311,Others
291,1,132.5,1,1,1,111,Others
254,1,76.23,1,1,1,111,Others
211,1,516.8,1,1,3,113,Others
213,1,88.5,1,1,1,111,Others
59,4,805.92,3,4,3,343,Loyal Customers
57,9,9796.23,3,5,5,355,Loyal Customers
29,1,204.25,4,1,1,411,Others
1,17,3457.83,5,5,5,555,Champions
56,2,571.34,3,2,3,323,Others
308,2,346.5,1,2,2,122,Others
23,1,643.0,4,1,3,413,Others
66,2,305.9,3,2,2,322,Others
73,4,1265.1299999999999,2,4,4,244,At Risk
1,5,1036.21,5,4,4,544,Champions
47,1,112.53,3,1,1,311,Others
87,4,429.0,2,4,2,242,At Risk
85,4,635.26,2,4,3,243,At Risk
68,1,558.72,3,1,3,313,Others
29,5,1390.23,4,4,4,444,Champions
37,6,897.52,3,4,3,343,Loyal Customers
96,2,253.09,2,2,2,222,Others
38,1,252.68,3,1,2,312,Others
30,2,399.3,4,2,2,422,Others
66,2,1920.71,3,2,4,324,Others
12,1,51.41,5,1,1,511,Others
9,2,504.95,5,2,3,523,Others
72,1,149.75,2,1,1,211,Others
15,2,336.59999999999997,5,2,2,522,Others
33,8,1119.36,4,5,4,454,Champions
25,2,373.16,4,2,2,422,Others
29,4,1239.27,4,4,4,444,Champions
78,1,722.5600000000001,2,1,3,213,Others
49,7,2300.78,3,5,5,355,Loyal Customers
2,18,5236.77,5,5,5,555,Champions
5,14,3545.47,5,5,5,555,Champions
2,1,590.0,5,1,3,513,Others
45,1,360.85,3,1,2,312,Others
19,2,238.86,4,2,1,421,Others
33,3,1300.98,4,3,4,434,Loyal Customers
16,3,264.9,4,3,2,432,Loyal Customers
35,3,893.12,4,3,3,433,Loyal Customers
15,4,1494.8700000000001,5,4,4,544,Champions
75,1,350.85,2,1,2,212,Others
42,1,181.05,3,1,1,311,Others
203,2,279.7,1,2,2,122,Others
236,2,655.47,1,2,3,123,Others
236,1,734.91,1,1,3,113,Others
239,3,781.59,1,3,3,133,At Risk
79,5,927.61,2,4,3,243,At Risk
359,1,307.95,1,1,2,112,Others
74,1,208.63,2,1,1,211,Others
50,10,2909.68,3,5,5,355,Loyal Customers
51,3,415.57,3,3,2,332,Loyal Customers
28,6,1192.94,4,4,4,444,Champions
282,1,815.79,1,1,3,113,Others
12,3,900.77,5,3,3,533,Loyal Customers
59,5,705.11,3,4,3,343,Loyal Customers
21,3,2278.77,4,3,5,435,Loyal Customers
59,2,1076.2,3,2,4,324,Others
24,2,913.62,4,2,3,423,Others
162,1,95.45,2,1,1,211,Others
36,1,61.72,4,1,1,411,Others
91,3,917.57,2,3,3,233,At Risk
8,7,1751.75,5,5,4,554,Champions
66,1,53.65,3,1,1,311,Others
123,2,258.34,2,2,2,222,Others
232,1,284.86,1,1,2,112,Others
28,1,249.58,4,1,1,411,Others
16,2,409.17,4,2,2,422,Others
87,1,124.75,2,1,1,211,Others
115,7,1890.0,2,5,4,254,At Risk
325,1,310.26000000000005,1,1,2,112,Others
28,6,7207.89,4,4,5,445,Champions
21,13,4212.411,4,5,5,455,Champions
1,34,11236.95,5,5,5,555,Champions
70,2,679.4,3,2,3,323,Others
64,8,3391.52,3,5,5,355,Loyal Customers
68,1,281.76,3,1,2,312,Others
1,14,6251.71,5,5,5,555,Champions
2,7,4323.97,5,5,5,555,Champions
91,3,1655.17,2,3,4,234,At Risk
37,1,262.4,3,1,2,312,Others
47,3,1015.74,3,3,4,334,Loyal Customers
172,2,2699.48,2,2,5,225,Others
182,1,1575.26,1,1,4,114,Others
177,3,1958.6,1,3,4,134,At Risk
53,5,11364.08,3,4,5,345,Loyal Customers
98,6,299.4,2,4,2,242,At Risk
130,4,3196.11,2,4,5,245,At Risk
39,1,603.75,3,1,3,313,Others
67,4,1553.65,3,4,4,344,Loyal Customers
108,2,1450.5,2,2,4,224,Others
14,3,2303.33,5,3,5,535,Loyal Customers
45,1,731.36,3,1,3,313,Others
67,1,510.2,3,1,3,313,Others
50,2,498.1,3,2,2,322,Others
1,1,308.28000000000003,5,1,2,512,Others
7,1,754.87,5,1,3,513,Others
141,2,2297.66,2,2,5,225,Others
51,3,4274.94,3,3,5,335,Loyal Customers
50,2,422.8,3,2,2,322,Others
80,1,1013.58,2,1,4,214,Others
32,2,1552.88,4,2,4,424,Others
68,1,62.4,3,1,1,311,Others
15,6,4585.06,5,4,5,545,Champions
64,4,1164.5900000000001,3,4,4,344,Loyal Customers
179,1,305.28000000000003,1,1,2,112,Others
26,4,2528.9,4,4,5,445,Champions
50,2,835.46,3,2,3,323,Others
53,1,186.94,3,1,1,311,Others
239,1,508.55,1,1,3,113,Others
313,1,91.14,1,1,1,111,Others
219,4,1131.45,1,4,4,144,At Risk
15,11,4101.68,5,5,5,555,Champions
36,2,872.51,4,2,3,423,Others
73,5,1647.74,2,4,4,244,At Risk
84,1,213.0,2,1,1,211,Others
100,3,275.4,2,3,2,232,At Risk
218,1,310.83,1,1,2,112,Others
8,3,913.9,5,3,3,533,Loyal Customers
23,2,154.5,4,2,1,421,Others
117,3,641.36,2,3,3,233,At Risk
63,2,568.92,3,2,3,323,Others
214,3,2244.7,1,3,5,135,At Risk
7,46,23616.422,5,5,5,555,Champions
29,4,1198.9,4,4,4,444,Champions
256,1,487.35,1,1,2,112,Others
275,6,429.44,1,4,2,142,At Risk
99,3,1103.64,2,3,4,234,At Risk
108,4,784.17,2,4,3,243,At Risk
372,1,228.3,1,1,1,111,Others
183,4,1028.66,1,4,4,144,At Risk
8,15,6055.47,5,5,5,555,Champions
42,6,2225.04,3,4,5,345,Loyal Customers
64,1,217.03,3,1,1,311,Others
85,1,572.77,2,1,3,213,Others
144,2,1766.22,2,2,4,224,Others
18,12,4526.06,4,5,5,455,Champions
113,3,423.93,2,3,2,232,At Risk
150,2,276.76,2,2,2,222,Others
42,6,2047.14,3,4,4,344,Loyal Customers
207,2,439.1,1,2,2,122,Others
137,4,658.32,2,4,3,243,At Risk
21,3,1132.6200000000001,4,3,4,434,Loyal Customers
12,2,637.44,5,2,3,523,Others
183,1,46.5,1,1,1,111,Others
24,2,702.9,4,2,3,423,Others
59,7,1295.25,3,5,4,354,Loyal Customers
67,1,424.26,3,1,2,312,Others
303,3,419.87,1,3,2,132,At Risk
84,6,1273.16,2,4,4,244,At Risk
10,2,619.08,5,2,3,523,Others
262,1,241.89999999999998,1,1,1,111,Others
66,11,3881.89,3,5,5,355,Loyal Customers
9,9,5655.2,5,5,5,555,Champions
10,7,2076.32,5,5,4,554,Champions
17,6,4191.8,4,4,5,445,Champions
108,1,139.8,2,1,1,211,Others
38,1,424.71,3,1,2,312,Others
277,1,219.87,1,1,1,111,Others
2,5,1847.5900000000001,5,4,4,544,Champions
324,2,148.22,1,2,1,121,Others
15,2,2312.7000000000003,5,2,5,525,Others
260,2,1160.41,1,2,4,124,Others
43,3,2715.0,3,3,5,335,Loyal Customers
46,4,1002.35,3,4,4,344,Loyal Customers
30,5,2422.96,4,4,5,445,Champions
82,2,931.12,2,2,3,223,Others
44,4,705.45,3,4,3,343,Loyal Customers
4,38,7670.54,5,5,5,555,Champions
289,1,82.4,1,1,1,111,Others
99,2,592.24,2,2,3,223,Others
210,6,2235.12,1,4,5,145,At Risk
79,2,419.75,2,2,2,222,Others
42,3,823.0,3,3,3,333,Loyal Customers
91,5,1364.5900000000001,2,4,4,244,At Risk
105,5,2215.78,2,4,5,245,At Risk
88,2,550.42,2,2,3,223,Others
52,2,627.82,3,2,3,323,Others
10,6,2026.28,5,4,4,544,Champions
263,1,151.45,1,1,1,111,Others
19,2,476.92,4,2,2,422,Others
12,10,2564.98,5,5,5,555,Champions
141,2,271.47,2,2,2,222,Others
3,11,6619.57,5,5,5,555,Champions
290,1,154.25,1,1,1,111,Others
8,18,3350.7400000000002,5,5,5,555,Champions
4,6,3329.39,5,4,5,545,Champions
4,5,972.2800000000001,5,4,3,543,Loyal Customers
366,1,327.38,1,1,2,112,Others
37,1,299.53,3,1,2,312,Others
122,2,1544.79,2,2,4,224,Others
51,2,488.5,3,2,2,322,Others
115,5,1642.39,2,4,4,244,At Risk
5,4,1180.68,5,4,4,544,Champions
278,1,176.07999999999998,1,1,1,111,Others
143,1,135.0,2,1,1,211,Others
11,7,2766.73,5,5,5,555,Champions
312,1,282.76,1,1,2,112,Others
23,3,462.18,4,3,2,432,Loyal Customers
77,2,619.49,2,2,3,223,Others
64,3,663.7,3,3,3,333,Loyal Customers
85,2,374.7,2,2,2,222,Others
53,1,295.85,3,1,2,312,Others
78,1,220.46,2,1,1,211,Others
7,6,3285.05,5,4,5,545,Champions
2,2,1136.64,5,2,4,524,Others
374,2,1182.0,1,2,4,124,Others
54,5,2298.93,3,4,5,345,Loyal Customers
270,1,402.98,1,1,2,112,Others
2,5,1254.72,5,4,4,544,Champions
15,10,1850.82,5,5,4,554,Champions
38,1,89.5,3,1,1,311,Others
61,2,717.85,3,2,3,323,Others
32,5,1822.28,4,4,4,444,Champions
56,4,938.02,3,4,3,343,Loyal Customers
103,3,632.39,2,3,3,233,At Risk
63,2,785.25,3,2,3,323,Others
12,17,3959.4900000000002,5,5,5,555,Champions
270,2,1439.61,1,2,4,124,Others
47,4,514.14,3,4,3,343,Loyal Customers
26,2,364.93,4,2,2,422,Others
18,2,465.15,4,2,2,422,Others
44,1,167.08,3,1,1,311,Others
107,1,223.28,2,1,1,211,Others
23,1,87.6,4,1,1,411,Others
19,1,342.55,4,1,2,412,Others
302,1,152.39999999999998,1,1,1,111,Others
64,10,3208.85,3,5,5,355,Loyal Customers
310,1,499.6,1,1,3,113,Others
16,7,1629.35,4,5,4,454,Champions
14,9,4792.96,5,5,5,555,Champions
65,2,200.82,3,2,1,321,Others
51,11,2448.2,3,5,5,355,Loyal Customers
148,2,990.0,2,2,4,224,Others
33,10,1661.54,4,5,4,454,Champions
37,5,3038.85,3,4,5,345,Loyal Customers
4,35,15310.35,5,5,5,555,Champions
47,1,174.57999999999998,3,1,1,311,Others
70,3,831.76,3,3,3,333,Loyal Customers
64,4,1079.29,3,4,4,344,Loyal Customers
3,3,497.74,5,3,2,532,Loyal Customers
18,14,2448.32,4,5,5,455,Champions
15,4,614.27,5,4,3,543,Loyal Customers
47,1,404.45,3,1,2,312,Others
9,11,4834.4,5,5,5,555,Champions
18,7,1801.68,4,5,4,454,Champions
45,1,147.66,3,1,1,311,Others
5,4,1072.0,5,4,4,544,Champions
42,1,107.75,3,1,1,311,Others
50,1,162.53,3,1,1,311,Others
25,2,241.68,4,2,1,421,Others
315,1,664.001,1,1,3,113,Others
134,2,243.3,2,2,1,221,Others
166,3,684.54,2,3,3,233,At Risk
177,1,127.28,1,1,1,111,Others
85,3,961.1,2,3,3,233,At Risk
85,4,741.09,2,4,3,243,At Risk
11,12,4354.12,5,5,5,555,Champions
71,4,976.81,3,4,3,343,Loyal Customers
23,9,3481.4100000000003,4,5,5,455,Champions
121,1,136.35000000000002,2,1,1,211,Others
152,3,784.48,2,3,3,233,At Risk
36,2,396.71,4,2,2,422,Others
131,4,601.92,2,4,3,243,At Risk
2,14,5013.96,5,5,5,555,Champions
270,1,298.9,1,1,2,112,Others
28,2,466.67,4,2,2,422,Others
17,3,596.28,4,3,3,433,Loyal Customers
294,1,717.62,1,1,3,113,Others
23,2,522.67,4,2,3,423,Others
38,1,400.3,3,1,2,312,Others
176,1,232.05,2,1,1,211,Others
229,1,167.35,1,1,1,111,Others
23,7,1021.38,4,5,4,454,Champions
10,7,2143.53,5,5,5,555,Champions
268,1,818.29,1,1,3,113,Others
88,5,1039.8500000000001,2,4,4,244,At Risk
29,2,747.28,4,2,3,423,Others
35,7,5854.84,4,5,5,455,Champions
204,2,283.85,1,2,2,122,Others
44,5,734.57,3,4,3,343,Loyal Customers
180,2,224.94,1,2,1,121,Others
164,1,112.34,2,1,1,211,Others
332,1,658.95,1,1,3,113,Others
16,5,1805.32,4,4,4,444,Champions
24,1,462.08,4,1,2,412,Others
232,1,301.26,1,1,2,112,Others
15,1,449.81,5,1,2,512,Others
124,2,607.43,2,2,3,223,Others
312,1,310.14,1,1,2,112,Others
49,8,5578.5,3,5,5,355,Loyal Customers
30,3,1526.88,4,3,4,434,Loyal Customers
10,11,3486.41,5,5,5,555,Champions
78,3,1928.13,2,3,4,234,At Risk
72,1,312.93,2,1,2,212,Others
247,1,405.0,1,1,2,112,Others
276,5,1016.47,1,4,4,144,At Risk
68,3,159.92,3,3,1,331,Loyal Customers
18,7,1637.33,4,5,4,454,Champions
35,2,326.25,4,2,2,422,Others
130,4,1393.56,2,4,4,244,At Risk
36,8,1764.02,4,5,4,454,Champions
2,5,1304.88,5,4,4,544,Champions
10,4,1451.66,5,4,4,544,Champions
17,1,132.65,4,1,1,411,Others
4,3,1475.77,5,3,4,534,Loyal Customers
123,1,152.2,2,1,1,211,Others
16,5,3600.67,4,4,5,445,Champions
10,4,1347.54,5,4,4,544,Champions
135,2,699.2,2,2,3,223,Others
19,4,3386.33,4,4,5,445,Champions
52,10,3321.68,3,5,5,355,Loyal Customers
36,1,306.64,4,1,2,412,Others
239,1,325.24,1,1,2,112,Others
21,8,1352.35,4,5,4,454,Champions
16,4,1858.04,4,4,4,444,Champions
22,3,1711.66,4,3,4,434,Loyal Customers
56,2,43.25,3,2,1,321,Others
19,14,6638.650000000001,4,5,5,455,Champions
43,1,195.0,3,1,1,311,Others
30,1,172.6,4,1,1,411,Others
366,1,233.53,1,1,1,111,Others
68,1,240.68,3,1,1,311,Others
175,2,243.9,2,2,1,221,Others
40,2,551.24,3,2,3,323,Others
129,3,281.26,2,3,2,232,At Risk
107,8,7700.55,2,5,5,255,At Risk
93,1,258.6,2,1,2,212,Others
26,3,529.75,4,3,3,433,Loyal Customers
16,2,337.04,4,2,2,422,Others
74,1,11880.84,2,1,5,215,Others
271,1,375.5,1,1,2,112,Others
80,1,349.5,2,1,2,212,Others
32,1,212.78,4,1,1,411,Others
44,2,1626.08,3,2,4,324,Others
10,9,2011.8200000000002,5,5,4,554,Champions
9,94,131443.19,5,5,5,555,Champions
213,1,266.6,1,1,2,112,Others
57,3,2020.4,3,3,4,334,Loyal Customers
232,2,451.73,1,2,2,122,Others
186,1,455.57,1,1,2,112,Others
53,3,348.34,3,3,2,332,Loyal Customers
82,1,161.0,2,1,1,211,Others
81,1,135.18,2,1,1,211,Others
51,1,326.06,3,1,2,312,Others
9,5,1323.47,5,4,4,544,Champions
262,1,300.38,1,1,2,112,Others
65,3,2559.45,3,3,5,335,Loyal Customers
82,5,1263.7,2,4,4,244,At Risk
59,2,329.04,3,2,2,322,Others
42,7,1540.2,3,5,4,354,Loyal Customers
246,1,537.58,1,1,3,113,Others
44,3,740.76,3,3,3,333,Loyal Customers
101,1,161.35,2,1,1,211,Others
8,13,7348.3,5,5,5,555,Champions
93,2,318.29,2,2,2,222,Others
29,6,1741.4,4,4,4,444,Champions
31,1,217.39999999999998,4,1,1,411,Others
56,7,3260.0,3,5,5,355,Loyal Customers
28,5,994.23,4,4,4,444,Champions
273,1,213.01,1,1,1,111,Others
247,6,740.6700000000001,1,4,3,143,At Risk
23,10,1839.03,4,5,4,454,Champions
71,3,724.73,3,3,3,333,Loyal Customers
46,2,487.03000000000003,3,2,2,322,Others
144,4,6695.6900000000005,2,4,5,245,At Risk
12,9,6879.2300000000005,5,5,5,555,Champions
61,5,2022.67,3,4,4,344,Loyal Customers
32,1,434.78000000000003,4,1,2,412,Others
163,1,75.3,2,1,1,211,Others
51,4,1232.02,3,4,4,344,Loyal Customers
182,1,477.32,1,1,2,112,Others
49,1,176.69,3,1,1,311,Others
9,2,169.8,5,2,1,521,Others
9,5,1320.1,5,4,4,544,Champions
16,6,1954.92,4,4,4,444,Champions
163,1,404.45000000000005,2,1,2,212,Others
234,3,1353.31,1,3,4,134,At Risk
73,1,164.45,2,1,1,211,Others
3,10,3999.2300000000005,5,5,5,555,Champions
310,1,195.55,1,1,1,111,Others
2,10,6226.43,5,5,5,555,Champions
40,3,1076.85,3,3,4,334,Loyal Customers
138,4,881.52,2,4,3,243,At Risk
229,4,2165.76,1,4,5,145,At Risk
53,2,3502.48,3,2,5,325,Others
205,3,1400.2,1,3,4,134,At Risk
289,1,352.821,1,1,2,112,Others
131,1,190.35,2,1,1,211,Others
5,39,18320.170000000002,5,5,5,555,Champions
362,2,875.97,1,2,3,123,Others
3,11,3003.9100000000003,5,5,5,555,Champions
58,4,785.37,3,4,3,343,Loyal Customers
169,5,3094.37,2,4,5,245,At Risk
36,5,1977.39,4,4,4,444,Champions
32,2,301.54,4,2,2,422,Others
226,1,1049.66,1,1,4,114,Others
64,2,623.98,3,2,3,323,Others
2,37,30501.260000000002,5,5,5,555,Champions
127,3,945.79,2,3,3,233,At Risk
151,1,161.13,2,1,1,211,Others
43,1,372.06,3,1,2,312,Others
228,2,650.99,1,2,3,123,Others
89,7,877.22,2,5,3,253,At Risk
123,4,1542.09,2,4,4,244,At Risk
70,3,447.44,3,3,2,332,Loyal Customers
64,4,542.49,3,4,3,343,Loyal Customers
3,6,3127.9900000000002,5,4,5,545,Champions
94,4,913.46,2,4,3,243,At Risk
141,1,3.75,2,1,1,211,Others
24,1,239.46,4,1,1,411,Others
58,1,188.4,3,1,1,311,Others
282,1,96.0,1,1,1,111,Others
182,1,126.03,1,1,1,111,Others
24,4,836.3,4,4,3,443,Loyal Customers
135,1,289.7,2,1,2,212,Others
72,3,1179.45,2,3,4,234,At Risk
8,54,38683.02,5,5,5,555,Champions
80,7,2114.71,2,5,4,254,At Risk
66,2,1121.24,3,2,4,324,Others
10,16,21659.69,5,5,5,555,Champions
67,2,1061.84,3,2,4,324,Others
71,2,572.73,3,2,3,323,Others
3,3,422.2,5,3,2,532,Loyal Customers
30,2,524.65,4,2,3,423,Others
163,4,1398.6100000000001,2,4,4,244,At Risk
163,1,678.2,2,1,3,213,Others
42,4,3448.38,3,4,5,345,Loyal Customers
65,1,61.28,3,1,1,311,Others
305,3,1502.0,1,3,4,134,At Risk
54,3,652.75,3,3,3,333,Loyal Customers
29,4,993.44,4,4,4,444,Champions
16,5,2445.79,4,4,5,445,Champions
15,7,1615.82,5,5,4,554,Champions
257,2,255.59,1,2,2,122,Others
57,1,102.0,3,1,1,311,Others
217,1,156.85000000000002,1,1,1,111,Others
5,13,4795.09,5,5,5,555,Champions
58,1,557.69,3,1,3,313,Others
40,1,316.56,3,1,2,312,Others
212,2,324.19,1,2,2,122,Others
155,3,260.7,2,3,2,232,At Risk
35,2,620.37,4,2,3,423,Others
5,7,1245.91,5,5,4,554,Champions
122,1,139.95000000000002,2,1,1,211,Others
52,1,651.4,3,1,3,313,Others
2,10,2244.29,5,5,5,555,Champions
17,1,319.75,4,1,2,412,Others
35,1,442.73,4,1,2,412,Others
355,1,310.72,1,1,2,112,Others
2,6,2080.0,5,4,4,544,Champions
33,3,1931.35,4,3,4,434,Loyal Customers
15,5,1955.0,5,4,4,544,Champions
246,1,187.35000000000002,1,1,1,111,Others
1,15,4144.44,5,5,5,555,Champions
136,4,1310.3400000000001,2,4,4,244,At Risk
99,8,753.53,2,5,3,253,At Risk
29,6,1001.01,4,4,4,444,Champions
165,1,314.7,2,1,2,212,Others
65,2,273.26,3,2,2,322,Others
25,1,346.73,4,1,2,412,Others
101,3,933.77,2,3,3,233,At Risk
22,1,662.4000000000001,4,1,3,413,Others
17,6,4913.22,4,4,5,445,Champions
23,7,2941.14,4,5,5,455,Champions
64,4,1482.6000000000001,3,4,4,344,Loyal Customers
163,3,919.57,2,3,3,233,At Risk
19,5,649.32,4,4,3,443,Loyal Customers
140,6,1508.7,2,4,4,244,At Risk
23,9,3027.58,4,5,5,455,Champions
106,2,332.44,2,2,2,222,Others
183,3,1145.33,1,3,4,134,At Risk
281,1,395.5,1,1,2,112,Others
3,5,1171.89,5,4,4,544,Champions
11,23,28019.58,5,5,5,555,Champions
39,10,3885.54,3,5,5,355,Loyal Customers
12,5,1037.43,5,4,4,544,Champions
40,5,1405.92,3,4,4,344,Loyal Customers
18,5,1574.3300000000002,4,4,4,444,Champions
10,4,1043.57,5,4,4,544,Champions
14,3,859.21,5,3,3,533,Loyal Customers
113,2,634.68,2,2,3,223,Others
151,2,1415.45,2,2,4,224,Others
261,1,388.55,1,1,2,112,Others
74,2,849.5600000000001,2,2,3,223,Others
47,1,530.47,3,1,3,313,Others
25,3,869.64,4,3,3,433,Loyal Customers
10,10,2809.14,5,5,5,555,Champions
268,5,34095.26,1,4,5,145,At Risk
36,1,165.45000000000002,4,1,1,411,Others
368,1,312.65,1,1,2,112,Others
45,1,42.0,3,1,1,311,Others
327,1,136.8,1,1,1,111,Others
59,2,282.85,3,2,2,322,Others
15,11,1654.08,5,5,4,554,Champions
59,1,124.95,3,1,1,311,Others
142,1,42.22,2,1,1,211,Others
30,1,70.80000000000001,4,1,1,411,Others
99,4,1275.81,2,4,4,244,At Risk
60,2,975.87,3,2,3,323,Others
67,4,1774.68,3,4,4,344,Loyal Customers
38,4,730.7,3,4,3,343,Loyal Customers
73,2,692.95,2,2,3,223,Others
73,1,359.27,2,1,2,212,Others
52,9,2651.45,3,5,5,355,Loyal Customers
28,9,4019.85,4,5,5,455,Champions
232,3,6116.92,1,3,5,135,At Risk
18,2,563.08,4,2,3,423,Others
38,1,721.28,3,1,3,313,Others
67,4,992.41,3,4,4,344,Loyal Customers
8,11,6009.34,5,5,5,555,Champions
170,1,320.0,2,1,2,212,Others
213,1,246.54000000000002,1,1,1,111,Others
289,1,200.43,1,1,1,111,Others
30,2,854.1500000000001,4,2,3,423,Others
12,3,1314.66,5,3,4,534,Loyal Customers
47,3,446.76,3,3,2,332,Loyal Customers
16,12,9572.45,4,5,5,455,Champions
45,5,3125.0,3,4,5,345,Loyal Customers
11,1,221.10999999999999,5,1,1,511,Others
53,3,458.25,3,3,2,332,Loyal Customers
15,8,4709.2300000000005,5,5,5,555,Champions
35,3,470.73,4,3,2,432,Loyal Customers
28,1,538.4,4,1,3,413,Others
71,1,193.25,3,1,1,311,Others
3,14,2347.33,5,5,5,555,Champions
23,2,438.9,4,2,2,422,Others
112,3,996.61,2,3,4,234,At Risk
71,1,384.26,3,1,2,312,Others
32,1,85.6,4,1,1,411,Others
59,1,123.66,3,1,1,311,Others
1,18,4266.88,5,5,5,555,Champions
22,2,846.55,4,2,3,423,Others
59,6,1909.31,3,4,4,344,Loyal Customers
218,1,264.13,1,1,2,112,Others
29,6,2795.16,4,4,5,445,Champions
142,3,834.38,2,3,3,233,At Risk
47,1,519.8100000000001,3,1,3,313,Others
29,6,2510.06,4,4,5,445,Champions
75,4,568.68,2,4,3,243,At Risk
51,1,331.14,3,1,2,312,Others
1,6,2511.08,5,4,5,545,Champions
2,10,4479.82,5,5,5,555,Champions
2,8,1128.09,5,5,4,554,Champions
10,7,2960.73,5,5,5,555,Champions
15,2,682.54,5,2,3,523,Others
19,2,609.84,4,2,3,423,Others
100,3,759.98,2,3,3,233,At Risk
16,2,142.7,4,2,1,421,Others
15,10,3309.35,5,5,5,555,Champions
15,9,2508.32,5,5,5,555,Champions
22,2,895.76,4,2,3,423,Others
155,3,376.46,2,3,2,232,At Risk
82,3,566.7,2,3,3,233,At Risk
10,17,5600.45,5,5,5,555,Champions
50,4,1410.68,3,4,4,344,Loyal Customers
9,7,2487.01,5,5,5,555,Champions
368,1,209.41,1,1,1,111,Others
29,4,1675.81,4,4,4,444,Champions
164,4,1234.48,2,4,4,244,At Risk
148,1,79.48,2,1,1,211,Others
68,1,509.04,3,1,3,313,Others
98,1,404.29999999999995,2,1,2,212,Others
201,2,445.15,1,2,2,122,Others
116,2,457.82,2,2,2,222,Others
16,2,611.55,4,2,3,423,Others
12,2,1443.03,5,2,4,524,Others
32,7,7062.2,4,5,5,455,Champions
207,1,229.75,1,1,1,111,Others
281,1,367.15,1,1,2,112,Others
112,2,606.21,2,2,3,223,Others
10,4,1084.68,5,4,4,544,Champions
122,1,352.15000000000003,2,1,2,212,Others
26,1,318.04,4,1,2,412,Others
100,8,4057.9,2,5,5,255,At Risk
106,2,713.11,2,2,3,223,Others
186,3,10396.5,1,3,5,135,At Risk
2,14,5839.46,5,5,5,555,Champions
1,27,23632.72,5,5,5,555,Champions
2,6,1874.68,5,4,4,544,Champions
191,1,109.44,1,1,1,111,Others
42,4,1366.73,3,4,4,344,Loyal Customers
114,4,689.75,2,4,3,243,At Risk
33,2,1509.5,4,2,4,424,Others
211,1,115.08000000000001,1,1,1,111,Others
22,23,8963.49,4,5,5,455,Champions
361,1,431.98,1,1,2,112,Others
127,2,302.59999999999997,2,2,2,222,Others
54,6,2431.28,3,4,5,345,Loyal Customers
9,13,9653.28,5,5,5,555,Champions
8,10,2946.42,5,5,5,555,Champions
18,2,338.76,4,2,2,422,Others
23,9,7444.68,4,5,5,455,Champions
2,15,6784.01,5,5,5,555,Champions
26,1,241.3,4,1,1,411,Others
33,2,312.05,4,2,2,422,Others
213,2,795.3199999999999,1,2,3,123,Others
17,5,2135.0,4,4,4,444,Champions
98,2,469.19,2,2,2,222,Others
2,13,3378.66,5,5,5,555,Champions
143,3,917.4300000000001,2,3,3,233,At Risk
10,12,15120.800000000001,5,5,5,555,Champions
74,9,22710.2,2,5,5,255,At Risk
66,10,1925.9,3,5,4,354,Loyal Customers
25,3,891.02,4,3,3,433,Loyal Customers
239,3,1250.8700000000001,1,3,4,134,At Risk
150,2,225.81,2,2,1,221,Others
320,1,321.6,1,1,2,112,Others
302,1,390.85,1,1,2,112,Others
259,1,219.4,1,1,1,111,Others
39,3,792.61,3,3,3,333,Loyal Customers
31,1,115.66,4,1,1,411,Others
9,4,640.34,5,4,3,543,Loyal Customers
318,1,243.63,1,1,1,111,Others
49,4,1070.08,3,4,4,344,Loyal Customers
5,9,4369.47,5,5,5,555,Champions
28,1,231.10999999999999,4,1,1,411,Others
7,3,373.3,5,3,2,532,Loyal Customers
148,1,150.5,2,1,1,211,Others
4,16,5607.43,5,5,5,555,Champions
98,1,39.95,2,1,1,211,Others
40,2,638.0,3,2,3,323,Others
42,3,13544.99,3,3,5,335,Loyal Customers
290,2,9530.08,1,2,5,125,Others
10,10,3152.54,5,5,5,555,Champions
75,1,311.77,2,1,2,212,Others
358,1,2.95,1,1,1,111,Others
117,2,422.86,2,2,2,222,Others
11,9,2646.7400000000002,5,5,5,555,Champions
24,7,3985.14,4,5,5,455,Champions
25,3,527.3199999999999,4,3,3,433,Loyal Customers
44,4,4722.6,3,4,5,345,Loyal Customers
373,1,214.8,1,1,1,111,Others
84,4,2174.07,2,4,5,245,At Risk
367,2,447.05,1,2,2,122,Others
71,21,7304.8,3,5,5,355,Loyal Customers
87,6,2919.44,2,4,5,245,At Risk
11,12,5252.1900000000005,5,5,5,555,Champions
31,5,977.5600000000001,4,4,3,443,Loyal Customers
137,2,622.67,2,2,3,223,Others
64,1,458.45,3,1,2,312,Others
11,2,183.37,5,2,1,521,Others
42,3,362.42,3,3,2,332,Loyal Customers
369,1,436.18,1,1,2,112,Others
80,1,466.33000000000004,2,1,2,212,Others
16,3,1190.3700000000001,4,3,4,434,Loyal Customers
187,1,286.71,1,1,2,112,Others
35,4,1467.48,4,4,4,444,Champions
11,3,1377.86,5,3,4,534,Loyal Customers
284,1,168.22,1,1,1,111,Others
369,1,305.5,1,1,2,112,Others
18,15,11123.35,4,5,5,455,Champions
3,11,4953.61,5,5,5,555,Champions
36,5,1570.81,4,4,4,444,Champions
331,1,332.7,1,1,2,112,Others
126,3,670.98,2,3,3,233,At Risk
9,2,671.34,5,2,3,523,Others
122,1,30.6,2,1,1,211,Others
95,3,3857.85,2,3,5,235,At Risk
19,7,5259.3,4,5,5,455,Champions
24,7,2106.8,4,5,4,454,Champions
50,1,309.09000000000003,3,1,2,312,Others
309,2,679.45,1,2,3,123,Others
23,5,1376.05,4,4,4,444,Champions
119,1,233.39999999999998,2,1,1,211,Others
17,6,5115.08,4,4,5,445,Champions
7,102,196549.74,5,5,5,555,Champions
25,3,553.8000000000001,4,3,3,433,Loyal Customers
15,9,3230.45,5,5,5,555,Champions
246,7,8421.47,1,5,5,155,At Risk
5,5,2182.46,5,4,5,545,Champions
98,1,148.71,2,1,1,211,Others
141,2,251.15,2,2,2,222,Others
100,4,711.7,2,4,3,243,At Risk
56,2,370.45,3,2,2,322,Others
66,2,621.51,3,2,3,323,Others
11,3,570.18,5,3,3,533,Loyal Customers
366,1,135.0,1,1,1,111,Others
241,3,369.02,1,3,2,132,At Risk
277,2,135.16,1,2,1,121,Others
54,5,4456.58,3,4,5,345,Loyal Customers
3,2,339.11,5,2,2,522,Others
17,9,1660.23,4,5,4,454,Champions
8,9,1570.73,5,5,4,554,Champions
46,2,308.35,3,2,2,322,Others
79,4,678.77,2,4,3,243,At Risk
47,2,278.34000000000003,3,2,2,322,Others
63,5,1550.63,3,4,4,344,Loyal Customers
109,1,123.5,2,1,1,211,Others
4,2,1160.31,5,2,4,524,Others
302,1,79.9,1,1,1,111,Others
30,2,132.9,4,2,1,421,Others
24,1,293.74,4,1,2,412,Others
32,1,356.8,4,1,2,412,Others
28,15,7321.070000000001,4,5,5,455,Champions
75,4,1603.6,2,4,4,244,At Risk
46,1,390.05,3,1,2,312,Others
36,5,868.33,4,4,3,443,Loyal Customers
59,3,906.3,3,3,3,333,Loyal Customers
253,1,379.2,1,1,2,112,Others
45,3,446.1,3,3,2,332,Loyal Customers
17,3,847.76,4,3,3,433,Loyal Customers
33,1,339.34,4,1,2,412,Others
58,3,874.22,3,3,3,333,Loyal Customers
30,7,1947.5,4,5,4,454,Champions
24,2,856.85,4,2,3,423,Others
323,1,157.8,1,1,1,111,Others
187,1,415.31,1,1,2,112,Others
21,9,2919.84,4,5,5,455,Champions
7,11,3955.6800000000003,5,5,5,555,Champions
47,9,2161.19,3,5,5,355,Loyal Customers
81,1,1119.66,2,1,4,214,Others
40,1,1192.2,3,1,4,314,Others
4,4,1626.6100000000001,5,4,4,544,Champions
50,1,310.74,3,1,2,312,Others
2,7,1411.91,5,5,4,554,Champions
45,2,543.89,3,2,3,323,Others
203,2,882.5999999999999,1,2,3,123,Others
85,8,3084.69,2,5,5,255,At Risk
26,5,831.98,4,4,3,443,Loyal Customers
70,4,2031.07,3,4,4,344,Loyal Customers
77,1,770.34,2,1,3,213,Others
50,5,3017.75,3,4,5,345,Loyal Customers
73,3,745.5,2,3,3,233,At Risk
39,4,1046.84,3,4,4,344,Loyal Customers
71,3,979.8000000000001,3,3,3,333,Loyal Customers
86,1,309.91,2,1,2,212,Others
101,3,1441.55,2,3,4,234,At Risk
134,4,1573.13,2,4,4,244,At Risk
8,4,1253.78,5,4,4,544,Champions
9,2,471.14,5,2,2,522,Others
298,2,287.38,1,2,2,122,Others
67,10,1882.3200000000002,3,5,4,354,Loyal Customers
59,1,357.15000000000003,3,1,2,312,Others
332,1,120.0,1,1,1,111,Others
1,8,4842.28,5,5,5,555,Champions
296,1,366.41999999999996,1,1,2,112,Others
40,4,616.79,3,4,3,343,Loyal Customers
95,2,730.37,2,2,3,223,Others
46,12,5400.461,3,5,5,355,Loyal Customers
17,1,350.99,4,1,2,412,Others
129,2,363.40000000000003,2,2,2,222,Others
68,1,601.03,3,1,3,313,Others
182,1,1000.63,1,1,4,114,Others
127,3,1491.73,2,3,4,234,At Risk
16,4,2854.73,4,4,5,445,Champions
31,16,19381.36,4,5,5,455,Champions
107,3,824.28,2,3,3,233,At Risk
59,1,322.93,3,1,2,312,Others
15,4,1183.39,5,4,4,544,Champions
100,2,843.1700000000001,2,2,3,223,Others
64,1,40.56,3,1,1,311,Others
106,1,354.85,2,1,2,212,Others
75,1,295.73,2,1,2,212,Others
45,1,101.86,3,1,1,311,Others
198,2,482.85,1,2,2,122,Others
322,1,256.6,1,1,2,112,Others
31,6,1189.3799999999999,4,4,4,444,Champions
43,4,982.9399999999999,3,4,3,343,Loyal Customers
47,6,13009.61,3,4,5,345,Loyal Customers
45,1,205.83,3,1,1,311,Others
156,2,191.86,2,2,1,221,Others
44,1,245.15,3,1,1,311,Others
3,11,4120.32,5,5,5,555,Champions
99,4,628.44,2,4,3,243,At Risk
289,1,704.4,1,1,3,113,Others
149,4,1374.41,2,4,4,244,At Risk
40,4,3851.01,3,4,5,345,Loyal Customers
49,3,2201.91,3,3,5,335,Loyal Customers
16,12,4020.85,4,5,5,455,Champions
46,7,4354.32,3,5,5,355,Loyal Customers
4,6,2221.37,5,4,5,545,Champions
43,1,375.34000000000003,3,1,2,312,Others
74,4,2196.71,2,4,5,245,At Risk
57,2,456.4,3,2,2,322,Others
11,38,39667.19,5,5,5,555,Champions
1,19,10533.87,5,5,5,555,Champions
52,3,1352.04,3,3,4,334,Loyal Customers
66,3,742.9000000000001,3,3,3,333,Loyal Customers
43,2,277.94,3,2,2,322,Others
15,2,1341.56,5,2,4,524,Others
14,4,1058.0800000000002,5,4,4,544,Champions
9,5,2075.31,5,4,4,544,Champions
185,2,1147.02,1,2,4,124,Others
49,2,1428.28,3,2,4,324,Others
68,1,492.1,3,1,2,312,Others
203,1,206.19,1,1,1,111,Others
14,5,1478.7,5,4,4,544,Champions
66,1,109.8,3,1,1,311,Others
200,2,716.69,1,2,3,123,Others
58,5,1370.34,3,4,4,344,Loyal Customers
96,1,158.02,2,1,1,211,Others
60,1,494.85,3,1,2,312,Others
182,3,868.96,1,3,3,133,At Risk
67,2,687.3100000000001,3,2,3,323,Others
65,4,474.1,3,4,2,342,Loyal Customers
45,2,701.61,3,2,3,323,Others
205,1,245.48000000000002,1,1,1,111,Others
99,2,757.13,2,2,3,223,Others
18,5,1583.28,4,4,4,444,Champions
74,1,445.05,2,1,2,212,Others
11,8,4912.38,5,5,5,555,Champions
259,1,200.63,1,1,1,111,Others
17,2,1077.2,4,2,4,424,Others
61,4,1766.27,3,4,4,344,Loyal Customers
172,1,339.88,2,1,2,212,Others
64,1,310.75,3,1,2,312,Others
56,10,2285.04,3,5,5,355,Loyal Customers
68,2,249.88,3,2,1,321,Others
57,4,1079.66,3,4,4,344,Loyal Customers
3,14,2443.77,5,5,5,555,Champions
61,3,1294.17,3,3,4,334,Loyal Customers
372,1,82.60000000000001,1,1,1,111,Others
16,2,689.1,4,2,3,423,Others
46,2,285.9,3,2,2,322,Others
1,3,840.0500000000001,5,3,3,533,Loyal Customers
25,2,400.06,4,2,2,422,Others
214,1,214.71,1,1,1,111,Others
38,2,227.47000000000003,3,2,1,321,Others
30,2,634.68,4,2,3,423,Others
161,1,136.0,2,1,1,211,Others
278,2,469.13,1,2,2,122,Others
86,6,1175.78,2,4,4,244,At Risk
79,2,860.08,2,2,3,223,Others
177,1,108.0,1,1,1,111,Others
86,2,871.26,2,2,3,223,Others
319,1,215.46,1,1,1,111,Others
257,1,131.25,1,1,1,111,Others
29,2,917.0600000000001,4,2,3,423,Others
318,1,48.96,1,1,1,111,Others
87,1,423.26,2,1,2,212,Others
26,1,578.14,4,1,3,413,Others
136,1,58.5,2,1,1,211,Others
8,9,3488.16,5,5,5,555,Champions
60,3,854.55,3,3,3,333,Loyal Customers
8,5,1731.16,5,4,4,544,Champions
212,1,135.6,1,1,1,111,Others
68,1,266.4,3,1,2,312,Others
200,1,93.8,1,1,1,111,Others
8,12,4630.7,5,5,5,555,Champions
7,6,1591.74,5,4,4,544,Champions
37,2,707.79,3,2,3,323,Others
30,8,2108.21,4,5,4,454,Champions
44,2,1157.77,3,2,4,324,Others
60,9,2744.42,3,5,5,355,Loyal Customers
288,1,285.6,1,1,2,112,Others
225,2,404.7,1,2,2,122,Others
5,8,1404.04,5,5,4,554,Champions
22,1,195.0,4,1,1,411,Others
107,4,1503.24,2,4,4,244,At Risk
4,5,1696.64,5,4,4,544,Champions
12,2,1531.63,5,2,4,524,Others
60,1,656.16,3,1,3,313,Others
46,3,643.47,3,3,3,333,Loyal Customers
10,1,902.35,5,1,3,513,Others
15,10,6124.52,5,5,5,555,Champions
23,1,524.65,4,1,3,413,Others
18,1,202.85,4,1,1,411,Others
32,3,1251.65,4,3,4,434,Loyal Customers
148,4,1656.26,2,4,4,244,At Risk
10,13,6007.88,5,5,5,555,Champions
73,2,651.4100000000001,2,2,3,223,Others
70,3,661.39,3,3,3,333,Loyal Customers
39,7,7246.27,3,5,5,355,Loyal Customers
130,2,900.1800000000001,2,2,3,223,Others
39,1,516.28,3,1,3,313,Others
147,3,1220.9,2,3,4,234,At Risk
15,3,2143.84,5,3,5,535,Loyal Customers
101,1,280.7,2,1,2,212,Others
137,1,90.42,2,1,1,211,Others
189,1,182.64,1,1,1,111,Others
1,5,873.34,5,4,3,543,Loyal Customers
79,4,6781.8,2,4,5,245,At Risk
1,9,4281.05,5,5,5,555,Champions
10,7,2898.8,5,5,5,555,Champions
50,5,3777.2,3,4,5,345,Loyal Customers
4,2,966.27,5,2,3,523,Others
92,1,120.44,2,1,1,211,Others
91,1,221.65,2,1,1,211,Others
22,1,189.93,4,1,1,411,Others
36,1,548.5,4,1,3,413,Others
8,5,1555.4,5,4,4,544,Champions
15,4,645.19,5,4,3,543,Loyal Customers
25,10,2614.78,4,5,5,455,Champions
31,2,399.9,4,2,2,422,Others
12,5,977.3000000000001,5,4,3,543,Loyal Customers
68,4,617.72,3,4,3,343,Loyal Customers
16,1,228.07,4,1,1,411,Others
287,1,3537.821,1,1,5,115,Others
32,6,659.16,4,4,3,443,Loyal Customers
18,10,4573.85,4,5,5,455,Champions
68,1,262.24,3,1,2,312,Others
135,1,256.95,2,1,2,212,Others
204,2,111.0,1,2,1,121,Others
64,8,2887.41,3,5,5,355,Loyal Customers
8,7,2374.5,5,5,5,555,Champions
25,8,1606.98,4,5,4,454,Champions
369,1,204.24,1,1,1,111,Others
52,4,2093.46,3,4,4,344,Loyal Customers
66,1,250.85,3,1,2,312,Others
227,2,400.95,1,2,2,122,Others
325,1,266.05,1,1,2,112,Others
215,1,711.23,1,1,3,113,Others
44,1,225.3,3,1,1,311,Others
72,3,660.0,2,3,3,233,At Risk
18,4,1276.66,4,4,4,444,Champions
1,3,982.86,5,3,3,533,Loyal Customers
38,3,1020.47,3,3,4,334,Loyal Customers
43,3,1648.18,3,3,4,334,Loyal Customers
15,6,2283.91,5,4,5,545,Champions
372,1,120.0,1,1,1,111,Others
37,3,749.0600000000001,3,3,3,333,Loyal Customers
147,2,175.5,2,2,1,221,Others
4,2,225.89000000000001,5,2,1,521,Others
73,3,1111.55,2,3,4,234,At Risk
42,2,1273.47,3,2,4,324,Others
8,1,127.2,5,1,1,511,Others
66,7,1921.91,3,5,4,354,Loyal Customers
26,5,2704.62,4,4,5,445,Champions
37,2,261.9,3,2,2,322,Others
295,1,51.0,1,1,1,111,Others
9,6,2129.42,5,4,4,544,Champions
309,1,221.69,1,1,1,111,Others
37,5,1943.51,3,4,4,344,Loyal Customers
10,4,1293.3500000000001,5,4,4,544,Champions
40,11,6019.65,3,5,5,355,Loyal Customers
5,3,1256.6000000000001,5,3,4,534,Loyal Customers
14,5,1848.8600000000001,5,4,4,544,Champions
12,3,554.87,5,3,3,533,Loyal Customers
170,1,110.95,2,1,1,211,Others
11,3,979.85,5,3,3,533,Loyal Customers
19,5,940.69,4,4,3,443,Loyal Customers
72,3,332.42,2,3,2,232,At Risk
72,6,3389.84,2,4,5,245,At Risk
23,6,1647.17,4,4,4,444,Champions
152,1,151.17,2,1,1,211,Others
319,2,203.14,1,2,1,121,Others
127,1,199.45000000000002,2,1,1,211,Others
231,4,773.88,1,4,3,143,At Risk
45,4,1066.03,3,4,4,344,Loyal Customers
64,8,3810.64,3,5,5,355,Loyal Customers
25,1,258.65,4,1,2,412,Others
1,69,19257.08,5,5,5,555,Champions
32,10,3226.76,4,5,5,455,Champions
115,1,376.34,2,1,2,212,Others
47,7,2912.93,3,5,5,355,Loyal Customers
43,4,1516.65,3,4,4,344,Loyal Customers
33,8,1790.3600000000001,4,5,4,454,Champions
31,6,3118.39,4,4,5,445,Champions
259,1,285.84,1,1,2,112,Others
166,3,982.59,2,3,3,233,At Risk
15,8,2756.98,5,5,5,555,Champions
52,6,1038.03,3,4,4,344,Loyal Customers
16,23,10988.14,4,5,5,455,Champions
106,1,934.23,2,1,3,213,Others
310,1,349.25,1,1,2,112,Others
12,6,2610.91,5,4,5,545,Champions
120,7,1888.49,2,5,4,254,At Risk
56,3,624.36,3,3,3,333,Loyal Customers
24,2,587.69,4,2,3,423,Others
47,5,691.86,3,4,3,343,Loyal Customers
16,2,343.71,4,2,2,422,Others
47,4,959.3299999999999,3,4,3,343,Loyal Customers
17,4,1991.49,4,4,4,444,Champions
232,3,815.69,1,3,3,133,At Risk
290,3,655.5,1,3,3,133,At Risk
26,1,75.6,4,1,1,411,Others
15,22,3876.2599999999998,5,5,5,555,Champions
26,8,1631.38,4,5,4,454,Champions
145,2,640.54,2,2,3,223,Others
70,2,2605.62,3,2,5,325,Others
109,1,760.1,2,1,3,213,Others
53,3,2660.0,3,3,5,335,Loyal Customers
71,1,919.7,3,1,3,313,Others
88,3,369.94,2,3,2,232,At Risk
79,1,395.69,2,1,2,212,Others
61,1,160.0,3,1,1,311,Others
53,4,2722.34,3,4,5,345,Loyal Customers
8,5,925.3,5,4,3,543,Loyal Customers
368,1,143.70000000000002,1,1,1,111,Others
124,1,420.22,2,1,2,212,Others
8,1,35.400000000000006,5,1,1,511,Others
30,3,504.44,4,3,3,433,Loyal Customers
68,1,105.56,3,1,1,311,Others
154,1,14.85,2,1,1,211,Others
180,1,271.05,1,1,2,112,Others
19,3,673.33,4,3,3,433,Loyal Customers
57,4,705.1,3,4,3,343,Loyal Customers
18,4,986.22,4,4,4,444,Champions
214,1,135.39,1,1,1,111,Others
7,1,39.75,5,1,1,511,Others
60,20,2993.37,3,5,5,355,Loyal Customers
33,9,3048.38,4,5,5,455,Champions
9,1,255.0,5,1,2,512,Others
89,2,423.85,2,2,2,222,Others
262,1,222.22,1,1,1,111,Others
15,4,1318.39,5,4,4,544,Champions
205,1,162.07,1,1,1,111,Others
26,2,457.89,4,2,2,422,Others
29,1,471.84,4,1,2,412,Others
292,1,205.35999999999999,1,1,1,111,Others
269,1,143.85999999999999,1,1,1,111,Others
10,4,921.5600000000001,5,4,3,543,Loyal Customers
2,102,18482.1,5,5,5,555,Champions
103,8,7553.63,2,5,5,255,At Risk
15,7,1567.79,5,5,4,554,Champions
26,6,884.64,4,4,3,443,Loyal Customers
31,2,24.35,4,2,1,421,Others
79,2,604.33,2,2,3,223,Others
51,1,877.7,3,1,3,313,Others
316,1,76.32000000000001,1,1,1,111,Others
22,1,295.13,4,1,2,412,Others
30,5,951.76,4,4,3,443,Loyal Customers
21,2,121.7,4,2,1,421,Others
38,2,190.47,3,2,1,321,Others
12,4,788.88,5,4,3,543,Loyal Customers
177,1,896.8,1,1,3,113,Others
147,4,1212.21,2,4,4,244,At Risk
16,5,1130.28,4,4,4,444,Champions
51,4,588.22,3,4,3,343,Loyal Customers
10,9,3598.25,5,5,5,555,Champions
31,7,2619.65,4,5,5,455,Champions
15,1,462.75,5,1,2,512,Others
78,3,1326.04,2,3,4,234,At Risk
120,1,338.65,2,1,2,212,Others
22,3,1018.71,4,3,4,434,Loyal Customers
73,4,2124.46,2,4,4,244,At Risk
89,1,215.22,2,1,1,211,Others
313,1,106.68,1,1,1,111,Others
44,3,1994.47,3,3,4,334,Loyal Customers
45,4,1541.98,3,4,4,344,Loyal Customers
253,3,986.08,1,3,3,133,At Risk
50,5,1416.96,3,4,4,344,Loyal Customers
270,1,279.8,1,1,2,112,Others
10,78,248396.5,5,5,5,555,Champions
159,1,270.0,2,1,2,212,Others
52,15,4466.65,3,5,5,355,Loyal Customers
18,5,2248.6,4,4,5,445,Champions
224,1,62.5,1,1,1,111,Others
30,7,1371.77,4,5,4,454,Champions
149,5,1666.41,2,4,4,244,At Risk
374,1,246.86,1,1,1,111,Others
24,3,1946.28,4,3,4,434,Loyal Customers
51,3,498.95,3,3,2,332,Loyal Customers
65,2,601.97,3,2,3,323,Others
63,3,635.06,3,3,3,333,Loyal Customers
66,2,490.6,3,2,2,322,Others
63,2,913.95,3,2,3,323,Others
1,31,12418.01,5,5,5,555,Champions
81,1,111.63,2,1,1,211,Others
269,4,1957.54,1,4,4,144,At Risk
368,1,190.47,1,1,1,111,Others
185,2,1127.45,1,2,4,124,Others
151,2,347.59,2,2,2,222,Others
3,3,1674.41,5,3,4,534,Loyal Customers
145,1,173.66,2,1,1,211,Others
24,1,419.21999999999997,4,1,2,412,Others
30,6,5808.55,4,4,5,445,Champions
228,1,184.91,1,1,1,111,Others
215,1,403.39,1,1,2,112,Others
17,3,1289.44,4,3,4,434,Loyal Customers
7,43,28615.27,5,5,5,555,Champions
23,3,376.20000000000005,4,3,2,432,Loyal Customers
64,4,1462.81,3,4,4,344,Loyal Customers
224,1,146.56,1,1,1,111,Others
26,1,228.52,4,1,1,411,Others
212,8,4536.64,1,5,5,155,At Risk
50,5,852.53,3,4,3,343,Loyal Customers
36,2,773.6800000000001,4,2,3,423,Others
9,8,2056.3,5,5,4,554,Champions
28,2,422.63,4,2,2,422,Others
16,8,1123.59,4,5,4,454,Champions
61,6,992.46,3,4,4,344,Loyal Customers
253,1,244.31,1,1,1,111,Others
155,3,1534.22,2,3,4,234,At Risk
9,2,688.95,5,3,3,533,Loyal Customers
71,3,593.47,3,3,3,333,Loyal Customers
51,2,880.96,3,3,3,333,Loyal Customers
78,6,1961.02,2,4,4,244,At Risk
1,13,3427.44,5,5,5,555,Champions
60,2,258.96,3,3,2,332,Loyal Customers
254,1,367.54,1,1,2,112,Others
71,2,139.2,3,3,1,331,Loyal Customers
4,3,1085.91,5,3,4,534,Loyal Customers
15,12,3965.29,5,5,5,555,Champions
15,9,1300.31,5,5,4,554,Champions
54,1,411.0,3,1,2,312,Others
1,11,2752.51,5,5,5,555,Champions
43,3,746.05,3,3,3,333,Loyal Customers
78,4,958.0699999999999,2,4,3,243,At Risk
80,1,235.77,2,1,1,211,Others
369,1,81.3,1,1,1,111,Others
46,1,226.42,3,1,1,311,Others
15,1,109.07,5,1,1,511,Others
113,2,309.1,2,3,2,232,At Risk
7,7,927.89,5,5,3,553,Loyal Customers
226,1,341.9,1,1,2,112,Others
30,3,597.16,4,3,3,433,Loyal Customers
290,1,116.5,1,1,1,111,Others
182,2,195.15,1,3,1,131,At Risk
49,1,190.58,3,1,1,311,Others
9,3,586.24,5,3,3,533,Loyal Customers
28,11,2814.58,4,5,5,455,Champions
3,4,6579.26,5,4,5,545,Champions
61,4,1056.42,3,4,4,344,Loyal Customers
24,24,6174.47,4,5,5,455,Champions
121,2,374.05,2,3,2,232,At Risk
36,1,2389.62,4,1,5,415,Others
196,2,507.45,1,3,3,133,At Risk
3,19,8385.22,5,5,5,555,Champions
45,8,2712.85,3,5,5,355,Loyal Customers
8,2,497.25,5,3,2,532,Loyal Customers
71,1,579.85,3,1,3,313,Others
228,1,50.480000000000004,1,1,1,111,Others
2,8,2785.1,5,5,5,555,Champions
137,7,1331.15,2,5,4,254,At Risk
42,4,593.5,3,4,3,343,Loyal Customers
4,7,1736.57,5,5,4,554,Champions
115,1,310.15,2,1,2,212,Others
372,1,112.03,1,1,1,111,Others
320,2,126.45,1,3,1,131,At Risk
96,1,306.36,2,1,2,212,Others
61,4,909.88,3,4,3,343,Loyal Customers
17,14,4962.27,4,5,5,455,Champions
18,2,1914.8,4,3,4,434,Loyal Customers
32,3,1380.91,4,3,4,434,Loyal Customers
80,1,192.02,2,1,1,211,Others
262,1,117.05,1,1,1,111,Others
2,6,4082.76,5,4,5,545,Champions
110,1,382.81,2,1,2,212,Others
26,9,5097.13,4,5,5,455,Champions
103,6,2761.2200000000003,2,4,5,245,At Risk
257,2,594.62,1,3,3,133,At Risk
228,1,140.55,1,1,1,111,Others
164,1,241.45000000000002,2,1,1,211,Others
8,1,406.56,5,1,2,512,Others
23,4,1170.0,4,4,4,444,Champions
39,1,307.56,3,1,2,312,Others
295,1,307.3,1,1,2,112,Others
25,1,159.94,4,1,1,411,Others
186,1,90.96,1,1,1,111,Others
107,1,110.65,2,1,1,211,Others
232,1,476.88,1,1,2,112,Others
10,6,1781.56,5,4,4,544,Champions
242,1,303.63,1,1,2,112,Others
171,1,396.91,2,1,2,212,Others
38,3,633.99,3,3,3,333,Loyal Customers
2,11,2865.05,5,5,5,555,Champions
143,1,300.31,2,1,2,212,Others
17,5,550.5699999999999,4,4,3,443,Loyal Customers
373,1,180.45000000000002,1,1,1,111,Others
5,6,3415.38,5,4,5,545,Champions
74,2,1502.98,2,3,4,234,At Risk
40,3,536.15,3,3,3,333,Loyal Customers
75,1,110.04,2,1,1,211,Others
26,2,504.14,4,3,3,433,Loyal Customers
257,2,686.76,1,3,3,133,At Risk
5,3,446.59,5,3,2,532,Loyal Customers
23,1,170.5,4,1,1,411,Others
234,1,178.85,1,1,1,111,Others
5,4,888.91,5,4,3,543,Loyal Customers
217,1,154.21,1,1,1,111,Others
31,5,2849.52,4,4,5,445,Champions
94,3,495.76,2,3,2,232,At Risk
130,2,184.34,2,3,1,231,At Risk
16,5,767.47,4,4,3,443,Loyal Customers
2,7,1230.15,5,5,4,554,Champions
121,1,157.7,2,1,1,211,Others
15,6,2895.2000000000003,5,4,5,545,Champions
4,13,2698.17,5,5,5,555,Champions
217,2,385.2,1,3,2,132,At Risk
24,10,7699.7,4,5,5,455,Champions
8,4,995.29,5,4,4,544,Champions
316,3,1676.57,1,3,4,134,At Risk
266,1,322.69,1,1,2,112,Others
134,1,94.8,2,1,1,211,Others
43,1,485.86,3,1,2,312,Others
164,2,297.0,2,3,2,232,At Risk
78,5,1810.82,2,4,4,244,At Risk
59,2,769.9200000000001,3,3,3,333,Loyal Customers
54,3,915.28,3,3,3,333,Loyal Customers
175,1,299.86,2,1,2,212,Others
10,8,3867.2400000000002,5,5,5,555,Champions
72,1,211.8,2,1,1,211,Others
66,6,3512.62,3,5,5,355,Loyal Customers
235,1,150.0,1,1,1,111,Others
63,1,437.4,3,1,2,312,Others
43,2,1039.55,3,3,4,334,Loyal Customers
40,1,310.56,3,1,2,312,Others
9,21,7832.91,5,5,5,555,Champions
53,6,1445.21,3,5,4,354,Loyal Customers
266,1,318.06,1,1,2,112,Others
60,12,3295.7400000000002,3,5,5,355,Loyal Customers
59,3,901.0699999999999,3,3,3,333,Loyal Customers
26,4,1563.03,4,4,4,444,Champions
110,5,5874.65,2,4,5,245,At Risk
78,5,2478.731,2,4,5,245,At Risk
141,1,180.75,2,1,1,211,Others
190,1,351.9,1,1,2,112,Others
16,9,1254.94,4,5,4,454,Champions
8,3,77.52,5,3,1,531,Loyal Customers
2,8,6460.32,5,5,5,555,Champions
31,13,2241.78,4,5,5,455,Champions
16,4,1230.42,4,4,4,444,Champions
24,4,2056.69,4,4,4,444,Champions
49,5,1511.7,3,4,4,344,Loyal Customers
129,5,726.89,2,4,3,243,At Risk
119,3,816.6,2,3,3,233,At Risk
269,1,334.45,1,1,2,112,Others
171,1,116.18,2,1,1,211,Others
77,1,1397.08,2,1,4,214,Others
157,2,256.7,2,3,2,232,At Risk
54,2,425.85,3,3,2,332,Loyal Customers
12,16,2600.41,5,5,5,555,Champions
320,1,185.06,1,1,1,111,Others
26,12,2956.95,4,5,5,455,Champions
305,1,120.6,1,1,1,111,Others
63,2,832.8,3,3,3,333,Loyal Customers
254,2,691.6,1,3,3,133,At Risk
52,2,552.35,3,3,3,333,Loyal Customers
326,1,202.35000000000002,1,1,1,111,Others
253,1,571.76,1,1,3,113,Others
79,2,837.0600000000001,2,3,3,233,At Risk
19,18,13980.83,4,5,5,455,Champions
1,7,1614.45,5,5,4,554,Champions
45,4,1774.16,3,4,4,344,Loyal Customers
7,9,2195.14,5,5,5,555,Champions
31,1,1331.38,4,1,4,414,Others
158,1,13.919999999999998,2,1,1,211,Others
2,5,860.11,5,4,3,543,Loyal Customers
31,2,702.96,4,3,3,433,Loyal Customers
44,2,605.05,3,3,3,333,Loyal Customers
10,6,1355.24,5,5,4,554,Champions
81,1,68.44,2,1,1,211,Others
3,10,2664.69,5,5,5,555,Champions
99,1,104.10000000000001,2,1,1,211,Others
73,3,1404.68,2,3,4,234,At Risk
1,205,152121.22,5,5,5,555,Champions
37,4,1021.4,3,4,4,344,Loyal Customers
24,4,2845.7000000000003,4,4,5,445,Champions
11,9,1503.77,5,5,4,554,Champions
67,4,1773.97,3,4,4,344,Loyal Customers
232,2,1123.75,1,3,4,134,At Risk
40,7,4345.66,3,5,5,355,Loyal Customers
175,1,359.35,2,1,2,212,Others
201,1,629.4,1,1,3,113,Others
29,2,843.74,4,3,3,433,Loyal Customers
246,2,620.96,1,3,3,133,At Risk
17,2,359.4,4,3,2,432,Loyal Customers
32,1,308.2,4,1,2,412,Others
263,1,223.91000000000003,1,1,1,111,Others
57,1,612.8100000000001,3,1,3,313,Others
106,3,2873.77,2,3,5,235,At Risk
1,2,666.13,5,3,3,533,Loyal Customers
79,4,1770.0,2,4,4,244,At Risk
14,3,1612.56,5,3,4,534,Loyal Customers
255,1,1065.1200000000001,1,1,4,114,Others
26,4,4273.79,4,4,5,445,Champions
198,2,2322.43,1,3,5,135,At Risk
53,2,531.49,3,3,3,333,Loyal Customers
214,1,182.1,1,1,1,111,Others
37,4,746.56,3,4,3,343,Loyal Customers
299,1,107.62,1,1,1,111,Others
25,7,3884.42,4,5,5,455,Champions
49,1,179.4,3,1,1,311,Others
24,4,758.97,4,4,3,443,Loyal Customers
105,4,515.0,2,4,3,243,At Risk
32,21,9529.86,4,5,5,455,Champions
54,3,685.65,3,3,3,333,Loyal Customers
339,1,167.27,1,1,1,111,Others
368,1,163.77,1,1,1,111,Others
57,1,1325.0,3,1,4,314,Others
280,1,203.2,1,1,1,111,Others
231,3,458.26,1,3,2,132,At Risk
15,13,9365.47,5,5,5,555,Champions
175,3,240.21000000000004,2,3,1,231,At Risk
15,7,1651.23,5,5,4,554,Champions
23,5,881.24,4,4,3,443,Loyal Customers
77,5,1518.81,2,4,4,244,At Risk
94,1,353.65,2,1,2,212,Others
339,1,906.23,1,1,3,113,Others
45,8,3327.29,3,5,5,355,Loyal Customers
17,1,30.300000000000004,4,1,1,411,Others
57,1,192.45,3,1,1,311,Others
361,1,31.93,1,1,1,111,Others
66,5,1190.82,3,4,4,344,Loyal Customers
371,1,429.66,1,1,2,112,Others
373,1,150.68,1,1,1,111,Others
59,1,270.8,3,1,2,312,Others
208,1,237.78,1,1,1,111,Others
325,1,183.20000000000002,1,1,1,111,Others
24,4,1058.1399999999999,4,4,4,444,Champions
12,2,563.1,5,3,3,533,Loyal Customers
1,7,1387.4499999999998,5,5,4,554,Champions
16,6,1704.1100000000001,4,5,4,454,Champions
297,1,342.4,1,1,2,112,Others
248,2,304.17,1,3,2,132,At Risk
66,1,314.67,3,1,2,312,Others
78,1,210.5,2,1,1,211,Others
199,1,36.13,1,1,1,111,Others
18,5,946.72,4,4,3,443,Loyal Customers
117,2,442.28999999999996,2,3,2,232,At Risk
291,1,230.4,1,1,1,111,Others
64,2,338.31,3,3,2,332,Loyal Customers
228,1,129.48000000000002,1,1,1,111,Others
30,2,199.10999999999999,4,3,1,431,Loyal Customers
3,6,3127.9700000000003,5,5,5,555,Champions
109,6,1027.03,2,5,4,254,At Risk
2,29,7681.71,5,5,5,555,Champions
89,1,277.4,2,1,2,212,Others
116,2,360.0,2,3,2,232,At Risk
31,2,416.6,4,3,2,432,Loyal Customers
9,2,429.78,5,3,2,532,Loyal Customers
123,10,1610.82,2,5,4,254,At Risk
137,13,2354.97,2,5,5,255,At Risk
29,4,450.85,4,4,2,442,Loyal Customers
3,1,111.25,5,1,1,511,Others
15,1,198.47,5,1,1,511,Others
2,4,826.91,5,4,3,543,Loyal Customers
313,1,281.05,1,1,2,112,Others
5,10,5287.64,5,5,5,555,Champions
3,8,2414.18,5,5,5,555,Champions
204,1,617.83,1,1,3,113,Others
11,2,579.89,5,3,3,533,Loyal Customers
31,6,2129.45,4,5,4,454,Champions
4,3,521.78,5,3,3,533,Loyal Customers
255,1,365.1,1,1,2,112,Others
16,6,1461.63,4,5,4,454,Champions
30,10,2449.75,4,5,5,455,Champions
2,7,8821.55,5,5,5,555,Champions
22,6,3957.04,4,5,5,455,Champions
12,2,397.76,5,3,2,532,Loyal Customers
5,4,579.67,5,4,3,543,Loyal Customers
4,47,19960.3,5,5,5,555,Champions
177,1,7.49,1,1,1,111,Others
80,1,109.47,2,1,1,211,Others
231,1,179.52,1,1,1,111,Others
99,5,2333.3199999999997,2,4,5,245,At Risk
15,18,8389.42,5,5,5,555,Champions
61,10,2533.37,3,5,5,355,Loyal Customers
4,1,98.7,5,1,1,511,Others
57,2,2349.5,3,3,5,335,Loyal Customers
15,6,2543.55,5,5,5,555,Champions
110,3,549.12,2,3,3,233,At Risk
156,1,113.65,2,1,1,211,Others
79,3,1766.46,2,3,4,234,At Risk
12,5,1285.04,5,4,4,544,Champions
12,10,2153.48,5,5,5,555,Champions
3,86,83284.38,5,5,5,555,Champions
59,4,1597.76,3,4,4,344,Loyal Customers
46,4,1254.41,3,4,4,344,Loyal Customers
46,1,168.73,3,1,1,311,Others
49,2,2118.12,3,3,4,334,Loyal Customers
54,2,621.54,3,3,3,333,Loyal Customers
8,3,737.0500000000001,5,3,3,533,Loyal Customers
22,2,473.49,4,3,2,432,Loyal Customers
115,1,187.52,2,1,1,211,Others
36,5,1744.61,4,4,4,444,Champions
65,2,817.46,3,3,3,333,Loyal Customers
128,2,566.89,2,3,3,233,At Risk
130,2,2428.08,2,3,5,235,At Risk
4,23,8018.77,5,5,5,555,Champions
1,8,2871.7400000000002,5,5,5,555,Champions
63,2,546.25,3,3,3,333,Loyal Customers
3,8,1460.92,5,5,4,554,Champions
304,1,93.35000000000001,1,1,1,111,Others
15,2,965.1999999999999,5,3,3,533,Loyal Customers
365,1,347.54,1,1,2,112,Others
200,2,218.53,1,3,1,131,At Risk
310,2,565.9,1,3,3,133,At Risk
98,1,318.65,2,1,2,212,Others
8,18,9729.09,5,5,5,555,Champions
99,2,83.0,2,3,1,231,At Risk
56,6,1771.04,3,5,4,354,Loyal Customers
219,2,660.27,1,3,3,133,At Risk
2,6,2018.6999999999998,5,5,4,554,Champions
151,4,1160.41,2,4,4,244,At Risk
166,2,554.67,2,3,3,233,At Risk
66,2,795.98,3,3,3,333,Loyal Customers
8,4,620.85,5,4,3,543,Loyal Customers
215,2,498.15000000000003,1,3,2,132,At Risk
39,2,509.75,3,3,3,333,Loyal Customers
8,3,1163.39,5,3,4,534,Loyal Customers
247,1,209.4,1,1,1,111,Others
19,2,639.56,4,3,3,433,Loyal Customers
368,1,191.74,1,1,1,111,Others
84,3,934.19,2,3,3,233,At Risk
58,8,2853.4900000000002,3,5,5,355,Loyal Customers
57,3,2456.86,3,3,5,335,Loyal Customers
112,2,266.63,2,3,2,232,At Risk
115,9,5496.39,2,5,5,255,At Risk
172,2,449.49,2,3,2,232,At Risk
155,1,304.97,2,1,2,212,Others
66,1,312.68,3,1,2,312,Others
21,12,3412.78,4,5,5,455,Champions
30,1,80.28,4,1,1,411,Others
18,2,824.48,4,3,3,433,Loyal Customers
17,2,208.3,4,3,1,431,Loyal Customers
192,1,166.63,1,1,1,111,Others
156,2,823.4,2,3,3,233,At Risk
29,1,502.52,4,1,3,413,Others
78,1,889.44,2,1,3,213,Others
93,7,1388.47,2,5,4,254,At Risk
46,5,2121.18,3,4,4,344,Loyal Customers
68,1,304.18,3,1,2,312,Others
15,12,5579.87,5,5,5,555,Champions
212,4,1033.81,1,4,4,144,At Risk
92,3,3686.61,2,3,5,235,At Risk
59,2,2085.61,3,3,4,334,Loyal Customers
337,1,518.14,1,1,3,113,Others
114,2,1089.44,2,3,4,234,At Risk
19,1,383.96999999999997,4,1,2,412,Others
205,2,718.04,1,3,3,133,At Risk
37,1,204.62,3,1,1,311,Others
31,4,3475.7200000000003,4,4,5,445,Champions
10,3,431.11,5,3,2,532,Loyal Customers
24,1,119.92,4,1,1,411,Others
367,1,312.9,1,1,2,112,Others
25,6,1203.53,4,5,4,454,Champions
9,1,487.75,5,1,2,512,Others
103,1,167.16,2,1,1,211,Others
43,4,1468.82,3,4,4,344,Loyal Customers
18,2,569.22,4,3,3,433,Loyal Customers
42,1,81.15,3,1,1,311,Others
16,7,1494.6,4,5,4,454,Champions
46,1,345.71,3,1,2,312,Others
303,1,988.0400000000001,1,1,4,114,Others
61,1,948.9300000000001,3,1,3,313,Others
28,8,5284.97,4,5,5,455,Champions
3,3,816.9300000000001,5,3,3,533,Loyal Customers
56,2,510.72,3,3,3,333,Loyal Customers
21,9,2376.102,4,5,5,455,Champions
183,3,639.93,1,3,3,133,At Risk
23,2,283.19,4,3,2,432,Loyal Customers
110,3,991.7900000000001,2,3,4,234,At Risk
361,1,310.43,1,1,2,112,Others
17,5,1298.99,4,4,4,444,Champions
70,1,834.4399999999999,3,1,3,313,Others
99,3,588.05,2,3,3,233,At Risk
1,3,937.07,5,3,3,533,Loyal Customers
4,14,4811.16,5,5,5,555,Champions
68,2,313.7,3,3,2,332,Loyal Customers
30,3,797.9,4,3,3,433,Loyal Customers
44,3,377.71,3,3,2,332,Loyal Customers
10,6,1853.7,5,5,4,554,Champions
130,1,549.0500000000001,2,1,3,213,Others
75,2,606.4100000000001,2,3,3,233,At Risk
56,3,6001.49,3,3,5,335,Loyal Customers
26,9,2572.38,4,5,5,455,Champions
52,3,683.92,3,3,3,333,Loyal Customers
59,1,100.4,3,1,1,311,Others
366,1,178.98000000000002,1,1,1,111,Others
14,2,845.01,5,3,3,533,Loyal Customers
1,1,383.07,5,1,2,512,Others
12,1,106.47999999999999,5,1,1,511,Others
29,4,1687.49,4,4,4,444,Champions
254,1,389.49,1,1,2,112,Others
199,1,426.24,1,1,2,112,Others
25,11,5711.9400000000005,4,5,5,455,Champions
284,1,379.7,1,1,2,112,Others
2,4,2062.2,5,4,4,544,Champions
108,10,2965.91,2,5,5,255,At Risk
245,3,662.2,1,3,3,133,At Risk
148,3,549.28,2,3,3,233,At Risk
32,4,1269.0900000000001,4,4,4,444,Champions
64,2,2193.56,3,3,5,335,Loyal Customers
222,1,160.5,1,1,1,111,Others
257,1,250.26000000000002,1,1,1,111,Others
37,1,59.400000000000006,3,1,1,311,Others
5,6,690.3000000000001,5,5,3,553,Loyal Customers
10,7,2753.41,5,5,5,555,Champions
66,3,1293.72,3,3,4,334,Loyal Customers
58,1,302.04,3,1,2,312,Others
71,1,610.6,3,1,3,313,Others
302,1,280.51,1,1,2,112,Others
38,5,2095.0,3,4,4,344,Loyal Customers
191,1,266.25,1,1,2,112,Others
113,2,620.06,2,3,3,233,At Risk
47,3,1893.93,3,3,4,334,Loyal Customers
66,5,2577.54,3,4,5,345,Loyal Customers
276,1,60.0,1,1,1,111,Others
50,10,9839.55,3,5,5,355,Loyal Customers
57,3,1362.63,3,3,4,334,Loyal Customers
39,3,1136.89,3,3,4,334,Loyal Customers
182,2,787.99,1,3,3,133,At Risk
32,8,2815.17,4,5,5,455,Champions
197,1,71.95,1,1,1,111,Others
50,1,368.75,3,1,2,312,Others
148,4,1182.3799999999999,2,4,4,244,At Risk
8,20,7377.46,5,5,5,555,Champions
17,3,1253.18,4,3,4,434,Loyal Customers
16,2,239.87,4,3,1,431,Loyal Customers
166,1,454.66,2,1,2,212,Others
240,2,1839.52,1,3,4,134,At Risk
15,4,732.91,5,4,3,543,Loyal Customers
114,3,961.9000000000001,2,3,3,233,At Risk
16,2,816.5600000000001,4,3,3,433,Loyal Customers
36,14,6145.37,4,5,5,455,Champions
1,10,2146.95,5,5,5,555,Champions
86,4,1309.01,2,4,4,244,At Risk
235,1,228.96,1,1,1,111,Others
30,3,491.17,4,3,2,432,Loyal Customers
61,1,220.44,3,1,1,311,Others
197,4,496.16,1,4,2,142,At Risk
16,4,1290.03,4,4,4,444,Champions
124,2,284.4,2,3,2,232,At Risk
14,7,6211.42,5,5,5,555,Champions
206,1,348.59,1,1,2,112,Others
26,3,148.32999999999998,4,3,1,431,Loyal Customers
136,1,24.75,2,1,1,211,Others
43,1,94.92,3,1,1,311,Others
15,3,369.34000000000003,5,3,2,532,Loyal Customers
1,6,1574.51,5,5,4,554,Champions
94,2,653.3100000000001,2,3,3,233,At Risk
29,8,2553.06,4,5,5,455,Champions
9,26,9178.26,5,5,5,555,Champions
301,1,247.5,1,1,1,111,Others
46,1,233.35,3,1,1,311,Others
290,1,207.04,1,1,1,111,Others
56,6,6650.17,3,5,5,355,Loyal Customers
2,12,4659.47,5,5,5,555,Champions
8,6,3484.5299999999997,5,5,5,555,Champions
4,6,2533.09,5,5,5,555,Champions
366,1,308.0,1,1,2,112,Others
201,2,650.16,1,3,3,133,At Risk
4,2,225.15,5,3,1,531,Loyal Customers
191,1,93.6,1,1,1,111,Others
136,6,2310.38,2,5,5,255,At Risk
246,4,797.96,1,4,3,143,At Risk
114,1,1634.64,2,1,4,214,Others
1,121,55942.74,5,5,5,555,Champions
19,8,2005.34,4,5,4,454,Champions
49,2,492.48,3,3,2,332,Loyal Customers
313,1,129.75,1,1,1,111,Others
73,9,3961.42,2,5,5,255,At Risk
112,1,711.18,2,1,3,213,Others
198,3,434.6,1,3,2,132,At Risk
337,1,140.22000000000003,1,1,1,111,Others
31,7,1439.72,4,5,4,454,Champions
245,4,1388.81,1,4,4,144,At Risk
43,1,107.24,3,1,1,311,Others
10,8,1909.13,5,5,4,554,Champions
135,3,767.91,2,3,3,233,At Risk
2,6,4892.68,5,5,5,555,Champions
37,1,240.5,3,1,1,311,Others
47,1,373.02,3,1,2,312,Others
313,1,277.93,1,1,2,112,Others
57,5,1246.95,3,4,4,344,Loyal Customers
197,1,105.5,1,1,1,111,Others
85,1,382.2,2,1,2,212,Others
61,2,343.7,3,3,2,332,Loyal Customers
2,4,1162.0,5,4,4,544,Champions
9,2,547.6,5,3,3,533,Loyal Customers
5,4,1770.23,5,4,4,544,Champions
184,1,111.15,1,1,1,111,Others
3,6,2336.0,5,5,5,555,Champions
239,3,284.4,1,3,2,132,At Risk
4,4,664.66,5,4,3,543,Loyal Customers
1,22,8703.21,5,5,5,555,Champions
298,8,181.35,1,5,1,151,At Risk
162,3,270.15,2,3,2,232,At Risk
84,2,613.08,2,3,3,233,At Risk
8,2,678.11,5,3,3,533,Loyal Customers
39,6,2242.81,3,5,5,355,Loyal Customers
45,5,1786.57,3,4,4,344,Loyal Customers
54,7,3203.7400000000002,3,5,5,355,Loyal Customers
30,1,275.8,4,1,2,412,Others
128,11,6251.26,2,5,5,255,At Risk
46,1,1352.96,3,1,4,314,Others
298,1,59.400000000000006,1,1,1,111,Others
86,7,4009.66,2,5,5,255,At Risk
7,6,1002.93,5,5,4,554,Champions
260,1,139.32,1,1,1,111,Others
326,1,60.959999999999994,1,1,1,111,Others
18,4,1211.75,4,4,4,444,Champions
98,2,246.5,2,3,1,231,At Risk
36,1,1174.55,4,1,4,414,Others
1,7,1788.8,5,5,4,554,Champions
59,3,1293.72,3,3,4,334,Loyal Customers
10,6,7777.84,5,5,5,555,Champions
17,2,1385.38,4,3,4,434,Loyal Customers
28,2,625.2,4,3,3,433,Loyal Customers
128,1,468.65,2,1,2,212,Others
36,4,2233.8,4,4,5,445,Champions
32,2,1216.66,4,3,4,434,Loyal Customers
220,1,289.87,1,1,2,112,Others
10,3,1376.09,5,3,4,534,Loyal Customers
203,3,659.48,1,3,3,133,At Risk
31,7,3103.26,4,5,5,455,Champions
219,1,508.20000000000005,1,1,3,113,Others
56,3,586.1,3,3,3,333,Loyal Customers
88,2,216.95,2,3,1,231,At Risk
23,4,1203.77,4,4,4,444,Champions
127,2,170.88,2,3,1,231,At Risk
11,1,257.06,5,1,2,512,Others
212,1,310.74,1,1,2,112,Others
89,2,465.16,2,3,2,232,At Risk
357,1,131.25,1,1,1,111,Others
204,2,1234.88,1,3,4,134,At Risk
327,5,6798.72,1,4,5,145,At Risk
114,3,588.5,2,3,3,233,At Risk
61,2,449.42,3,3,2,332,Loyal Customers
70,6,743.0,3,5,3,353,Loyal Customers
21,6,2854.98,4,5,5,455,Champions
15,5,1522.27,5,4,4,544,Champions
217,2,223.39000000000001,1,3,1,131,At Risk
99,1,214.44,2,1,1,211,Others
36,4,1941.1200000000001,4,4,4,444,Champions
5,5,1134.85,5,4,4,544,Champions
23,3,668.97,4,3,3,433,Loyal Customers
103,2,954.75,2,3,3,233,At Risk
138,1,153.24,2,1,1,211,Others
177,1,149.57,1,1,1,111,Others
10,6,1525.5800000000002,5,5,4,554,Champions
276,1,193.29000000000002,1,1,1,111,Others
40,4,1269.05,3,4,4,344,Loyal Customers
32,3,1254.21,4,3,4,434,Loyal Customers
110,7,1900.64,2,5,4,254,At Risk
226,1,171.0,1,1,1,111,Others
12,3,399.75,5,3,2,532,Loyal Customers
163,4,337.71000000000004,2,4,2,242,At Risk
310,1,294.17,1,1,2,112,Others
70,2,226.86,3,3,1,331,Loyal Customers
26,3,1256.63,4,3,4,434,Loyal Customers
254,1,126.89,1,1,1,111,Others
233,1,38.25,1,1,1,111,Others
39,7,1656.93,3,5,4,354,Loyal Customers
38,1,208.8,3,1,1,311,Others
53,2,202.83,3,3,1,331,Loyal Customers
96,2,429.7,2,3,2,232,At Risk
81,1,502.45,2,1,3,213,Others
5,15,5281.53,5,5,5,555,Champions
25,3,1225.93,4,3,4,434,Loyal Customers
28,1,962.97,4,1,3,413,Others
74,1,335.70000000000005,2,1,2,212,Others
211,1,63.419999999999995,1,1,1,111,Others
16,2,837.53,4,3,3,433,Loyal Customers
80,1,274.8,2,1,2,212,Others
231,1,150.35,1,1,1,111,Others
16,4,2209.98,4,4,5,445,Champions
285,1,368.4,1,1,2,112,Others
211,1,583.5600000000001,1,1,3,113,Others
369,1,147.4,1,1,1,111,Others
101,4,5373.5,2,4,5,245,At Risk
37,1,1993.34,3,1,4,314,Others
22,7,3537.6,4,5,5,455,Champions
21,6,592.56,4,5,3,453,Loyal Customers
176,2,1061.69,2,3,4,234,At Risk
9,5,3186.01,5,4,5,545,Champions
163,1,102.0,2,1,1,211,Others
315,1,231.32,1,1,1,111,Others
92,4,340.6,2,4,2,242,At Risk
36,5,1285.3300000000002,4,4,4,444,Champions
66,1,210.85,3,1,1,311,Others
25,4,2168.27,4,4,5,445,Champions
114,3,2422.02,2,3,5,235,At Risk
15,1,246.5,5,1,1,511,Others
267,1,146.14,1,1,1,111,Others
18,7,7395.19,4,5,5,455,Champions
2,19,12633.18,5,5,5,555,Champions
359,1,158.65,1,1,1,111,Others
40,2,399.95,3,3,2,332,Loyal Customers
4,5,3548.34,5,4,5,545,Champions
362,1,116.26,1,1,1,111,Others
156,3,349.87,2,3,2,232,At Risk
17,3,1058.25,4,3,4,434,Loyal Customers
16,1,152.41,4,1,1,411,Others
26,2,210.58,4,3,1,431,Loyal Customers
1,18,12992.33,5,5,5,555,Champions
15,7,2368.34,5,5,5,555,Champions
23,1,171.81,4,1,1,411,Others
15,7,2268.44,5,5,5,555,Champions
19,2,344.61,4,3,2,432,Loyal Customers
36,8,4098.04,4,5,5,455,Champions
24,15,16847.18,4,5,5,455,Champions
242,1,151.4,1,1,1,111,Others
9,2,430.78000000000003,5,3,2,532,Loyal Customers
30,15,3126.36,4,5,5,455,Champions
2,2,1116.72,5,3,4,534,Loyal Customers
148,1,311.37,2,1,2,212,Others
12,6,2174.12,5,5,5,555,Champions
361,1,162.25,1,1,1,111,Others
40,2,541.47,3,3,3,333,Loyal Customers
45,1,259.09,3,1,2,312,Others
173,6,3358.4,2,5,5,255,At Risk
11,1,247.38,5,1,1,511,Others
148,3,855.71,2,3,3,233,At Risk
95,1,114.4,2,1,1,211,Others
8,12,4615.72,5,5,5,555,Champions
7,1,135.32999999999998,5,1,1,511,Others
242,2,1079.1000000000001,1,3,4,134,At Risk
12,12,5146.45,5,5,5,555,Champions
231,1,158.09,1,1,1,111,Others
57,5,652.7,3,4,3,343,Loyal Customers
14,8,1635.42,5,5,4,554,Champions
30,6,1243.75,4,5,4,454,Champions
259,1,162.4,1,1,1,111,Others
1,22,7267.83,5,5,5,555,Champions
275,1,202.68,1,1,1,111,Others
204,1,1109.4,1,1,4,114,Others
33,2,153.52,4,3,1,431,Loyal Customers
19,4,1133.8,4,4,4,444,Champions
60,2,536.88,3,3,3,333,Loyal Customers
150,3,1459.02,2,3,4,234,At Risk
99,2,70.74000000000001,2,3,1,231,At Risk
28,2,227.87,4,3,1,431,Loyal Customers
26,5,2207.74,4,4,5,445,Champions
5,14,5105.32,5,5,5,555,Champions
22,10,3241.92,4,5,5,455,Champions
16,3,1431.78,4,3,4,434,Loyal Customers
254,3,597.23,1,3,3,133,At Risk
8,3,774.84,5,3,3,533,Loyal Customers
255,1,30.1,1,1,1,111,Others
359,2,137.15,1,3,1,131,At Risk
19,3,923.03,4,3,3,433,Loyal Customers
12,8,1375.39,5,5,4,554,Champions
2,26,4076.9700000000003,5,5,5,555,Champions
12,1,95.96,5,1,1,511,Others
35,2,547.34,4,3,3,433,Loyal Customers
228,3,1139.1000000000001,1,3,4,134,At Risk
28,3,608.4,4,3,3,433,Loyal Customers
313,1,579.6,1,1,3,113,Others
18,5,1496.6,4,4,4,444,Champions
218,3,217.9,1,3,1,131,At Risk
123,1,357.59999999999997,2,1,2,212,Others
1,5,1723.45,5,4,4,544,Champions
211,1,238.8,1,1,1,111,Others
63,1,307.34,3,1,2,312,Others
81,1,488.32,2,1,2,212,Others
64,4,1199.31,3,4,4,344,Loyal Customers
8,17,8183.56,5,5,5,555,Champions
4,8,1932.64,5,5,4,554,Champions
284,1,40.0,1,1,1,111,Others
9,5,738.57,5,4,3,543,Loyal Customers
26,8,2310.83,4,5,5,455,Champions
179,8,1604.21,1,5,4,154,At Risk
51,1,692.3,3,1,3,313,Others
19,13,1405.83,4,5,4,454,Champions
246,1,433.71999999999997,1,1,2,112,Others
73,4,3147.36,2,4,5,245,At Risk
26,24,10974.23,4,5,5,455,Champions
74,1,317.11,2,1,2,212,Others
32,3,828.5500000000001,4,3,3,433,Loyal Customers
45,1,389.18,3,1,2,312,Others
63,8,4143.05,3,5,5,355,Loyal Customers
29,7,2136.02,4,5,4,454,Champions
12,5,1702.1399999999999,5,4,4,544,Champions
57,1,391.72,3,1,2,312,Others
93,2,566.9,2,3,3,233,At Risk
2,9,2782.02,5,5,5,555,Champions
86,4,2240.9,2,4,5,245,At Risk
280,1,295.05,1,1,2,112,Others
278,1,596.67,1,1,3,113,Others
145,13,4335.96,2,5,5,255,At Risk
19,1,311.1,4,1,2,412,Others
31,1,100.35,4,1,1,411,Others
73,2,719.82,2,3,3,233,At Risk
49,4,574.23,3,4,3,343,Loyal Customers
14,6,2265.2,5,5,5,555,Champions
87,2,639.76,2,3,3,233,At Risk
8,15,11411.92,5,5,5,555,Champions
32,8,3458.35,4,5,5,455,Champions
365,1,105.78,1,1,1,111,Others
50,2,443.16,3,3,2,332,Loyal Customers
8,3,526.97,5,3,3,533,Loyal Customers
51,1,169.0,3,1,1,311,Others
3,3,1354.35,5,3,4,534,Loyal Customers
157,2,553.88,2,3,3,233,At Risk
56,2,612.76,3,3,3,333,Loyal Customers
23,4,1068.2,4,4,4,444,Champions
8,4,1399.3700000000001,5,4,4,544,Champions
22,2,226.04,4,3,1,431,Loyal Customers
1,7,1212.13,5,5,4,554,Champions
15,6,906.15,5,5,3,553,Loyal Customers
297,2,283.73,1,3,2,132,At Risk
85,3,867.6,2,3,3,233,At Risk
47,3,1764.86,3,3,4,334,Loyal Customers
108,2,632.94,2,3,3,233,At Risk
192,1,152.15,1,1,1,111,Others
361,1,45.300000000000004,1,1,1,111,Others
87,5,3478.09,2,4,5,245,At Risk
53,8,4501.63,3,5,5,355,Loyal Customers
40,1,218.35,3,1,1,311,Others
57,2,648.4,3,3,3,333,Loyal Customers
31,2,1473.24,4,3,4,434,Loyal Customers
2,8,3173.9,5,5,5,555,Champions
15,9,1563.54,5,5,4,554,Champions
235,2,318.24,1,3,2,132,At Risk
109,1,330.79,2,1,2,212,Others
183,3,173.95,1,3,1,131,At Risk
86,1,55.980000000000004,2,1,1,211,Others
56,1,90.0,3,1,1,311,Others
54,1,190.57,3,1,1,311,Others
253,1,266.93,1,1,2,112,Others
30,3,434.5,4,3,2,432,Loyal Customers
295,1,37.5,1,1,1,111,Others
1,12,4331.41,5,5,5,555,Champions
233,2,721.0600000000001,1,3,3,133,At Risk
59,5,1170.1100000000001,3,4,4,344,Loyal Customers
325,1,246.75,1,1,1,111,Others
260,1,46.2,1,1,1,111,Others
112,2,140.39,2,3,1,231,At Risk
138,2,1441.04,2,3,4,234,At Risk
5,3,969.19,5,3,3,533,Loyal Customers
225,1,194.6,1,1,1,111,Others
53,1,898.87,3,1,3,313,Others
192,2,420.25,1,3,2,132,At Risk
15,7,2400.05,5,5,5,555,Champions
2,3,654.09,5,3,3,533,Loyal Customers
89,3,453.93,2,3,2,232,At Risk
191,5,658.02,1,4,3,143,At Risk
5,8,1913.55,5,5,4,554,Champions
57,4,456.70000000000005,3,4,2,342,Loyal Customers
176,1,293.79,2,1,2,212,Others
17,18,5165.9,4,5,5,455,Champions
186,1,140.49,1,1,1,111,Others
81,6,3022.79,2,5,5,255,At Risk
47,3,740.0,3,3,3,333,Loyal Customers
36,1,92.6,4,1,1,411,Others
26,1,321.91,4,1,2,412,Others
23,8,4212.65,4,5,5,455,Champions
15,2,544.6,5,3,3,533,Loyal Customers
36,2,107.55000000000001,4,3,1,431,Loyal Customers
17,2,605.7,4,3,3,433,Loyal Customers
189,1,125.3,1,1,1,111,Others
8,9,1387.95,5,5,4,554,Champions
72,2,923.85,2,3,3,233,At Risk
57,1,327.68,3,1,2,312,Others
71,2,1767.1200000000001,3,3,4,334,Loyal Customers
8,26,8560.55,5,5,5,555,Champions
94,2,208.62,2,3,1,231,At Risk
255,1,156.87,1,1,1,111,Others
11,6,1553.17,5,5,4,554,Champions
85,2,465.45,2,3,2,232,At Risk
2,12,4330.461,5,5,5,555,Champions
96,11,1380.44,2,5,4,254,At Risk
8,3,1557.96,5,3,4,534,Loyal Customers
129,6,2579.04,2,5,5,255,At Risk
15,11,3628.87,5,5,5,555,Champions
22,4,2225.94,4,4,5,445,Champions
147,4,577.89,2,4,3,243,At Risk
266,2,13916.34,1,3,5,135,At Risk
78,1,143.05,2,1,1,211,Others
70,2,1223.1100000000001,3,3,4,334,Loyal Customers
302,1,370.63,1,1,2,112,Others
92,2,516.0,2,3,3,233,At Risk
112,31,14687.06,2,5,5,255,At Risk
7,21,32451.6,5,5,5,555,Champions
248,1,321.45,1,1,2,112,Others
240,3,1006.54,1,3,4,134,At Risk
54,1,280.88,3,1,2,312,Others
45,1,138.84,3,1,1,311,Others
54,5,1017.5400000000001,3,4,4,344,Loyal Customers
267,1,45.599999999999994,1,1,1,111,Others
32,3,715.5,4,3,3,433,Loyal Customers
67,1,307.95000000000005,3,1,2,312,Others
99,2,124.08000000000001,2,3,1,231,At Risk
66,1,1399.36,3,1,4,314,Others
103,2,848.33,2,3,3,233,At Risk
15,11,3640.96,5,5,5,555,Champions
53,2,3582.62,3,3,5,335,Loyal Customers
144,1,221.83,2,1,1,211,Others
67,5,1610.71,3,4,4,344,Loyal Customers
165,3,1995.65,2,3,4,234,At Risk
35,2,933.84,4,3,3,433,Loyal Customers
14,5,1433.96,5,4,4,544,Champions
372,2,777.0,1,3,3,133,At Risk
66,7,1369.8600000000001,3,5,4,354,Loyal Customers
10,9,2463.02,5,5,5,555,Champions
217,2,613.6800000000001,1,3,3,133,At Risk
128,3,1535.37,2,3,4,234,At Risk
54,1,537.2,3,1,3,313,Others
89,5,530.18,2,4,3,243,At Risk
81,3,1513.84,2,3,4,234,At Risk
21,13,4660.75,4,5,5,455,Champions
44,2,913.62,3,3,3,333,Loyal Customers
5,18,14482.03,5,5,5,555,Champions
95,2,758.6700000000001,2,3,3,233,At Risk
22,4,1607.06,4,4,4,444,Champions
1,2,1557.38,5,3,4,534,Loyal Customers
71,7,3400.33,3,5,5,355,Loyal Customers
29,2,689.11,4,3,3,433,Loyal Customers
178,2,144.15,1,3,1,131,At Risk
56,3,2766.4,3,3,5,335,Loyal Customers
224,1,340.5,1,1,2,112,Others
67,6,2029.3400000000001,3,5,4,354,Loyal Customers
129,4,954.59,2,4,3,243,At Risk
8,3,3882.17,5,3,5,535,Loyal Customers
89,2,890.94,2,3,3,233,At Risk
204,1,943.97,1,1,3,113,Others
8,16,1957.98,5,5,4,554,Champions
11,1,1108.82,5,1,4,514,Others
373,1,80.4,1,1,1,111,Others
12,3,1539.24,5,3,4,534,Loyal Customers
121,1,385.03000000000003,2,1,2,212,Others
3,16,40519.92,5,5,5,555,Champions
22,5,1518.35,4,4,4,444,Champions
29,2,548.8000000000001,4,3,3,433,Loyal Customers
172,3,714.51,2,3,3,233,At Risk
21,1,107.01,4,1,1,411,Others
64,3,433.3,3,3,2,332,Loyal Customers
257,1,137.99,1,1,1,111,Others
12,4,771.87,5,4,3,543,Loyal Customers
162,1,109.73,2,1,1,211,Others
162,1,96.55,2,1,1,211,Others
12,9,2609.16,5,5,5,555,Champions
112,1,340.48,2,1,2,212,Others
1,26,17703.63,5,5,5,555,Champions
66,1,273.48,3,1,2,312,Others
3,9,2508.77,5,5,5,555,Champions
68,1,438.46,3,1,2,312,Others
4,10,1498.8,5,5,4,554,Champions
92,4,1222.28,2,4,4,244,At Risk
9,10,2033.64,5,5,4,554,Champions
253,3,286.26,1,3,2,132,At Risk
17,1,244.44,4,1,1,411,Others
49,2,1346.29,3,3,4,334,Loyal Customers
5,17,5224.81,5,5,5,555,Champions
219,1,94.53,1,1,1,111,Others
262,1,171.47,1,1,1,111,Others
32,3,506.02000000000004,4,3,3,433,Loyal Customers
73,1,33.099999999999994,2,1,1,211,Others
14,2,413.0,5,3,2,532,Loyal Customers
135,4,313.91999999999996,2,4,2,242,At Risk
23,14,6878.88,4,5,5,455,Champions
282,1,108.52,1,1,1,111,Others
45,2,1449.14,3,3,4,334,Loyal Customers
197,2,330.77,1,3,2,132,At Risk
40,4,1137.8,3,4,4,344,Loyal Customers
5,1,329.03,5,1,2,512,Others
4,6,979.62,5,5,3,553,Loyal Customers
68,2,244.60000000000002,3,3,1,331,Loyal Customers
19,12,1572.47,4,5,4,454,Champions
52,3,871.78,3,3,3,333,Loyal Customers
42,3,1027.15,3,3,4,334,Loyal Customers
36,2,260.85,4,3,2,432,Loyal Customers
5,7,1279.6,5,5,4,554,Champions
30,5,535.65,4,4,3,443,Loyal Customers
305,1,128.2,1,1,1,111,Others
117,1,305.28000000000003,2,1,2,212,Others
5,1,151.44,5,1,1,511,Others
3,22,4129.26,5,5,5,555,Champions
4,1,56.25,5,1,1,511,Others
49,3,549.29,3,3,3,333,Loyal Customers
87,4,335.99,2,4,2,242,At Risk
16,1,145.01,4,1,1,411,Others
14,5,3813.08,5,4,5,545,Champions
179,1,114.69,1,1,1,111,Others
10,3,962.5,5,3,3,533,Loyal Customers
126,2,758.62,2,3,3,233,At Risk
36,7,1432.29,4,5,4,454,Champions
259,8,1700.24,1,5,4,154,At Risk
72,7,810.08,2,5,3,253,At Risk
170,1,6.300000000000001,2,1,1,211,Others
14,2,205.99,5,3,1,531,Loyal Customers
37,1,364.45,3,1,2,312,Others
2,7,1874.83,5,5,4,554,Champions
242,4,407.07,1,4,2,142,At Risk
267,1,248.65,1,1,1,111,Others
4,1,214.07999999999998,5,1,1,511,Others
60,5,401.64,3,4,2,342,Loyal Customers
32,3,452.23,4,3,2,432,Loyal Customers
9,1,369.5,5,1,2,512,Others
8,1,127.08,5,1,1,511,Others
367,1,102.82,1,1,1,111,Others
178,1,134.44,1,1,1,111,Others
283,1,106.54,1,1,1,111,Others
292,1,293.53,1,1,2,112,Others
280,1,594.0,1,1,3,113,Others
64,1,239.9,3,1,1,311,Others
53,2,2190.66,3,3,5,335,Loyal Customers
15,2,282.79,5,3,2,532,Loyal Customers
92,4,330.23,2,4,2,242,At Risk
10,1,2945.38,5,1,5,515,Others
273,1,405.0,1,1,2,112,Others
285,2,271.28999999999996,1,3,2,132,At Risk
29,3,1839.14,4,3,4,434,Loyal Customers
1,4,646.27,5,4,3,543,Loyal Customers
138,3,2304.18,2,3,5,235,At Risk
60,1,553.85,3,1,3,313,Others
11,6,5376.2,5,5,5,555,Champions
17,1,304.95,4,1,2,412,Others
5,11,1990.8,5,5,4,554,Champions
225,1,190.75,1,1,1,111,Others
8,9,4242.1,5,5,5,555,Champions
187,2,617.6,1,3,3,133,At Risk
56,2,492.36,3,3,2,332,Loyal Customers
39,3,357.77,3,3,2,332,Loyal Customers
318,3,542.89,1,3,3,133,At Risk
10,4,410.95,5,4,2,542,Loyal Customers
15,1,451.28999999999996,5,1,2,512,Others
85,1,289.48,2,1,2,212,Others
299,1,269.21000000000004,1,1,2,112,Others
3,10,2119.26,5,5,4,554,Champions
86,1,426.53,2,1,2,212,Others
15,10,2568.32,5,5,5,555,Champions
24,1,404.55,4,2,2,422,Others
61,2,460.95,3,3,2,332,Loyal Customers
234,1,703.22,1,2,3,123,Others
21,6,1702.98,4,5,4,454,Champions
92,5,1769.33,2,4,4,244,At Risk
2,3,680.62,5,3,3,533,Loyal Customers
46,4,1266.77,3,4,4,344,Loyal Customers
68,2,2180.64,3,3,5,335,Loyal Customers
238,1,329.21999999999997,1,2,2,122,Others
126,4,4144.82,2,4,5,245,At Risk
37,13,5954.29,3,5,5,355,Loyal Customers
241,1,324.51,1,2,2,122,Others
1,6,2458.9,5,5,5,555,Champions
4,21,5735.09,5,5,5,555,Champions
72,5,1572.8600000000001,2,4,4,244,At Risk
17,1,186.3,4,2,1,421,Others
4,2,216.70000000000002,5,3,1,531,Loyal Customers
187,2,582.11,1,3,3,133,At Risk
11,2,368.31,5,3,2,532,Loyal Customers
130,5,1205.64,2,4,4,244,At Risk
170,1,150.55,2,2,1,221,Others
32,2,854.61,4,3,3,433,Loyal Customers
47,2,761.41,3,3,3,333,Loyal Customers
50,1,694.54,3,2,3,323,Others
2,2,617.07,5,3,3,533,Loyal Customers
29,11,5193.92,4,5,5,455,Champions
371,1,20.4,1,2,1,121,Others
17,1,583.39,4,2,3,423,Others
261,1,169.21,1,2,1,121,Others
17,5,2878.46,4,4,5,445,Champions
110,5,2146.39,2,4,5,245,At Risk
11,6,1786.78,5,5,4,554,Champions
23,1,231.42,4,2,1,421,Others
19,3,1359.25,4,3,4,434,Loyal Customers
18,12,4860.35,4,5,5,455,Champions
12,8,1302.46,5,5,4,554,Champions
2,14,2486.0,5,5,5,555,Champions
37,2,1563.3,3,3,4,334,Loyal Customers
7,39,20009.84,5,5,5,555,Champions
44,2,453.45,3,3,2,332,Loyal Customers
2,4,980.91,5,4,3,543,Loyal Customers
53,4,1333.7,3,4,4,344,Loyal Customers
32,2,289.23,4,3,2,432,Loyal Customers
17,18,13542.92,4,5,5,455,Champions
31,2,487.03,4,3,2,432,Loyal Customers
47,2,232.96,3,3,1,331,Loyal Customers
93,9,1113.74,2,5,4,254,At Risk
231,1,82.2,1,2,1,121,Others
8,47,41184.3,5,5,5,555,Champions
92,6,1965.72,2,5,4,254,At Risk
5,8,1985.63,5,5,4,554,Champions
30,3,473.62,4,3,2,432,Loyal Customers
196,1,217.73,1,2,1,121,Others
60,2,1797.92,3,3,4,334,Loyal Customers
180,2,654.32,1,3,3,133,At Risk
59,2,456.4,3,3,2,332,Loyal Customers
66,4,1103.3500000000001,3,4,4,344,Loyal Customers
15,3,1067.85,5,3,4,534,Loyal Customers
15,4,1082.6,5,4,4,544,Champions
71,1,340.84000000000003,3,2,2,322,Others
52,4,2094.23,3,4,4,344,Loyal Customers
198,1,235.78,1,2,1,121,Others
318,1,107.14,1,2,1,121,Others
9,4,818.7900000000001,5,4,3,543,Loyal Customers
11,3,777.34,5,3,3,533,Loyal Customers
19,2,162.8,4,3,1,431,Loyal Customers
317,1,188.44,1,2,1,121,Others
49,4,2122.89,3,4,4,344,Loyal Customers
54,3,1327.98,3,3,4,334,Loyal Customers
155,3,1591.73,2,3,4,234,At Risk
42,1,62.7,3,2,1,321,Others
3,7,1718.66,5,5,4,554,Champions
36,3,541.95,4,3,3,433,Loyal Customers
67,1,89.65,3,2,1,321,Others
15,4,1709.83,5,4,4,544,Champions
361,1,109.31,1,2,1,121,Others
1,8,1992.13,5,5,4,554,Champions
198,3,3269.11,1,3,5,135,At Risk
229,1,115.73,1,2,1,121,Others
53,1,457.7,3,2,2,322,Others
163,3,750.5600000000001,2,3,3,233,At Risk
64,3,3595.77,3,3,5,335,Loyal Customers
26,1,252.5,4,2,2,422,Others
138,2,736.9300000000001,2,3,3,233,At Risk
261,1,2300.4,1,2,5,125,Others
305,1,283.79,1,2,2,122,Others
21,2,385.4,4,3,2,432,Loyal Customers
2,4,1637.14,5,4,4,544,Champions
306,1,106.75,1,2,1,121,Others
18,2,1033.8,4,3,4,434,Loyal Customers
16,7,1359.52,4,5,4,454,Champions
3,6,1743.6,5,5,4,554,Champions
25,5,1739.92,4,4,4,444,Champions
211,2,1437.43,1,3,4,134,At Risk
22,2,263.49,4,3,2,432,Loyal Customers
260,1,180.56,1,2,1,121,Others
140,3,770.08,2,3,3,233,At Risk
11,7,2617.33,5,5,5,555,Champions
92,1,447.05,2,2,2,222,Others
52,3,1264.3500000000001,3,3,4,334,Loyal Customers
9,8,2435.67,5,5,5,555,Champions
53,4,841.3,3,4,3,343,Loyal Customers
98,1,582.64,2,2,3,223,Others
70,3,1938.46,3,3,4,334,Loyal Customers
25,16,4762.07,4,5,5,455,Champions
54,8,2476.25,3,5,5,355,Loyal Customers
74,4,2049.23,2,4,4,244,At Risk
70,3,1393.42,3,3,4,334,Loyal Customers
334,1,327.59999999999997,1,2,2,122,Others
158,1,460.64,2,2,2,222,Others
64,1,549.33,3,2,3,323,Others
33,4,892.92,4,4,3,443,Loyal Customers
38,2,422.19,3,3,2,332,Loyal Customers
288,1,4376.25,1,2,5,125,Others
30,6,1297.45,4,5,4,454,Champions
58,2,1658.3700000000001,3,3,4,334,Loyal Customers
26,3,595.38,4,3,3,433,Loyal Customers
2,3,316.92,5,3,2,532,Loyal Customers
54,3,1523.49,3,3,4,334,Loyal Customers
3,14,4292.35,5,5,5,555,Champions
15,11,8356.83,5,5,5,555,Champions
362,1,145.06,1,2,1,121,Others
16,6,1920.8300000000002,4,5,4,454,Champions
43,3,1396.05,3,3,4,334,Loyal Customers
58,4,987.48,3,4,4,344,Loyal Customers
11,6,6450.88,5,5,5,555,Champions
180,2,664.1999999999999,1,3,3,133,At Risk
12,23,8403.22,5,5,5,555,Champions
59,3,1527.25,3,3,4,334,Loyal Customers
219,1,301.9,1,2,2,122,Others
299,1,237.42000000000002,1,2,1,121,Others
316,1,422.7,1,2,2,122,Others
14,3,910.35,5,3,3,533,Loyal Customers
358,2,475.74,1,3,2,132,At Risk
7,2,832.4200000000001,5,3,3,533,Loyal Customers
53,1,335.54,3,2,2,322,Others
5,7,2485.89,5,5,5,555,Champions
24,8,3005.9500000000003,4,5,5,455,Champions
84,1,212.25,2,2,1,221,Others
36,4,2023.91,4,4,4,444,Champions
72,1,310.3,2,2,2,222,Others
65,1,141.7,3,2,1,321,Others
8,6,2342.57,5,5,5,555,Champions
56,6,3309.26,3,5,5,355,Loyal Customers
17,5,796.9,4,4,3,443,Loyal Customers
18,11,3096.14,4,5,5,455,Champions
158,9,628.32,2,5,3,253,At Risk
106,3,884.59,2,3,3,233,At Risk
4,25,7210.59,5,5,5,555,Champions
1,5,1992.98,5,4,4,544,Champions
141,1,79.9,2,2,1,221,Others
64,2,435.83,3,3,2,332,Loyal Customers
50,5,1386.12,3,4,4,344,Loyal Customers
5,40,6848.87,5,5,5,555,Champions
31,14,4983.95,4,5,5,455,Champions
109,3,744.34,2,3,3,233,At Risk
127,4,1237.2,2,4,4,244,At Risk
107,3,798.85,2,3,3,233,At Risk
57,4,2052.69,3,4,4,344,Loyal Customers
72,7,1915.3600000000001,2,5,4,254,At Risk
37,1,414.7,3,2,2,322,Others
114,5,5995.69,2,4,5,245,At Risk
74,5,3354.0,2,4,5,245,At Risk
30,3,739.1,4,3,3,433,Loyal Customers
200,1,115.31,1,2,1,121,Others
8,15,5019.17,5,5,5,555,Champions
44,1,105.80000000000001,3,2,1,321,Others
30,7,2508.4700000000003,4,5,5,455,Champions
11,11,10497.300000000001,5,5,5,555,Champions
371,1,351.3,1,2,2,122,Others
46,1,315.98,3,2,2,322,Others
11,1,308.6,5,2,2,522,Others
359,1,323.25,1,2,2,122,Others
124,1,93.3,2,2,1,221,Others
105,9,2016.71,2,5,4,254,At Risk
73,1,629.36,2,2,3,223,Others
28,7,942.75,4,5,3,453,Loyal Customers
18,10,4539.23,4,5,5,455,Champions
51,1,248.65,3,2,1,321,Others
53,8,2136.72,3,5,4,354,Loyal Customers
8,3,521.64,5,3,3,533,Loyal Customers
16,2,534.53,4,3,3,433,Loyal Customers
32,3,1062.48,4,3,4,434,Loyal Customers
23,9,2052.81,4,5,4,454,Champions
30,8,2776.19,4,5,5,455,Champions
18,4,1884.16,4,4,4,444,Champions
4,19,17403.21,5,5,5,555,Champions
57,2,543.5699999999999,3,3,3,333,Loyal Customers
254,2,603.37,1,3,3,133,At Risk
71,1,975.5,3,2,3,323,Others
9,7,1355.29,5,5,4,554,Champions
136,1,40.8,2,2,1,221,Others
3,7,1325.8,5,5,4,554,Champions
357,1,498.50000000000006,1,2,2,122,Others
10,2,1087.05,5,3,4,534,Loyal Customers
23,1,321.24,4,2,2,422,Others
38,10,1762.99,3,5,4,354,Loyal Customers
14,2,417.05,5,3,2,532,Loyal Customers
130,2,713.0,2,3,3,233,At Risk
21,3,885.71,4,3,3,433,Loyal Customers
17,4,1857.26,4,4,4,444,Champions
15,4,1074.47,5,4,4,544,Champions
56,3,1722.09,3,3,4,334,Loyal Customers
2,7,1429.03,5,5,4,554,Champions
112,3,333.18,2,3,2,232,At Risk
11,4,1186.4,5,4,4,544,Champions
73,1,136.65,2,2,1,221,Others
58,1,63.66,3,2,1,321,Others
18,4,1078.0,4,4,4,444,Champions
5,4,1680.2,5,4,4,544,Champions
17,7,3824.79,4,5,5,455,Champions
8,1,1056.63,5,2,4,524,Others
95,2,821.35,2,3,3,233,At Risk
9,2,401.94,5,3,2,532,Loyal Customers
148,1,128.31,2,2,1,221,Others
18,1,295.09000000000003,4,2,2,422,Others
56,5,3588.34,3,4,5,345,Loyal Customers
14,3,967.44,5,3,3,533,Loyal Customers
1,8,2284.34,5,5,5,555,Champions
129,2,876.9399999999999,2,3,3,233,At Risk
23,10,6739.01,4,5,5,455,Champions
46,3,340.94,3,3,2,332,Loyal Customers
22,2,312.62,4,3,2,432,Loyal Customers
14,1,755.15,5,2,3,523,Others
59,1,348.16,3,2,2,322,Others
74,2,823.53,2,3,3,233,At Risk
22,3,1488.17,4,3,4,434,Loyal Customers
59,7,896.06,3,5,3,353,Loyal Customers
227,1,186.66,1,2,1,121,Others
73,1,717.57,2,2,3,223,Others
93,5,1993.18,2,4,4,244,At Risk
284,2,318.34000000000003,1,3,2,132,At Risk
9,1,351.75,5,2,2,522,Others
110,2,1591.24,2,3,4,234,At Risk
115,2,1818.79,2,3,4,234,At Risk
369,1,188.69,1,2,1,121,Others
116,2,551.46,2,3,3,233,At Risk
21,6,4195.5,4,5,5,455,Champions
361,1,238.05,1,2,1,121,Others
59,2,1361.96,3,3,4,334,Loyal Customers
123,2,1139.28,2,3,4,234,At Risk
54,3,2779.51,3,3,5,335,Loyal Customers
29,1,205.8,4,2,1,421,Others
282,1,176.9,1,2,1,121,Others
113,2,328.95,2,3,2,232,At Risk
12,4,864.48,5,4,3,543,Loyal Customers
106,1,129.85,2,2,1,221,Others
98,1,136.31,2,2,1,221,Others
100,4,1957.7,2,4,4,244,At Risk
318,1,117.72,1,2,1,121,Others
16,4,951.51,4,4,3,443,Loyal Customers
3,6,2408.96,5,5,5,555,Champions
112,1,126.05000000000001,2,2,1,221,Others
262,4,1313.67,1,4,4,144,At Risk
33,4,487.5,4,4,2,442,Loyal Customers
113,1,193.65,2,2,1,221,Others
66,3,1367.32,3,3,4,334,Loyal Customers
372,1,107.33,1,2,1,121,Others
28,4,2567.64,4,4,5,445,Champions
330,1,381.66,1,2,2,122,Others
3,2,560.55,5,3,3,533,Loyal Customers
65,3,1194.92,3,3,4,334,Loyal Customers
42,3,2560.0,3,3,5,335,Loyal Customers
50,2,460.08,3,3,2,332,Loyal Customers
68,1,171.15,3,2,1,321,Others
25,3,1491.4,4,3,4,434,Loyal Customers
172,1,176.34,2,2,1,221,Others
16,5,2806.0,4,4,5,445,Champions
186,2,850.86,1,3,3,133,At Risk
89,4,4590.53,2,4,5,245,At Risk
262,2,230.9,1,3,1,131,At Risk
213,1,146.16,1,2,1,121,Others
60,9,3003.26,3,5,5,355,Loyal Customers
19,10,1682.03,4,5,4,454,Champions
5,11,6874.97,5,5,5,555,Champions
199,1,310.83,1,2,2,122,Others
63,4,1664.92,3,4,4,344,Loyal Customers
60,4,373.46999999999997,3,4,2,342,Loyal Customers
68,6,2037.7,3,5,4,354,Loyal Customers
67,4,417.21,3,4,2,342,Loyal Customers
128,1,263.73,2,2,2,222,Others
187,7,2753.52,1,5,5,155,At Risk
56,4,3517.69,3,4,5,345,Loyal Customers
75,2,961.93,2,3,3,233,At Risk
73,3,1878.92,2,3,4,234,At Risk
43,1,285.54,3,2,2,322,Others
145,3,741.3199999999999,2,4,3,243,At Risk
119,1,613.33,2,2,3,223,Others
21,1,224.51,4,2,1,421,Others
24,9,2595.51,4,5,5,455,Champions
66,1,328.77,3,2,2,322,Others
10,5,1137.42,5,4,4,544,Champions
47,12,3176.13,3,5,5,355,Loyal Customers
5,16,3323.75,5,5,5,555,Champions
15,3,723.66,5,4,3,543,Loyal Customers
11,1,416.35,5,2,2,522,Others
12,3,204.10000000000002,5,4,1,541,Loyal Customers
17,1,209.49,4,2,1,421,Others
30,1,892.1500000000001,4,2,3,423,Others
12,7,946.83,5,5,3,553,Loyal Customers
73,1,212.17000000000002,2,2,1,221,Others
3,7,1766.78,5,5,4,554,Champions
218,3,1220.83,1,4,4,144,At Risk
19,1,549.8100000000001,4,2,3,423,Others
71,1,141.53,3,2,1,321,Others
72,4,1111.15,2,4,4,244,At Risk
84,1,157.2,2,2,1,221,Others
45,3,934.58,3,4,3,343,Loyal Customers
18,2,309.49,4,3,2,432,Loyal Customers
38,3,1256.67,3,4,4,344,Loyal Customers
106,2,104.0,2,3,1,231,At Risk
253,1,632.28,1,2,3,123,Others
31,2,247.85,4,3,1,431,Loyal Customers
44,2,353.1,3,3,2,332,Loyal Customers
32,5,2252.93,4,4,5,445,Champions
65,2,774.45,3,3,3,333,Loyal Customers
2,3,473.69,5,4,2,542,Loyal Customers
23,1,765.59,4,2,3,423,Others
31,4,788.1,4,4,3,443,Loyal Customers
289,1,186.05,1,2,1,121,Others
172,3,467.5,2,4,2,242,At Risk
36,4,1052.26,4,4,4,444,Champions
49,2,538.81,3,3,3,333,Loyal Customers
5,11,2441.61,5,5,5,555,Champions
29,9,2036.35,4,5,4,454,Champions
112,1,137.8,2,2,1,221,Others
264,1,123.13,1,2,1,121,Others
25,1,222.20000000000002,4,2,1,421,Others
31,8,2755.92,4,5,5,455,Champions
15,11,2750.83,5,5,5,555,Champions
5,1,205.65,5,2,1,521,Others
86,2,374.01,2,3,2,232,At Risk
25,4,681.97,4,4,3,443,Loyal Customers
227,1,231.93,1,2,1,121,Others
16,7,3629.76,4,5,5,455,Champions
370,1,130.32,1,2,1,121,Others
5,3,673.24,5,4,3,543,Loyal Customers
29,4,457.2,4,4,2,442,Loyal Customers
11,1,259.83,5,2,2,522,Others
67,3,424.96000000000004,3,4,2,342,Loyal Customers
219,2,496.49,1,3,2,132,At Risk
26,6,1906.48,4,5,4,454,Champions
128,1,35.7,2,2,1,221,Others
44,2,397.62,3,3,2,332,Loyal Customers
213,2,504.99,1,3,3,133,At Risk
32,1,75.0,4,2,1,421,Others
12,3,526.27,5,4,3,543,Loyal Customers
5,59,28904.670000000002,5,5,5,555,Champions
18,1,309.5,4,2,2,422,Others
49,3,638.49,3,4,3,343,Loyal Customers
17,6,817.09,4,5,3,453,Loyal Customers
44,1,200.26,3,2,1,321,Others
82,5,1161.89,2,4,4,244,At Risk
148,3,1003.0699999999999,2,4,4,244,At Risk
304,3,319.14,1,4,2,142,At Risk
17,2,301.25,4,3,2,432,Loyal Customers
358,1,310.70000000000005,1,2,2,122,Others
129,1,216.3,2,2,1,221,Others
53,3,637.93,3,4,3,343,Loyal Customers
240,2,282.68,1,3,2,132,At Risk
156,1,162.24,2,2,1,221,Others
26,13,2971.21,4,5,5,455,Champions
22,3,352.65,4,4,2,442,Loyal Customers
226,2,471.19,1,3,2,132,At Risk
107,1,178.13,2,2,1,221,Others
220,2,1193.81,1,3,4,134,At Risk
197,2,746.1800000000001,1,3,3,133,At Risk
266,2,332.17,1,3,2,132,At Risk
166,2,251.71,2,3,2,232,At Risk
242,2,24.05,1,3,1,131,At Risk
7,6,2535.69,5,5,5,555,Champions
9,9,4630.16,5,5,5,555,Champions
11,12,2208.15,5,5,5,555,Champions
365,1,71.78999999999999,1,2,1,121,Others
226,2,1402.91,1,3,4,134,At Risk
56,2,746.24,3,3,3,333,Loyal Customers
19,8,2171.13,4,5,5,455,Champions
144,7,2869.16,2,5,5,255,At Risk
106,2,712.62,2,3,3,233,At Risk
150,1,178.48000000000002,2,2,1,221,Others
32,7,1664.08,4,5,4,454,Champions
29,3,966.03,4,4,3,443,Loyal Customers
70,2,789.6,3,3,3,333,Loyal Customers
10,1,154.72,5,2,1,521,Others
67,1,350.35,3,2,2,322,Others
7,5,1825.56,5,4,4,544,Champions
318,1,453.38,1,2,2,122,Others
68,4,1923.54,3,4,4,344,Loyal Customers
173,1,134.36,2,2,1,221,Others
213,2,209.4,1,3,1,131,At Risk
16,2,303.7,4,3,2,432,Loyal Customers
72,1,205.41000000000003,2,2,1,221,Others
49,1,801.66,3,2,3,323,Others
176,1,385.56,2,2,2,222,Others
80,3,780.46,2,4,3,243,At Risk
67,3,731.25,3,4,3,343,Loyal Customers
49,17,3729.59,3,5,5,355,Loyal Customers
10,6,2212.89,5,5,5,555,Champions
10,3,443.05,5,4,2,542,Loyal Customers
19,1,1191.23,4,2,4,424,Others
256,2,258.55,1,3,2,132,At Risk
31,7,2182.41,4,5,5,455,Champions
208,1,142.71,1,2,1,121,Others
266,1,240.95,1,2,1,121,Others
8,6,1777.5,5,5,4,554,Champions
33,3,842.16,4,4,3,443,Loyal Customers
15,5,1554.92,5,4,4,544,Champions
57,2,475.05,3,3,2,332,Loyal Customers
1,3,327.68,5,4,2,542,Loyal Customers
1,4,1427.57,5,4,4,544,Champions
51,3,1140.11,3,4,4,344,Loyal Customers
71,2,433.36,3,3,2,332,Loyal Customers
51,7,2497.86,3,5,5,355,Loyal Customers
82,2,306.19,2,3,2,232,At Risk
2,23,11535.29,5,5,5,555,Champions
220,1,426.85,1,2,2,122,Others
60,1,1004.88,3,2,4,324,Others
113,3,1531.55,2,4,4,244,At Risk
304,1,48.35,1,2,1,121,Others
17,4,1053.74,4,4,4,444,Champions
67,2,2007.84,3,3,4,334,Loyal Customers
278,1,635.9,1,2,3,123,Others
21,2,378.28999999999996,4,3,2,432,Loyal Customers
277,1,23.35,1,2,1,121,Others
177,3,395.07,1,4,2,142,At Risk
9,7,2343.2,5,5,5,555,Champions
50,1,205.75,3,2,1,321,Others
371,1,424.03,1,2,2,122,Others
37,1,137.7,3,2,1,321,Others
227,1,292.21,1,2,2,122,Others
155,4,376.70000000000005,2,4,2,242,At Risk
11,1,350.52,5,2,2,522,Others
8,4,4819.32,5,4,5,545,Champions
182,1,104.25999999999999,1,2,1,121,Others
235,1,30.15,1,2,1,121,Others
33,24,8746.9,4,5,5,455,Champions
4,14,7069.27,5,5,5,555,Champions
59,4,1315.0,3,4,4,344,Loyal Customers
9,1,95.28999999999999,5,2,1,521,Others
32,21,10864.19,4,5,5,455,Champions
22,5,2004.6200000000001,4,4,4,444,Champions
141,4,1629.79,2,4,4,244,At Risk
11,10,4698.79,5,5,5,555,Champions
2,19,5535.02,5,5,5,555,Champions
33,1,175.0,4,2,1,421,Others
33,6,2206.9700000000003,4,5,5,455,Champions
112,1,223.86,2,2,1,221,Others
36,5,3334.82,4,4,5,445,Champions
205,1,87.80000000000001,1,2,1,121,Others
42,3,599.35,3,4,3,343,Loyal Customers
63,2,1020.9,3,3,4,334,Loyal Customers
267,4,1331.03,1,4,4,144,At Risk
15,10,3695.91,5,5,5,555,Champions
31,7,2827.05,4,5,5,455,Champions
59,2,850.34,3,3,3,333,Loyal Customers
56,2,540.87,3,3,3,333,Loyal Customers
302,1,380.0,1,2,2,122,Others
262,1,156.6,1,2,1,121,Others
61,1,295.05,3,2,2,322,Others
9,2,297.95,5,3,2,532,Loyal Customers
68,3,2220.09,3,4,5,345,Loyal Customers
229,2,341.59000000000003,1,3,2,132,At Risk
80,2,998.83,2,3,4,234,At Risk
22,4,1361.28,4,4,4,444,Champions
86,1,153.12,2,2,1,221,Others
36,2,605.9,4,3,3,433,Loyal Customers
11,12,3694.23,5,5,5,555,Champions
26,5,741.11,4,4,3,443,Loyal Customers
12,4,1397.59,5,4,4,544,Champions
2,3,329.48,5,4,2,542,Loyal Customers
21,1,172.8,4,2,1,421,Others
10,7,1339.89,5,5,4,554,Champions
26,2,434.3,4,3,2,432,Loyal Customers
24,1,235.25,4,2,1,421,Others
198,2,432.45000000000005,1,3,2,132,At Risk
360,1,60.48,1,2,1,121,Others
40,2,357.66,3,3,2,332,Loyal Customers
35,11,2359.16,4,5,5,455,Champions
89,2,1286.6200000000001,2,3,4,234,At Risk
39,5,1655.64,3,4,4,344,Loyal Customers
15,5,2057.77,5,4,4,544,Champions
38,2,673.6,3,3,3,333,Loyal Customers
262,1,291.5,1,2,2,122,Others
19,3,1712.1200000000001,4,4,4,444,Champions
25,4,1579.97,4,4,4,444,Champions
179,1,225.4,1,2,1,121,Others
37,3,885.79,3,4,3,343,Loyal Customers
58,4,1320.95,3,4,4,344,Loyal Customers
43,2,130.05,3,3,1,331,Loyal Customers
43,1,106.80000000000001,3,2,1,321,Others
117,7,1892.52,2,5,4,254,At Risk
121,2,406.4,2,3,2,232,At Risk
8,5,1596.71,5,4,4,544,Champions
42,1,473.0,3,2,2,322,Others
74,4,3802.04,2,4,5,245,At Risk
4,6,749.8100000000001,5,5,3,553,Loyal Customers
45,1,490.47,3,2,2,322,Others
33,1,179.4,4,2,1,421,Others
337,1,323.4,1,2,2,122,Others
51,1,389.12,3,2,2,322,Others
58,1,435.6,3,2,2,322,Others
371,1,160.39,1,2,1,121,Others
85,1,678.8,2,2,3,223,Others
78,2,327.84,2,3,2,232,At Risk
91,2,382.14,2,3,2,232,At Risk
156,1,306.58,2,2,2,222,Others
56,6,1397.69,3,5,4,354,Loyal Customers
222,1,136.2,1,2,1,121,Others
40,9,10776.42,3,5,5,355,Loyal Customers
4,5,1110.2,5,4,4,544,Champions
47,7,2633.74,3,5,5,355,Loyal Customers
56,15,8207.37,3,5,5,355,Loyal Customers
4,6,690.83,5,5,3,553,Loyal Customers
58,3,611.9,3,4,3,343,Loyal Customers
176,4,932.76,2,4,3,243,At Risk
30,1,151.05,4,2,1,421,Others
365,1,165.0,1,2,1,121,Others
205,1,109.2,1,2,1,121,Others
257,1,98.73,1,2,1,121,Others
23,7,555.7,4,5,3,453,Loyal Customers
29,9,3934.25,4,5,5,455,Champions
315,1,171.13,1,2,1,121,Others
77,2,608.86,2,3,3,233,At Risk
38,2,769.78,3,3,3,333,Loyal Customers
47,2,880.62,3,3,3,333,Loyal Customers
2,3,663.31,5,4,3,543,Loyal Customers
164,2,637.75,2,3,3,233,At Risk
277,1,151.5,1,2,1,121,Others
169,1,320.25,2,2,2,222,Others
15,27,80489.21,5,5,5,555,Champions
25,9,1921.19,4,5,4,454,Champions
26,1,157.63,4,2,1,421,Others
29,2,127.45,4,3,1,431,Loyal Customers
54,2,178.83,3,3,1,331,Loyal Customers
44,2,638.6999999999999,3,3,3,333,Loyal Customers
47,3,701.62,3,4,3,343,Loyal Customers
359,1,98.30000000000001,1,2,1,121,Others
197,2,191.9,1,3,1,131,At Risk
16,7,994.6,4,5,4,454,Champions
2,13,4091.16,5,5,5,555,Champions
59,13,4518.43,3,5,5,355,Loyal Customers
51,4,1110.83,3,4,4,344,Loyal Customers
254,2,664.16,1,3,3,133,At Risk
36,22,29480.061,4,5,5,455,Champions
36,4,533.41,4,4,3,443,Loyal Customers
15,9,6026.14,5,5,5,555,Champions
4,13,3823.78,5,5,5,555,Champions
15,4,1217.45,5,4,4,544,Champions
37,2,621.5600000000001,3,3,3,333,Loyal Customers
2,18,7619.21,5,5,5,555,Champions
306,1,368.27,1,2,2,122,Others
198,1,323.8,1,2,2,122,Others
266,1,1248.48,1,2,4,124,Others
2,9,3127.85,5,5,5,555,Champions
5,5,3006.08,5,4,5,545,Champions
4,8,2174.13,5,5,5,555,Champions
12,2,605.79,5,3,3,533,Loyal Customers
2,11,4258.27,5,5,5,555,Champions
79,2,654.96,2,3,3,233,At Risk
40,1,147.35,3,2,1,321,Others
7,8,1052.14,5,5,4,554,Champions
19,2,705.14,4,3,3,433,Loyal Customers
28,3,1121.45,4,4,4,444,Champions
284,1,170.3,1,2,1,121,Others
39,3,3783.89,3,4,5,345,Loyal Customers
165,1,259.68,2,2,2,222,Others
29,9,3970.0,4,5,5,455,Champions
141,5,2956.56,2,4,5,245,At Risk
213,1,417.6,1,2,2,122,Others
172,1,463.43,2,2,2,222,Others
31,1,226.91,4,2,1,421,Others
261,1,173.06,1,2,1,121,Others
128,13,2334.9700000000003,2,5,5,255,At Risk
92,7,1999.02,2,5,4,254,At Risk
19,24,11366.64,4,5,5,455,Champions
24,9,2121.43,4,5,4,454,Champions
227,2,4157.88,1,3,5,135,At Risk
8,1,207.5,5,2,1,521,Others
8,29,65500.07,5,5,5,555,Champions
103,4,1389.25,2,4,4,244,At Risk
40,6,1072.97,3,5,4,354,Loyal Customers
45,1,163.65,3,2,1,321,Others
66,1,228.0,3,2,1,321,Others
374,1,352.85,1,2,2,122,Others
18,1,420.75,4,2,2,422,Others
54,4,2481.2,3,4,5,345,Loyal Customers
19,6,1220.48,4,5,4,454,Champions
114,3,755.51,2,4,3,243,At Risk
8,5,1152.63,5,4,4,544,Champions
93,5,1706.99,2,4,4,244,At Risk
59,3,3698.05,3,4,5,345,Loyal Customers
72,2,249.65,2,3,1,231,At Risk
59,4,905.96,3,4,3,343,Loyal Customers
3,6,1361.23,5,5,4,554,Champions
51,1,220.97,3,2,1,321,Others
49,3,1069.56,3,4,4,344,Loyal Customers
2,32,22554.22,5,5,5,555,Champions
43,1,174.16,3,2,1,321,Others
8,2,623.0,5,3,3,533,Loyal Customers
1,26,7732.37,5,5,5,555,Champions
72,1,391.95,2,2,2,222,Others
12,4,784.73,5,4,3,543,Loyal Customers
45,1,533.78,3,2,3,323,Others
29,1,51.84,4,2,1,421,Others
33,4,1017.53,4,4,4,444,Champions
40,3,1334.54,3,4,4,344,Loyal Customers
19,8,2251.85,4,5,5,455,Champions
19,3,513.08,4,4,3,443,Loyal Customers
16,5,856.1999999999999,4,4,3,443,Loyal Customers
1,3,2062.41,5,4,4,544,Champions
29,5,1802.02,4,4,4,444,Champions
190,3,841.16,1,4,3,143,At Risk
68,2,452.78000000000003,3,3,2,332,Loyal Customers
315,2,582.61,1,3,3,133,At Risk
213,3,630.75,1,4,3,143,At Risk
106,3,1002.29,2,4,4,244,At Risk
68,4,812.74,3,4,3,343,Loyal Customers
56,1,532.5,3,2,3,323,Others
14,3,1912.65,5,4,4,544,Champions
5,16,5781.4400000000005,5,5,5,555,Champions
89,2,406.02,2,3,2,232,At Risk
4,5,1200.15,5,4,4,544,Champions
101,2,182.59,2,3,1,231,At Risk
17,1,113.35,4,2,1,421,Others
322,1,181.39,1,2,1,121,Others
23,6,1884.71,4,5,4,454,Champions
29,1,225.6,4,2,1,421,Others
14,3,1051.71,5,4,4,544,Champions
29,5,392.13,4,4,2,442,Loyal Customers
24,1,316.1,4,2,2,422,Others
78,3,881.59,2,4,3,243,At Risk
200,1,91.8,1,2,1,121,Others
64,2,218.46,3,3,1,331,Loyal Customers
75,2,1302.51,2,3,4,234,At Risk
310,1,485.5,1,2,2,122,Others
9,5,1357.56,5,4,4,544,Champions
42,2,530.5,3,3,3,333,Loyal Customers
166,2,570.76,2,3,3,233,At Risk
5,11,5716.14,5,5,5,555,Champions
239,2,139.85,1,3,1,131,At Risk
64,6,2136.2400000000002,3,5,4,354,Loyal Customers
58,19,9374.86,3,5,5,355,Loyal Customers
198,2,614.34,1,3,3,133,At Risk
254,1,253.88,1,2,2,122,Others
213,2,628.09,1,3,3,133,At Risk
254,1,421.45,1,2,2,122,Others
12,3,1130.2,5,4,4,544,Champions
53,2,1408.96,3,3,4,334,Loyal Customers
53,2,323.09000000000003,3,3,2,332,Loyal Customers
78,1,352.8,2,2,2,222,Others
4,10,4292.59,5,5,5,555,Champions
52,5,1184.6,3,4,4,344,Loyal Customers
88,3,1610.62,2,4,4,244,At Risk
26,3,772.83,4,4,3,443,Loyal Customers
183,4,662.33,1,4,3,143,At Risk
2,2,495.72,5,3,2,532,Loyal Customers
70,2,409.25,3,3,2,332,Loyal Customers
37,1,130.95,3,2,1,321,Others
325,1,76.74000000000001,1,2,1,121,Others
30,3,384.56,4,4,2,442,Loyal Customers
105,1,450.16,2,2,2,222,Others
63,3,533.11,3,4,3,343,Loyal Customers
65,6,7493.77,3,5,5,355,Loyal Customers
15,1,209.89000000000001,5,2,1,521,Others
73,6,2139.0,2,5,4,254,At Risk
39,1,136.01,3,2,1,321,Others
129,1,321.78000000000003,2,2,2,222,Others
7,18,2101.61,5,5,4,554,Champions
192,2,641.13,1,3,3,133,At Risk
21,1,234.19,4,2,1,421,Others
92,1,134.0,2,2,1,221,Others
36,2,465.84000000000003,4,3,2,432,Loyal Customers
36,3,434.2,4,4,2,442,Loyal Customers
33,3,947.98,4,4,3,443,Loyal Customers
112,3,285.41,2,4,2,242,At Risk
7,7,1202.77,5,5,4,554,Champions
190,2,236.56,1,3,1,131,At Risk
2,2,249.89000000000001,5,3,1,531,Loyal Customers
138,3,1306.96,2,4,4,244,At Risk
74,4,900.63,2,4,3,243,At Risk
191,1,103.95,1,2,1,121,Others
4,3,496.26,5,4,2,542,Loyal Customers
14,2,424.71000000000004,5,3,2,532,Loyal Customers
365,1,204.26,1,2,1,121,Others
16,2,678.55,4,3,3,433,Loyal Customers
3,7,1360.31,5,5,4,554,Champions
7,11,1923.57,5,5,4,554,Champions
64,3,851.33,3,4,3,343,Loyal Customers
1,5,722.0500000000001,5,4,3,543,Loyal Customers
358,1,252.59,1,2,2,122,Others
271,2,255.25,1,3,2,132,At Risk
57,4,1904.93,3,4,4,344,Loyal Customers
287,2,310.47,1,3,2,132,At Risk
22,5,921.5,4,4,3,443,Loyal Customers
8,3,536.04,5,4,3,543,Loyal Customers
268,1,1460.3600000000001,1,2,4,124,Others
58,10,2137.72,3,5,4,354,Loyal Customers
4,14,2515.76,5,5,5,555,Champions
47,1,355.45,3,2,2,322,Others
78,2,255.03,2,3,2,232,At Risk
208,1,611.08,1,2,3,123,Others
11,13,6088.05,5,5,5,555,Champions
176,1,125.65,2,2,1,221,Others
7,5,1169.6100000000001,5,4,4,544,Champions
9,13,1199.08,5,5,4,554,Champions
5,3,629.4,5,4,3,543,Loyal Customers
59,2,262.32,3,3,2,332,Loyal Customers
25,7,2536.07,4,5,5,455,Champions
19,4,1152.1100000000001,4,4,4,444,Champions
17,3,530.86,4,4,3,443,Loyal Customers
21,1,286.39,4,2,2,422,Others
135,1,196.25,2,2,1,221,Others
17,5,4283.68,4,4,5,445,Champions
124,3,433.84999999999997,2,4,2,242,At Risk
86,5,3377.78,2,4,5,245,At Risk
247,1,33.0,1,2,1,121,Others
175,2,482.76,2,3,2,232,At Risk
245,1,101.36,1,2,1,121,Others
29,14,4202.66,4,5,5,455,Champions
19,5,1222.04,4,4,4,444,Champions
98,4,548.73,2,4,3,243,At Risk
65,4,433.75,3,4,2,342,Loyal Customers
3,8,2535.21,5,5,5,555,Champions
77,3,628.22,2,4,3,243,At Risk
15,11,3996.7999999999997,5,5,5,555,Champions
4,4,790.74,5,4,3,543,Loyal Customers
71,1,778.49,3,2,3,323,Others
26,5,1483.83,4,4,4,444,Champions
24,2,560.39,4,3,3,433,Loyal Customers
45,1,251.04,3,2,2,322,Others
369,2,207.85,1,3,1,131,At Risk
262,1,71.4,1,2,1,121,Others
18,2,749.0,4,3,3,433,Loyal Customers
22,1,127.0,4,2,1,421,Others
158,2,365.5,2,3,2,232,At Risk
59,3,926.12,3,4,3,343,Loyal Customers
31,4,496.0,4,4,2,442,Loyal Customers
302,2,424.55,1,3,2,132,At Risk
19,3,1007.74,4,4,4,444,Champions
64,1,394.37,3,2,2,322,Others
5,5,1748.15,5,4,4,544,Champions
40,7,5891.01,3,5,5,355,Loyal Customers
12,13,5459.04,5,5,5,555,Champions
81,9,3015.55,2,5,5,255,At Risk
12,4,904.6,5,4,3,543,Loyal Customers
15,1,256.55,5,2,2,522,Others
58,1,165.0,3,2,1,321,Others
57,1,1041.21,3,2,4,324,Others
23,8,3862.19,4,5,5,455,Champions
99,2,1950.95,2,3,4,234,At Risk
18,3,666.6500000000001,4,4,3,443,Loyal Customers
80,1,107.0,2,2,1,221,Others
32,2,406.3,4,3,2,432,Loyal Customers
12,8,2651.23,5,5,5,555,Champions
79,4,1077.82,2,4,4,244,At Risk
38,4,828.21,3,4,3,343,Loyal Customers
28,2,1012.22,4,3,4,434,Loyal Customers
106,2,622.36,2,3,3,233,At Risk
28,4,853.49,4,4,3,443,Loyal Customers
73,1,230.17000000000002,2,2,1,221,Others
65,1,81.36,3,2,1,321,Others
187,1,242.06,1,2,1,121,Others
283,2,400.8,1,3,2,132,At Risk
361,1,360.61,1,2,2,122,Others
212,1,552.4,1,2,3,123,Others
1,13,5416.35,5,5,5,555,Champions
23,4,1367.6,4,4,4,444,Champions
4,8,2703.03,5,5,5,555,Champions
178,2,935.62,1,3,3,133,At Risk
78,6,1182.22,2,5,4,254,At Risk
68,1,189.0,3,2,1,321,Others
53,3,800.1800000000001,3,4,3,343,Loyal Customers
9,4,1152.8700000000001,5,4,4,544,Champions
5,2,54.15,5,3,1,531,Loyal Customers
82,3,433.07,2,4,2,242,At Risk
217,3,1593.83,1,4,4,144,At Risk
18,5,1421.3,4,4,4,444,Champions
14,4,2393.5,5,4,5,545,Champions
183,8,2984.32,1,5,5,155,At Risk
33,1,302.65000000000003,4,2,2,422,Others
45,2,530.9,3,3,3,333,Loyal Customers
227,2,180.06,1,3,1,131,At Risk
19,1,176.9,4,2,1,421,Others
51,1,630.77,3,2,3,323,Others
240,1,1954.99,1,2,4,124,Others
186,1,13.52,1,2,1,121,Others
33,3,583.71,4,4,3,443,Loyal Customers
11,4,858.47,5,4,3,543,Loyal Customers
10,11,11013.82,5,5,5,555,Champions
12,2,488.24,5,3,2,532,Loyal Customers
80,4,1264.05,2,4,4,244,At Risk
67,3,1188.33,3,4,4,344,Loyal Customers
73,4,1146.33,2,4,4,244,At Risk
11,10,4287.5,5,5,5,555,Champions
11,5,1462.95,5,4,4,544,Champions
82,3,465.6,2,4,2,242,At Risk
81,1,232.85000000000002,2,2,1,221,Others
374,1,128.60000000000002,1,2,1,121,Others
232,1,294.74,1,2,2,122,Others
5,5,2506.54,5,4,5,545,Champions
1,4,645.8100000000001,5,4,3,543,Loyal Customers
43,6,2177.39,3,5,5,355,Loyal Customers
273,2,194.7,1,3,1,131,At Risk
362,1,228.34,1,2,1,121,Others
360,3,454.54,1,4,2,142,At Risk
4,27,4601.69,5,5,5,555,Champions
9,6,3084.58,5,5,5,555,Champions
46,1,133.18,3,2,1,321,Others
17,4,1364.68,4,4,4,444,Champions
261,1,273.35,1,2,2,122,Others
198,1,203.05,1,2,1,121,Others
65,6,1402.51,3,5,4,354,Loyal Customers
28,3,401.67,4,4,2,442,Loyal Customers
214,1,306.0,1,2,2,122,Others
15,5,669.91,5,4,3,543,Loyal Customers
31,4,660.48,4,4,3,443,Loyal Customers
30,4,2728.18,4,4,5,445,Champions
45,6,2644.01,3,5,5,355,Loyal Customers
32,1,2253.22,4,2,5,425,Others
12,23,6285.27,5,5,5,555,Champions
373,1,221.53,1,2,1,121,Others
22,1,128.45,4,2,1,421,Others
10,6,1105.53,5,5,4,554,Champions
3,11,3961.44,5,5,5,555,Champions
73,7,3737.38,2,5,5,255,At Risk
228,1,235.88,1,2,1,121,Others
59,1,100.2,3,2,1,321,Others
66,4,1248.09,3,4,4,344,Loyal Customers
19,7,2675.8,4,5,5,455,Champions
1,2,363.66,5,3,2,532,Loyal Customers
17,3,591.07,4,4,3,443,Loyal Customers
169,1,582.17,2,2,3,223,Others
30,3,885.32,4,4,3,443,Loyal Customers
358,1,424.3,1,2,2,122,Others
59,1,474.03000000000003,3,2,2,322,Others
25,1,481.58000000000004,4,2,2,422,Others
33,4,5255.24,4,4,5,445,Champions
299,1,174.95,1,2,1,121,Others
42,2,410.42,3,3,2,332,Loyal Customers
156,2,336.6,2,3,2,232,At Risk
61,1,227.97,3,2,1,321,Others
138,1,197.57,2,2,1,221,Others
210,6,2305.59,1,5,5,155,At Risk
184,4,1923.99,1,4,4,144,At Risk
284,1,389.78,1,2,2,122,Others
38,1,314.74,3,2,2,322,Others
24,3,432.18,4,4,2,442,Loyal Customers
75,2,631.87,2,3,3,233,At Risk
17,4,1026.98,4,4,4,444,Champions
64,5,1155.0300000000002,3,4,4,344,Loyal Customers
156,1,31.85,2,2,1,221,Others
88,2,1220.91,2,3,4,234,At Risk
110,5,9730.09,2,4,5,245,At Risk
78,1,212.1,2,2,1,221,Others
7,4,798.03,5,4,3,543,Loyal Customers
298,1,231.68,1,2,1,121,Others
52,6,1099.81,3,5,4,354,Loyal Customers
25,6,4036.77,4,5,5,455,Champions
25,13,8915.99,4,5,5,455,Champions
54,4,727.58,3,4,3,343,Loyal Customers
40,3,696.25,3,4,3,343,Loyal Customers
53,2,880.97,3,3,3,333,Loyal Customers
148,4,3120.91,2,4,5,245,At Risk
71,10,5102.86,3,5,5,355,Loyal Customers
88,5,1485.36,2,4,4,244,At Risk
87,1,143.10000000000002,2,2,1,221,Others
12,6,1357.95,5,5,4,554,Champions
371,1,231.90000000000003,1,2,1,121,Others
61,1,327.0,3,2,2,322,Others
163,5,640.76,2,4,3,243,At Risk
127,1,591.87,2,2,3,223,Others
116,17,4832.900000000001,2,5,5,255,At Risk
183,2,713.03,1,3,3,133,At Risk
113,2,560.71,2,3,3,233,At Risk
10,11,6691.13,5,5,5,555,Champions
80,1,856.01,2,2,3,223,Others
81,2,406.68,2,3,2,232,At Risk
17,5,1635.64,4,4,4,444,Champions
15,3,867.11,5,4,3,543,Loyal Customers
134,1,400.2,2,2,2,222,Others
214,1,320.95,1,2,2,122,Others
10,2,178.68,5,3,1,531,Loyal Customers
297,1,159.68,1,2,1,121,Others
66,2,638.81,3,3,3,333,Loyal Customers
162,2,596.1899999999999,2,3,3,233,At Risk
141,1,119.5,2,2,1,221,Others
367,1,432.96000000000004,1,2,2,122,Others
18,3,795.47,4,4,3,443,Loyal Customers
58,7,1452.8,3,5,4,354,Loyal Customers
9,2,225.45000000000002,5,3,1,531,Loyal Customers
58,2,321.3,3,3,2,332,Loyal Customers
205,2,198.41000000000003,1,3,1,131,At Risk
227,3,229.46,1,4,1,141,At Risk
162,1,263.76,2,2,2,222,Others
82,6,2118.7000000000003,2,5,4,254,At Risk
196,3,569.88,1,4,3,143,At Risk
39,5,1281.83,3,4,4,344,Loyal Customers
4,11,2726.77,5,5,5,555,Champions
172,1,75.28,2,2,1,221,Others
22,2,610.74,4,3,3,433,Loyal Customers
166,1,549.88,2,2,3,223,Others
291,1,562.98,1,2,3,123,Others
63,1,327.75,3,2,2,322,Others
1,2,521.66,5,3,3,533,Loyal Customers
218,1,135.04000000000002,1,2,1,121,Others
23,4,356.71,4,4,2,442,Loyal Customers
159,3,853.32,2,4,3,243,At Risk
56,1,160.65,3,2,1,321,Others
24,4,2004.01,4,4,4,444,Champions
10,5,3940.13,5,4,5,545,Champions
52,2,615.27,3,3,3,333,Loyal Customers
288,1,292.62,1,2,2,122,Others
31,1,111.15,4,2,1,421,Others
285,3,595.7,1,4,3,143,At Risk
28,1,251.72,4,2,2,422,Others
5,6,1729.43,5,5,4,554,Champions
94,2,567.56,2,3,3,233,At Risk
2,7,2401.07,5,5,5,555,Champions
100,1,186.15,2,2,1,221,Others
190,1,63.6,1,2,1,121,Others
255,1,96.6,1,2,1,121,Others
4,9,2226.96,5,5,5,555,Champions
52,1,144.9,3,2,1,321,Others
53,7,1269.76,3,5,4,354,Loyal Customers
227,3,642.14,1,4,3,143,At Risk
113,5,1250.8600000000001,2,4,4,244,At Risk
4,2,433.99,5,3,2,532,Loyal Customers
137,1,100.86000000000001,2,2,1,221,Others
217,1,131.15,1,2,1,121,Others
80,2,501.98,2,3,3,233,At Risk
4,7,1081.8600000000001,5,5,4,554,Champions
3,7,1269.89,5,5,4,554,Champions
199,10,5750.08,1,5,5,155,At Risk
25,15,3940.08,4,5,5,455,Champions
84,2,369.98,2,3,2,232,At Risk
8,7,1354.82,5,5,4,554,Champions
46,6,1013.13,3,5,4,354,Loyal Customers
11,2,679.44,5,3,3,533,Loyal Customers
7,17,3982.66,5,5,5,555,Champions
23,3,806.95,4,4,3,443,Loyal Customers
232,1,130.60000000000002,1,2,1,121,Others
21,12,2736.64,4,5,5,455,Champions
92,3,1754.24,2,4,4,244,At Risk
5,44,11920.43,5,5,5,555,Champions
19,4,871.14,4,4,3,443,Loyal Customers
325,1,200.18,1,2,1,121,Others
182,2,38.92,1,3,1,131,At Risk
117,1,181.89000000000001,2,2,1,221,Others
64,1,68.03,3,2,1,321,Others
18,2,529.15,4,3,3,433,Loyal Customers
37,1,198.29,3,2,1,321,Others
26,2,490.21999999999997,4,3,2,432,Loyal Customers
117,3,258.93,2,4,2,242,At Risk
72,2,189.78,2,3,1,231,At Risk
32,2,417.3,4,3,2,432,Loyal Customers
4,5,1239.11,5,4,4,544,Champions
47,1,120.95,3,2,1,321,Others
145,1,221.59,2,2,1,221,Others
2,7,1504.26,5,5,4,554,Champions
60,1,268.28,3,2,2,322,Others
135,2,205.14,2,3,1,231,At Risk
81,7,970.25,2,5,3,253,At Risk
21,1,491.81,4,2,2,422,Others
105,2,601.45,2,3,3,233,At Risk
372,1,204.3,1,2,1,121,Others
60,1,141.12,3,2,1,321,Others
31,1,465.4,4,2,2,422,Others
19,1,114.1,4,2,1,421,Others
38,1,502.49,3,2,3,323,Others
201,1,25.2,1,2,1,121,Others
74,1,118.86,2,2,1,221,Others
10,6,797.85,5,5,3,553,Loyal Customers
92,2,623.08,2,3,3,233,At Risk
14,1,188.46,5,2,1,521,Others
25,2,1140.58,4,3,4,434,Loyal Customers
264,2,407.94,1,3,2,132,At Risk
36,2,237.81,4,3,1,431,Loyal Customers
3,16,3000.5,5,5,5,555,Champions
26,4,1050.8,4,4,4,444,Champions
12,6,1110.78,5,5,4,554,Champions
17,6,974.95,4,5,3,453,Loyal Customers
108,2,271.75,2,3,2,232,At Risk
30,8,1896.57,4,5,4,454,Champions
305,2,467.79,1,3,2,132,At Risk
366,1,338.13,1,2,2,122,Others
10,3,455.84,5,4,2,542,Loyal Customers
75,2,336.62,2,3,2,232,At Risk
26,2,393.64,4,3,2,432,Loyal Customers
260,1,131.15,1,2,1,121,Others
170,1,111.5,2,2,1,221,Others
284,1,2135.46,1,2,4,124,Others
29,2,1151.04,4,3,4,434,Loyal Customers
31,11,3999.8900000000003,4,5,5,455,Champions
29,2,4511.76,4,3,5,435,Loyal Customers
17,2,237.64000000000001,4,3,1,431,Loyal Customers
23,2,1025.1,4,3,4,434,Loyal Customers
28,4,2181.71,4,4,5,445,Champions
29,9,2376.51,4,5,5,455,Champions
11,5,3318.35,5,4,5,545,Champions
56,1,124.45,3,2,1,321,Others
361,1,157.32999999999998,1,2,1,121,Others
305,1,29.099999999999998,1,2,1,121,Others
4,4,1695.15,5,4,4,544,Champions
30,4,1008.05,4,4,4,444,Champions
12,5,922.59,5,4,3,543,Loyal Customers
43,5,644.52,3,4,3,343,Loyal Customers
2,9,1311.64,5,5,4,554,Champions
46,2,512.77,3,3,3,333,Loyal Customers
44,2,312.35,3,3,2,332,Loyal Customers
45,2,152.35,3,3,1,331,Loyal Customers
309,1,104.7,1,2,1,121,Others
367,3,475.42,1,4,2,142,At Risk
180,2,59.900000000000006,1,3,1,131,At Risk
164,5,838.27,2,4,3,243,At Risk
42,1,328.13,3,2,2,322,Others
19,2,497.04,4,3,2,432,Loyal Customers
108,1,81.12,2,2,1,221,Others
11,9,5395.79,5,5,5,555,Champions
1,2,119.0,5,3,1,531,Loyal Customers
2,8,9935.93,5,5,5,555,Champions
2,3,1006.53,5,4,4,544,Champions
15,4,1227.54,5,4,4,544,Champions
12,5,1066.3,5,4,4,544,Champions
364,1,299.74,1,2,2,122,Others
11,6,1066.94,5,5,4,554,Champions
9,12,2509.84,5,5,5,555,Champions
73,4,1285.69,2,4,4,244,At Risk
16,4,674.16,4,4,3,443,Loyal Customers
30,3,612.381,4,4,3,443,Loyal Customers
63,9,1401.08,3,5,4,354,Loyal Customers
332,1,36.25,1,2,1,121,Others
127,2,1502.0,2,3,4,234,At Risk
64,3,1740.8999999999999,3,4,4,344,Loyal Customers
22,1,273.31,4,2,2,422,Others
190,4,768.25,1,4,3,143,At Risk
12,3,500.2,5,4,3,543,Loyal Customers
284,1,156.6,1,2,1,121,Others
21,3,632.27,4,4,3,443,Loyal Customers
312,2,383.59000000000003,1,3,2,132,At Risk
36,5,711.8100000000001,4,4,3,443,Loyal Customers
31,3,920.46,4,4,3,443,Loyal Customers
12,17,7510.24,5,5,5,555,Champions
22,7,3417.13,4,5,5,455,Champions
68,2,1077.24,3,3,4,334,Loyal Customers
11,6,879.42,5,5,3,553,Loyal Customers
91,1,979.2,2,2,3,223,Others
259,3,236.97,1,4,1,141,At Risk
17,20,3010.13,4,5,5,455,Champions
54,3,520.58,3,4,3,343,Loyal Customers
31,1,231.34,4,2,1,421,Others
67,1,260.45,3,2,2,322,Others
40,2,250.44,3,3,1,331,Loyal Customers
1,60,14174.25,5,5,5,555,Champions
10,1,10.95,5,2,1,521,Others
70,3,645.0,3,4,3,343,Loyal Customers
4,12,19726.76,5,5,5,555,Champions
71,7,836.88,3,5,3,353,Loyal Customers
89,1,110.7,2,2,1,221,Others
103,1,171.15,2,2,1,221,Others
21,1,126.35000000000001,4,2,1,421,Others
56,7,1415.81,3,5,4,354,Loyal Customers
10,27,25381.65,5,5,5,555,Champions
56,1,149.3,3,2,1,321,Others
86,1,168.65,2,2,1,221,Others
46,2,381.15000000000003,3,3,2,332,Loyal Customers
144,1,97.5,2,2,1,221,Others
7,7,1476.3,5,5,4,554,Champions
52,1,516.87,3,2,3,323,Others
217,3,2525.44,1,4,5,145,At Risk
177,1,114.85,1,2,1,121,Others
5,12,2461.68,5,5,5,555,Champions
86,1,118.95,2,2,1,221,Others
45,8,15874.300000000001,3,5,5,355,Loyal Customers
2,11,2704.63,5,5,5,555,Champions
47,1,552.9,3,2,3,323,Others
136,2,283.44,2,3,2,232,At Risk
57,8,7021.66,3,5,5,355,Loyal Customers
22,2,646.44,4,3,3,433,Loyal Customers
8,10,3159.46,5,5,5,555,Champions
40,2,560.14,3,3,3,333,Loyal Customers
59,4,1471.52,3,4,4,344,Loyal Customers
29,15,10405.03,4,5,5,455,Champions
184,1,164.18,1,2,1,121,Others
23,1,206.6,4,2,1,421,Others
3,8,2273.95,5,5,5,555,Champions
9,4,485.6,5,4,2,542,Loyal Customers
22,3,1059.41,4,4,4,444,Champions
17,5,1615.39,4,4,4,444,Champions
29,1,420.54,4,2,2,422,Others
88,7,3040.51,2,5,5,255,At Risk
4,18,14562.91,5,5,5,555,Champions
32,2,832.54,4,3,3,433,Loyal Customers
1,3,469.40999999999997,5,4,2,542,Loyal Customers
21,7,1363.23,4,5,4,454,Champions
21,1,266.8,4,2,2,422,Others
47,1,331.35,3,2,2,322,Others
44,3,317.76,3,4,2,342,Loyal Customers
165,1,369.68,2,2,2,222,Others
80,4,1034.32,2,4,4,244,At Risk
291,1,325.74,1,2,2,122,Others
185,1,137.16,1,2,1,121,Others
368,1,293.35,1,2,2,122,Others
17,9,2371.7400000000002,4,5,5,455,Champions
133,46,14523.67,2,5,5,255,At Risk
23,6,2348.94,4,5,5,455,Champions
3,7,52422.3,5,5,5,555,Champions
98,6,1030.41,2,5,4,254,At Risk
1,2,975.5600000000001,5,3,3,533,Loyal Customers
15,9,4247.11,5,5,5,555,Champions
17,1,213.08,4,2,1,421,Others
8,12,1605.8400000000001,5,5,4,554,Champions
196,2,659.4,1,3,3,133,At Risk
158,2,617.1800000000001,2,3,3,233,At Risk
61,7,2542.79,3,5,5,355,Loyal Customers
31,1,102.6,4,2,1,421,Others
11,1,57.8,5,2,1,521,Others
36,12,3180.28,4,5,5,455,Champions
3,7,1679.8,5,5,4,554,Champions
110,1,321.65000000000003,2,2,2,222,Others
264,1,224.81,1,2,1,121,Others
44,2,607.0,3,3,3,333,Loyal Customers
235,1,1047.0,1,2,4,124,Others
31,2,489.86,4,3,2,432,Loyal Customers
248,2,1144.3,1,3,4,134,At Risk
44,2,1272.8000000000002,3,3,4,334,Loyal Customers
268,1,389.26000000000005,1,2,2,122,Others
80,1,370.41,2,2,2,222,Others
123,2,775.64,2,3,3,233,At Risk
50,1,177.69,3,2,1,321,Others
212,2,209.57,1,3,1,131,At Risk
364,1,160.55,1,2,1,121,Others
277,1,336.5,1,2,2,122,Others
24,2,658.1800000000001,4,3,3,433,Loyal Customers
3,8,2422.2,5,5,5,555,Champions
114,2,747.85,2,3,3,233,At Risk
21,1,100.91,4,2,1,421,Others
137,1,54.7,2,2,1,221,Others
26,1,309.16,4,2,2,422,Others
199,3,1141.84,1,4,4,144,At Risk
26,2,287.25,4,3,2,432,Loyal Customers
197,1,718.51,1,2,3,123,Others
16,9,6493.14,4,5,5,455,Champions
186,3,1289.64,1,4,4,144,At Risk
17,7,4191.92,4,5,5,455,Champions
56,1,206.08,3,2,1,321,Others
3,31,84541.17,5,5,5,555,Champions
88,8,2542.83,2,5,5,255,At Risk
44,2,645.6,3,3,3,333,Loyal Customers
305,1,313.35,1,2,2,122,Others
30,5,963.49,4,4,3,443,Loyal Customers
14,1,182.62,5,2,1,521,Others
61,2,329.42,3,3,2,332,Loyal Customers
4,10,3265.4500000000003,5,5,5,555,Champions
30,2,554.85,4,3,3,433,Loyal Customers
74,2,394.14,2,3,2,232,At Risk
33,2,739.2,4,3,3,433,Loyal Customers
1,9,2970.14,5,5,5,555,Champions
246,2,1240.25,1,3,4,134,At Risk
1,3,725.21,5,4,3,543,Loyal Customers
163,2,970.12,2,3,3,233,At Risk
21,1,65.34,4,2,1,421,Others
70,1,34.8,3,2,1,321,Others
87,4,1445.47,2,4,4,244,At Risk
56,2,288.33,3,3,2,332,Loyal Customers
253,4,1176.84,1,4,4,144,At Risk
19,4,1011.7,4,4,4,444,Champions
145,1,119.86,2,2,1,221,Others
277,2,170.1,1,3,1,131,At Risk
185,1,120.05,1,2,1,121,Others
26,3,944.82,4,4,3,443,Loyal Customers
26,3,767.54,4,4,3,443,Loyal Customers
11,2,727.85,5,3,3,533,Loyal Customers
14,3,627.96,5,4,3,543,Loyal Customers
33,6,2239.48,4,5,5,455,Champions
8,10,2154.88,5,5,5,555,Champions
108,3,2270.0,2,4,5,245,At Risk
61,3,565.43,3,4,3,343,Loyal Customers
15,1,142.77,5,2,1,521,Others
368,1,34.0,1,2,1,121,Others
29,1,259.17,4,2,2,422,Others
148,1,167.62,2,2,1,221,Others
31,4,1040.85,4,4,4,444,Champions
26,3,537.9,4,4,3,443,Loyal Customers
214,2,392.38,1,3,2,132,At Risk
222,1,131.83,1,2,1,121,Others
8,2,1024.55,5,3,4,534,Loyal Customers
269,1,374.45,1,2,2,122,Others
17,1,100.0,4,2,1,421,Others
178,1,205.23999999999998,1,2,1,121,Others
9,7,496.26000000000005,5,5,2,552,Loyal Customers
303,1,171.7,1,2,1,121,Others
1,23,5266.77,5,5,5,555,Champions
281,2,348.75,1,3,2,132,At Risk
110,6,903.87,2,5,3,253,At Risk
214,1,304.38,1,2,2,122,Others
12,2,325.3,5,3,2,532,Loyal Customers
8,20,7712.71,5,5,5,555,Champions
82,4,1271.68,2,4,4,244,At Risk
196,1,135.95,1,2,1,121,Others
103,4,4067.12,2,4,5,245,At Risk
81,3,948.03,2,4,3,243,At Risk
255,1,167.4,1,2,1,121,Others
264,1,176.71,1,2,1,121,Others
32,4,1699.35,4,4,4,444,Champions
21,14,11433.77,4,5,5,455,Champions
3,2,519.95,5,3,3,533,Loyal Customers
374,1,148.3,1,2,1,121,Others
45,6,4168.46,3,5,5,355,Loyal Customers
85,2,1504.7,2,3,4,234,At Risk
4,7,2075.7400000000002,5,5,4,554,Champions
54,4,1439.72,3,4,4,344,Loyal Customers
17,1,409.98,4,2,2,422,Others
113,1,52.05,2,2,1,221,Others
16,1,297.07,4,2,2,422,Others
108,8,2300.01,2,5,5,255,At Risk
253,3,1393.66,1,4,4,144,At Risk
58,4,633.02,3,4,3,343,Loyal Customers
226,1,160.75,1,2,1,121,Others
373,1,87.30000000000001,1,2,1,121,Others
12,1,333.81,5,2,2,522,Others
85,2,296.07,2,3,2,232,At Risk
38,6,782.12,3,5,3,353,Loyal Customers
176,5,1511.94,2,4,4,244,At Risk
57,13,4376.41,3,5,5,355,Loyal Customers
15,12,3346.41,5,5,5,555,Champions
23,3,392.2,4,4,2,442,Loyal Customers
3,2,489.59999999999997,5,3,2,532,Loyal Customers
194,1,385.19,1,2,2,122,Others
19,8,3071.36,4,5,5,455,Champions
40,3,1795.22,3,4,4,344,Loyal Customers
233,2,1130.21,1,3,4,134,At Risk
45,6,1838.72,3,5,4,354,Loyal Customers
73,2,725.15,2,3,3,233,At Risk
82,4,3958.5,2,4,5,245,At Risk
238,1,254.0,1,2,2,122,Others
114,1,296.36,2,2,2,222,Others
24,2,641.4,4,3,3,433,Loyal Customers
10,4,470.16,5,4,2,542,Loyal Customers
15,3,732.55,5,4,3,543,Loyal Customers
60,3,1265.58,3,4,4,344,Loyal Customers
283,2,842.4000000000001,1,3,3,133,At Risk
23,5,506.67,4,4,3,443,Loyal Customers
15,5,2547.28,5,4,5,545,Champions
65,3,1112.2,3,4,4,344,Loyal Customers
9,2,439.7,5,3,2,532,Loyal Customers
30,9,3132.96,4,5,5,455,Champions
1,10,3141.4,5,5,5,555,Champions
305,2,198.6,1,3,1,131,At Risk
21,1,418.87,4,2,2,422,Others
105,2,710.4,2,3,3,233,At Risk
134,6,1758.52,2,5,4,254,At Risk
2,3,1013.54,5,4,4,544,Champions
66,1,126.0,3,2,1,321,Others
8,3,835.33,5,4,3,543,Loyal Customers
373,1,163.47,1,2,1,121,Others
297,2,412.92,1,3,2,132,At Risk
53,10,3372.92,3,5,5,355,Loyal Customers
110,2,561.59,2,3,3,233,At Risk
129,1,563.1,2,2,3,223,Others
113,3,1319.6399999999999,2,4,4,244,At Risk
71,4,1895.19,3,4,4,344,Loyal Customers
98,3,2735.63,2,4,5,245,At Risk
1,2,830.63,5,3,3,533,Loyal Customers
53,5,2600.46,3,4,5,345,Loyal Customers
11,7,2578.91,5,5,5,555,Champions
4,1,300.66,5,2,2,522,Others
3,40,17885.32,5,5,5,555,Champions
2,5,1378.16,5,4,4,544,Champions
2,28,20329.68,5,5,5,555,Champions
239,1,301.65,1,2,2,122,Others
157,5,1585.5,2,4,4,244,At Risk
19,2,313.05,4,3,2,432,Loyal Customers
233,5,731.2,1,4,3,143,At Risk
4,6,1982.45,5,5,4,554,Champions
21,3,819.01,4,4,3,443,Loyal Customers
8,6,2751.64,5,5,5,555,Champions
59,2,2557.35,3,3,5,335,Loyal Customers
56,1,432.68,3,2,2,322,Others
29,1,304.2,4,2,2,422,Others
24,2,317.08,4,3,2,432,Loyal Customers
2,8,2685.2,5,5,5,555,Champions
4,3,489.65000000000003,5,4,2,542,Loyal Customers
32,8,2234.86,4,5,5,455,Champions
147,2,1412.85,2,3,4,234,At Risk
30,3,980.6999999999999,4,4,3,443,Loyal Customers
18,19,5393.88,4,5,5,455,Champions
112,2,442.0,2,3,2,232,At Risk
17,10,4145.33,4,5,5,455,Champions
19,2,1319.67,4,3,4,434,Loyal Customers
54,1,296.1,3,2,2,322,Others
91,2,260.38,2,3,2,232,At Risk
2,17,10245.49,5,5,5,555,Champions
12,6,456.9,5,5,2,552,Loyal Customers
38,2,620.85,3,3,3,333,Loyal Customers
106,4,533.5600000000001,2,4,3,243,At Risk
59,1,293.5,3,2,2,322,Others
18,4,1198.09,4,4,4,444,Champions
60,4,1257.18,3,4,4,344,Loyal Customers
228,1,163.2,1,2,1,121,Others
32,13,10300.98,4,5,5,455,Champions
57,1,376.92,3,2,2,322,Others
280,1,299.83,1,2,2,122,Others
3,7,1572.97,5,5,4,554,Champions
295,1,307.21000000000004,1,2,2,122,Others
2,2,2006.32,5,3,4,534,Loyal Customers
11,1,102.0,5,2,1,521,Others
31,7,1092.06,4,5,4,454,Champions
40,2,1362.75,3,3,4,334,Loyal Customers
232,1,438.65000000000003,1,2,2,122,Others
18,7,2475.32,4,5,5,455,Champions
257,2,468.88,1,3,2,132,At Risk
8,8,2166.42,5,5,5,555,Champions
161,3,741.69,2,4,3,243,At Risk
3,8,4134.91,5,5,5,555,Champions
31,9,2304.51,4,5,5,455,Champions
10,11,4939.24,5,5,5,555,Champions
25,6,426.90000000000003,4,5,2,452,Loyal Customers
42,2,101.1,3,3,1,331,Loyal Customers
64,9,1743.3700000000001,3,5,4,354,Loyal Customers
84,1,229.2,2,2,1,221,Others
16,1,326.74,4,2,2,422,Others
113,2,600.34,2,3,3,233,At Risk
107,3,793.9300000000001,2,4,3,243,At Risk
163,1,358.15,2,2,2,222,Others
182,1,351.66,1,2,2,122,Others
57,1,157.85999999999999,3,2,1,321,Others
100,4,382.06,2,4,2,242,At Risk
10,8,2786.57,5,5,5,555,Champions
11,3,728.75,5,4,3,543,Loyal Customers
4,28,3773.11,5,5,5,555,Champions
63,4,1555.83,3,4,4,344,Loyal Customers
29,2,441.92,4,3,2,432,Loyal Customers
9,5,631.34,5,4,3,543,Loyal Customers
92,1,129.75,2,2,1,221,Others
289,3,71.15,1,4,1,141,At Risk
38,3,741.02,3,4,3,343,Loyal Customers
84,1,156.37,2,2,1,221,Others
17,2,299.61,4,3,2,432,Loyal Customers
46,1,141.85,3,2,1,321,Others
23,4,1210.83,4,4,4,444,Champions
19,7,3095.95,4,5,5,455,Champions
72,2,141.6,2,3,1,231,At Risk
28,1,187.3,4,2,1,421,Others
150,2,575.37,2,3,3,233,At Risk
33,5,2060.1,4,4,4,444,Champions
22,2,330.56,4,3,2,432,Loyal Customers
297,1,197.70000000000002,1,2,1,121,Others
303,3,346.56,1,4,2,142,At Risk
18,2,679.02,4,3,3,433,Loyal Customers
148,1,93.49,2,2,1,221,Others
186,1,112.86,1,2,1,121,Others
81,2,271.44,2,3,2,232,At Risk
7,1,736.28,5,2,3,523,Others
297,1,171.25,1,2,1,121,Others
14,6,815.11,5,5,3,553,Loyal Customers
103,2,368.35,2,3,2,232,At Risk
322,2,147.3,1,3,1,131,At Risk
5,4,661.04,5,4,3,543,Loyal Customers
31,5,1191.44,4,4,4,444,Champions
217,1,178.07,1,2,1,121,Others
25,10,3207.76,4,5,5,455,Champions
87,3,770.03,2,4,3,243,At Risk
8,8,3761.38,5,5,5,555,Champions
28,1,184.66,4,2,1,421,Others
12,3,383.78000000000003,5,4,2,542,Loyal Customers
246,1,414.72,1,2,2,122,Others
31,3,437.87,4,4,2,442,Loyal Customers
184,4,262.64,1,4,2,142,At Risk
7,11,5925.4800000000005,5,5,5,555,Champions
304,2,373.16,1,3,2,132,At Risk
10,8,1757.98,5,5,4,554,Champions
4,4,405.48,5,4,2,542,Loyal Customers
11,2,1609.37,5,3,4,534,Loyal Customers
29,1,591.96,4,2,3,423,Others
1,3,75.75999999999999,5,4,1,541,Loyal Customers
14,3,400.46999999999997,5,4,2,542,Loyal Customers
373,1,124.78,1,2,1,121,Others
7,6,2907.65,5,5,5,555,Champions
10,1,180.60999999999999,5,2,1,521,Others
42,1,334.62,3,2,2,322,Others
56,5,2162.93,3,4,5,345,Loyal Customers
57,2,449.25,3,3,2,332,Loyal Customers
234,4,701.96,1,4,3,143,At Risk
10,1,133.34,5,2,1,521,Others
257,1,388.84,1,2,2,122,Others
45,4,3867.5,3,4,5,345,Loyal Customers
359,1,338.46000000000004,1,2,2,122,Others
50,2,689.6700000000001,3,3,3,333,Loyal Customers
1,10,3786.7000000000003,5,5,5,555,Champions
79,1,175.9,2,2,1,221,Others
1,91,29562.02,5,5,5,555,Champions
238,1,430.69,1,2,2,122,Others
47,1,114.92,3,2,1,321,Others
191,4,596.09,1,4,3,143,At Risk
151,2,129.69,2,3,1,231,At Risk
53,21,2657.91,3,5,5,355,Loyal Customers
116,4,457.96000000000004,2,4,2,242,At Risk
8,155,51208.87,5,5,5,555,Champions
58,6,1552.35,3,5,4,354,Loyal Customers
24,3,543.47,4,4,3,443,Loyal Customers
43,3,1596.29,3,4,4,344,Loyal Customers
98,4,757.24,2,4,3,243,At Risk
8,1,208.97,5,2,1,521,Others
1,2,1803.2,5,3,4,534,Loyal Customers
5,19,7614.24,5,5,5,555,Champions
4,4,717.39,5,4,3,543,Loyal Customers
21,10,2990.41,4,5,5,455,Champions
21,3,923.99,4,4,3,443,Loyal Customers
5,7,2585.2,5,5,5,555,Champions
21,2,321.72,4,3,2,432,Loyal Customers
11,26,15785.87,5,5,5,555,Champions
120,2,805.3000000000001,2,3,3,233,At Risk
46,9,424.18,3,5,2,352,Loyal Customers
22,1,227.15,4,2,1,421,Others
4,3,599.78,5,4,3,543,Loyal Customers
2,2,1213.8,5,3,4,534,Loyal Customers
33,4,913.05,4,4,3,443,Loyal Customers
17,1,235.87,4,2,1,421,Others
9,14,4621.320000000001,5,5,5,555,Champions
324,1,167.1,1,2,1,121,Others
35,3,3424.02,4,4,5,445,Champions
31,2,999.48,4,3,4,434,Loyal Customers
275,2,366.0,1,3,2,132,At Risk
15,2,291.56,5,3,2,532,Loyal Customers
175,3,324.08,2,4,2,242,At Risk
4,18,2325.92,5,5,5,555,Champions
73,3,703.27,2,4,3,243,At Risk
10,17,1091.44,5,5,4,554,Champions
10,5,545.05,5,4,3,543,Loyal Customers
2,11,1292.39,5,5,4,554,Champions
3,8,1968.75,5,5,4,554,Champions
88,2,147.12,2,3,1,231,At Risk
157,2,149.7,2,3,1,231,At Risk
182,1,216.4,1,2,1,121,Others
30,1,381.09000000000003,4,2,2,422,Others
9,10,1580.38,5,5,4,554,Champions
276,1,291.76,1,2,2,122,Others
9,5,1142.47,5,4,4,544,Champions
373,1,110.05,1,2,1,121,Others
362,1,261.7,1,2,2,122,Others
11,1,64.49,5,2,1,521,Others
36,12,3020.64,4,5,5,455,Champions
187,1,225.78,1,2,1,121,Others
264,2,43.87,1,3,1,131,At Risk
136,3,396.39,2,4,2,242,At Risk
74,1,536.28,2,2,3,223,Others
4,39,20137.24,5,5,5,555,Champions
15,6,1574.13,5,5,4,554,Champions
179,1,170.4,1,2,1,121,Others
163,2,289.5,2,3,2,232,At Risk
9,2,574.2,5,3,3,533,Loyal Customers
8,1,244.08,5,2,1,521,Others
80,3,638.2,2,4,3,243,At Risk
357,1,294.0,1,2,2,122,Others
207,1,128.7,1,2,1,121,Others
23,8,2239.1,4,5,5,455,Champions
29,8,2534.7400000000002,4,5,5,455,Champions
33,12,2993.88,4,5,5,455,Champions
268,1,114.69,1,2,1,121,Others
42,1,344.90000000000003,3,2,2,322,Others
36,5,540.35,4,4,3,443,Loyal Customers
56,1,144.29,3,2,1,321,Others
81,6,26286.75,2,5,5,255,At Risk
226,3,1128.72,1,4,4,144,At Risk
59,1,74.99,3,2,1,321,Others
332,3,360.35,1,4,2,142,At Risk
7,74,60117.6,5,5,5,555,Champions
1,6,947.26,5,5,3,553,Loyal Customers
9,2,627.5400000000001,5,3,3,533,Loyal Customers
14,4,788.46,5,4,3,543,Loyal Customers
176,1,159.17000000000002,2,2,1,221,Others
3,9,1618.93,5,5,4,554,Champions
291,2,392.6,1,3,2,132,At Risk
364,1,465.41999999999996,1,2,2,122,Others
228,1,140.75,1,2,1,121,Others
158,2,61.300000000000004,2,3,1,231,At Risk
8,62,1697.85,5,5,4,554,Champions
185,3,564.55,1,4,3,143,At Risk
107,4,643.16,2,4,3,243,At Risk
8,1,261.76,5,2,2,522,Others
1,17,4558.01,5,5,5,555,Champions
227,5,865.49,1,4,3,143,At Risk
7,2,223.42,5,3,1,531,Loyal Customers
9,4,590.44,5,4,3,543,Loyal Customers
138,18,2126.09,2,5,4,254,At Risk
184,1,161.94,1,2,1,121,Others
17,3,1035.1,4,4,4,444,Champions
2,12,2527.17,5,5,5,555,Champions
8,1,321.79,5,2,2,522,Others
36,1,1223.31,4,2,4,424,Others
1,4,1159.99,5,4,4,544,Champions
29,1,201.27,4,2,1,421,Others
46,1,239.12,3,2,1,321,Others
316,1,138.18,1,2,1,121,Others
31,1,171.71,4,2,1,421,Others
28,4,999.51,4,4,4,444,Champions
12,4,766.87,5,4,3,543,Loyal Customers
123,7,288.42,2,5,2,252,At Risk
15,1,207.33,5,2,1,521,Others
16,3,896.7700000000001,4,4,3,443,Loyal Customers
227,1,206.95,1,2,1,121,Others
25,1,252.88,4,2,2,422,Others
253,1,225.99,1,2,1,121,Others
24,7,1595.1399999999999,4,5,4,454,Champions
18,2,419.38,4,3,2,432,Loyal Customers
15,3,482.33,5,4,2,542,Loyal Customers
16,3,639.24,4,4,3,443,Loyal Customers
2,2,338.41,5,3,2,532,Loyal Customers
200,1,124.25,1,2,1,121,Others
85,4,509.01,2,4,3,243,At Risk
11,4,244.37,5,4,1,541,Loyal Customers
12,1,353.51,5,2,2,522,Others
17,3,524.83,4,4,3,443,Loyal Customers
28,1,215.22,4,2,1,421,Others
51,14,17642.89,3,5,5,355,Loyal Customers
178,7,1896.84,1,5,4,154,At Risk
9,2,410.79,5,3,2,532,Loyal Customers
359,1,115.3,1,2,1,121,Others
46,2,476.90000000000003,3,3,2,332,Loyal Customers
67,1,165.0,3,2,1,321,Others
35,2,175.85,4,3,1,431,Loyal Customers
179,1,190.48000000000002,1,2,1,121,Others
145,2,216.41,2,3,1,231,At Risk
21,4,894.53,4,4,3,443,Loyal Customers
15,6,1177.72,5,5,4,554,Champions
136,2,2074.07,2,3,4,234,At Risk
219,1,192.05,1,2,1,121,Others
278,1,433.77,1,2,2,122,Others
14,1,451.3,5,2,2,522,Others
11,1,335.52,5,2,2,522,Others
21,2,546.34,4,3,3,433,Loyal Customers
21,8,1142.37,4,5,4,454,Champions
57,9,97.39999999999999,3,5,1,351,Loyal Customers
192,1,141.48,1,2,1,121,Others
10,4,548.22,5,4,3,543,Loyal Customers
1,20,4536.29,5,5,5,555,Champions
177,1,116.10000000000001,1,2,1,121,Others
2,1,287.91,5,2,2,522,Others
23,8,1417.01,4,5,4,454,Champions
285,1,189.63,1,2,1,121,Others
17,2,326.09,4,3,2,432,Loyal Customers
129,1,222.64000000000001,2,2,1,221,Others
73,2,500.92,2,3,3,233,At Risk
29,1,337.66,4,2,2,422,Others
270,7,2282.28,1,5,5,155,At Risk
200,1,10877.18,1,2,5,125,Others
161,2,271.05,2,3,2,232,At Risk
28,1,176.5,4,2,1,421,Others
3,6,4381.78,5,5,5,555,Champions
254,1,190.95,1,2,1,121,Others
29,3,1188.46,4,4,4,444,Champions
177,2,603.9,1,3,3,133,At Risk
44,2,1185.46,3,3,4,334,Loyal Customers
2,19,4369.56,5,5,5,555,Champions
22,3,912.15,4,4,3,443,Loyal Customers
26,2,186.60000000000002,4,3,1,431,Loyal Customers
82,9,3667.83,2,5,5,255,At Risk
24,15,3473.8,4,5,5,455,Champions
22,2,1122.4,4,3,4,434,Loyal Customers
19,6,2455.68,4,5,5,455,Champions
305,1,314.1,1,2,2,122,Others
1,5,975.63,5,4,3,543,Loyal Customers
9,2,1019.44,5,3,4,534,Loyal Customers
10,10,3171.54,5,5,5,555,Champions
16,1,151.49,4,2,1,421,Others
2,8,1699.25,5,5,4,554,Champions
61,2,389.4,3,3,2,332,Loyal Customers
127,1,590.78,2,2,3,223,Others
33,1,463.53,4,2,2,422,Others
19,2,704.75,4,3,3,433,Loyal Customers
9,3,955.8000000000001,5,4,3,543,Loyal Customers
15,15,10705.8,5,5,5,555,Champions
82,1,428.45,2,2,2,222,Others
57,1,321.9,3,2,2,322,Others
229,1,360.85,1,2,2,122,Others
1,8,7111.18,5,5,5,555,Champions
80,4,2346.19,2,4,5,245,At Risk
82,6,3374.22,2,5,5,255,At Risk
63,3,1723.04,3,4,4,344,Loyal Customers
78,3,808.81,2,4,3,243,At Risk
21,5,1965.52,4,4,4,444,Champions
32,1,527.94,4,2,3,423,Others
186,1,451.56,1,2,2,122,Others
10,3,399.61,5,4,2,542,Loyal Customers
1,89,349164.35,5,5,5,555,Champions
185,1,105.8,1,2,1,121,Others
112,5,1019.16,2,4,4,244,At Risk
78,1,165.88,2,2,1,221,Others
232,2,577.8100000000001,1,3,3,133,At Risk
5,13,1828.24,5,5,4,554,Champions
47,1,193.48000000000002,3,2,1,321,Others
225,1,405.85,1,2,2,122,Others
54,2,420.66999999999996,3,3,2,332,Loyal Customers
4,1,76.32000000000001,5,2,1,521,Others
333,1,9.700000000000001,1,2,1,121,Others
12,5,731.38,5,4,3,543,Loyal Customers
5,4,1068.05,5,4,4,544,Champions
3,1,180.7,5,2,1,521,Others
149,1,92.2,2,2,1,221,Others
108,1,102.65,2,2,1,221,Others
39,1,209.05,3,2,1,321,Others
173,1,399.29,2,2,2,222,Others
267,1,222.95999999999998,1,2,1,121,Others
140,1,220.13,2,2,1,221,Others
234,2,445.0,1,3,2,132,At Risk
28,5,567.71,4,4,3,443,Loyal Customers
45,2,847.03,3,3,3,333,Loyal Customers
187,2,145.99,1,3,1,131,At Risk
109,1,536.41,2,2,3,223,Others
37,2,882.47,3,3,3,333,Loyal Customers
9,8,2169.25,5,5,5,555,Champions
18,7,2748.19,4,5,5,455,Champions
282,1,112.85000000000001,1,2,1,121,Others
40,4,941.88,3,4,3,343,Loyal Customers
56,4,1226.09,3,4,4,344,Loyal Customers
282,1,426.69,1,2,2,122,Others
295,1,246.22,1,2,1,121,Others
24,3,533.41,4,4,3,443,Loyal Customers
5,1,186.88,5,2,1,521,Others
207,1,213.9,1,2,1,121,Others
22,1,365.82,4,2,2,422,Others
15,1,184.41,5,2,1,521,Others
368,1,371.51,1,2,2,122,Others
220,1,728.84,1,2,3,123,Others
259,1,175.5,1,2,1,121,Others
8,11,2538.7599999999998,5,5,5,555,Champions
10,6,1897.69,5,5,4,554,Champions
106,4,1206.0,2,4,4,244,At Risk
23,32,9905.56,4,5,5,455,Champions
248,1,589.52,1,2,3,123,Others
239,1,58.5,1,2,1,121,Others
311,1,176.10000000000002,1,2,1,121,Others
196,3,875.45,1,4,3,143,At Risk
38,7,4512.93,3,5,5,355,Loyal Customers
158,2,754.38,2,3,3,233,At Risk
36,4,821.49,4,4,3,443,Loyal Customers
99,1,291.13,2,2,2,222,Others
358,1,329.58000000000004,1,2,2,122,Others
267,1,724.89,1,2,3,123,Others
66,3,1279.55,3,4,4,344,Loyal Customers
261,1,313.49,1,2,2,122,Others
239,3,461.16,1,4,2,142,At Risk
113,1,321.6,2,2,2,222,Others
16,2,963.59,4,3,3,433,Loyal Customers
74,5,3188.2,2,4,5,245,At Risk
23,1,101.16,4,2,1,421,Others
107,2,770.56,2,3,3,233,At Risk
211,1,230.1,1,2,1,121,Others
319,1,344.75,1,2,2,122,Others
358,1,447.53000000000003,1,2,2,122,Others
17,3,332.1,4,4,2,442,Loyal Customers
189,1,314.65999999999997,1,2,2,122,Others
135,1,544.47,2,2,3,223,Others
201,1,360.08,1,2,2,122,Others
18,1,147.45,4,2,1,421,Others
313,1,298.3,1,2,2,122,Others
166,4,1780.34,2,4,4,244,At Risk
73,4,1933.15,2,4,4,244,At Risk
149,2,323.29,2,3,2,232,At Risk
232,2,479.91999999999996,1,3,2,132,At Risk
4,8,1493.1200000000001,5,5,4,554,Champions
30,5,1616.48,4,4,4,444,Champions
26,1,383.33,4,2,2,422,Others
23,12,7516.31,4,5,5,455,Champions
1,15,7539.84,5,5,5,555,Champions
14,15,6650.83,5,5,5,555,Champions
120,1,295.0,2,2,2,222,Others
2,10,3526.81,5,5,5,555,Champions
14,2,1480.8600000000001,5,3,4,534,Loyal Customers
42,23,4782.400000000001,3,5,5,355,Loyal Customers
187,1,179.6,1,2,1,121,Others
24,6,913.11,4,5,3,453,Loyal Customers
151,1,270.92,2,2,2,222,Others
8,2,588.75,5,3,3,533,Loyal Customers
51,4,913.9,3,4,3,343,Loyal Customers
81,4,1372.72,2,4,4,244,At Risk
50,1,515.78,3,2,3,323,Others
66,2,568.64,3,3,3,333,Loyal Customers
15,13,3757.92,5,5,5,555,Champions
245,1,162.72,1,2,1,121,Others
50,3,839.73,3,4,3,343,Loyal Customers
81,8,21964.14,2,5,5,255,At Risk
184,5,1015.42,1,4,4,144,At Risk
278,1,317.88,1,2,2,122,Others
217,1,267.9,1,2,2,122,Others
92,1,199.85,2,2,1,221,Others
23,1,110.69999999999999,4,2,1,421,Others
82,4,2262.52,2,4,5,245,At Risk
100,6,2059.67,2,5,4,254,At Risk
2,5,1979.6000000000001,5,4,4,544,Champions
10,17,7318.91,5,5,5,555,Champions
29,2,428.06,4,3,2,432,Loyal Customers
134,1,603.25,2,2,3,223,Others
70,1,251.1,3,2,2,322,Others
308,1,269.37,1,2,2,122,Others
227,5,1464.73,1,4,4,144,At Risk
2,1,168.60000000000002,5,2,1,521,Others
68,1,161.4,3,2,1,321,Others
245,2,680.85,1,3,3,133,At Risk
184,3,1307.4,1,4,4,144,At Risk
226,1,153.0,1,2,1,121,Others
214,2,741.85,1,3,3,133,At Risk
28,5,1320.66,4,4,4,444,Champions
33,4,1069.67,4,4,4,444,Champions
40,1,240.3,3,2,1,321,Others
155,1,231.34,2,2,1,221,Others
30,1,307.55,4,2,2,422,Others
213,1,120.32,1,2,1,121,Others
18,6,619.37,4,5,3,453,Loyal Customers
67,1,461.68,3,2,2,322,Others
296,1,427.0,1,2,2,122,Others
112,2,1296.43,2,3,4,234,At Risk
18,4,2345.71,4,4,5,445,Champions
