StockCode,TotalQuantity,AverageDailyDemand,DemandStd,SafetyStock,ReorderPoint,CurrentStock,RecommendedReorderQty,Recommendation
10002,7796,45.858823529411765,104.71687983169025,457.14045647372467,778.1522211796071,137.57647058823528,640.5757505913718,REORDER
10080,12,2.4,2.1908902300206643,9.564308652485028,26.36430865248503,7.199999999999999,19.16430865248503,REORDER
10109,4,4.0,0.0,0.0,28.0,12.0,16.0,REORDER
10120,471,14.272727272727273,14.543625595240874,63.49004720229778,163.39913811138868,42.81818181818182,120.58095629320687,REORDER
10123C,624,15.6,34.37336476297025,150.0565685640944,259.2565685640944,46.8,212.45656856409437,REORDER
10123G,2246,204.1818181818182,444.8981497335807,1942.1982738639222,3371.4710011366496,612.5454545454545,2758.925546591195,REORDER
10124A,46,3.2857142857142856,2.1277858274442303,9.288827035331623,32.28882703533162,9.857142857142858,22.431684178188764,REORDER
10124G,20,3.3333333333333335,1.632993161855452,7.128814768248646,30.46214810158198,10.0,20.46214810158198,REORDER
10125,788,14.867924528301886,12.148183998266283,53.03277167177039,157.1082433698836,44.60377358490566,112.50446978497794,REORDER
10133,967,13.246575342465754,18.763721513955396,81.91283231339729,174.63885971065758,39.73972602739726,134.89913368326032,REORDER
10134,612,14.926829268292684,35.727013759830555,155.9659092675657,260.4537141456145,44.78048780487805,215.67322634073648,REORDER
10135,1982,18.523364485981308,68.01738759308931,296.9292024593474,426.5927538612165,55.570093457943926,371.0226604032726,REORDER
10138,247,17.642857142857142,23.886291990489966,104.27536077801226,227.77536077801227,52.92857142857143,174.84678934944083,REORDER
11001,3070,32.31578947368421,71.25131774188607,311.04689109561343,537.2574174114029,96.94736842105263,440.3100489903503,REORDER
15030,111,7.928571428571429,3.292515655340053,14.373443059497449,69.87344305949745,23.785714285714285,46.08772877378316,REORDER
15034,3425,46.28378378378378,61.68801759056599,269.29840313840555,593.284889624892,138.85135135135135,454.43353827354065,REORDER
15036,19202,115.67469879518072,200.27690578879276,874.3067620099855,1684.0296535762504,347.0240963855422,1337.0055571907083,REORDER
15039,2603,30.267441860465116,58.204391267246294,254.0906684333049,465.9627614565607,90.80232558139535,375.1604358751654,REORDER
15044A,4472,49.142857142857146,367.264741673075,1603.2904334524048,1947.2904334524048,147.42857142857144,1799.8618620238335,REORDER
15044B,1319,15.337209302325581,56.39683146400343,246.19978479653008,353.5602499128091,46.01162790697674,307.5486220058324,REORDER
15044C,592,6.804597701149425,10.481255783606752,45.755813781283464,93.38799768932944,20.413793103448274,72.97420458588117,REORDER
15044D,915,10.054945054945055,15.6264466973729,68.21709153081123,138.60170691542663,30.164835164835164,108.43687175059146,REORDER
15056BL,6663,28.844155844155843,81.24596015670136,354.6783992454353,556.5874901545262,86.53246753246754,470.0550226220587,REORDER
15056N,7201,31.583333333333332,75.61155706906334,330.08147080773057,551.1648041410639,94.75,456.4148041410639,REORDER
15056P,1722,12.850746268656716,53.32571322699975,232.79284987825181,322.7480737588488,38.55223880597015,284.19583495287867,REORDER
15058A,271,6.4523809523809526,7.2286772428020285,31.55671578247029,76.72338244913696,19.357142857142858,57.3662395919941,REORDER
15058B,186,4.65,5.289321608384489,23.090478807042125,55.64047880704213,13.950000000000001,41.690478807042126,REORDER
15058C,220,5.7894736842105265,7.006398213898579,30.586358979433573,71.11267476890725,17.36842105263158,53.74425371627568,REORDER
15059A,505,505.0,0.0,0.0,3535.0,1515.0,2020.0,REORDER
15060B,744,5.552238805970149,6.398504482433052,27.932605178362348,66.79827682015339,16.65671641791045,50.141560402242945,REORDER
16008,251,16.733333333333334,11.87113345573242,51.82331039213918,168.95664372547253,50.2,118.75664372547253,REORDER
16010,14,7.0,7.0710678118654755,30.86867344088502,79.86867344088502,21.0,58.86867344088502,REORDER
16011,2109,34.016129032258064,30.40733945886559,132.74292609481148,370.85582932061794,102.04838709677419,268.80744222384374,REORDER
16012,1681,38.20454545454545,40.699454053509115,177.67304597077992,445.1048641525981,114.61363636363636,330.49122778896174,REORDER
16014,17041,415.6341463414634,861.5517615354738,3761.095309343604,6670.534333733848,1246.9024390243903,5423.631894709458,REORDER
16015,911,23.973684210526315,27.502812477414963,120.06324358063895,287.87903305432314,71.92105263157895,215.95798042274419,REORDER
16016,1058,25.19047619047619,44.425458585133576,193.9388802388337,370.272213572167,75.57142857142857,294.70078500073845,REORDER
16020C,76,3.619047619047619,3.8141341150540375,16.650563053542662,41.983896386876,10.857142857142858,31.12675352973314,REORDER
16033,14161,345.390243902439,592.2526858549811,2585.4729781358633,5003.204685452936,1036.170731707317,3967.0339537456193,REORDER
16043,2044,204.4,398.3706258693725,1739.0828493777976,3169.8828493777974,613.2,2556.6828493777975,REORDER
16044,6192,3096.0,4310.522938113194,18817.543329563505,40489.5433295635,9288.0,31201.5433295635,REORDER
16045,400,100.0,0.0,0.0,700.0,300.0,400.0,REORDER
16046,9886,318.9032258064516,1145.5378461619014,5000.833626288981,7233.156206934142,956.7096774193548,6276.446529514787,REORDER
16047,10587,504.14285714285717,1555.930791703612,6792.399787924736,10321.399787924736,1512.4285714285716,8808.971216496164,REORDER
16048,1977,98.85,189.99675204980133,829.4288571257301,1521.37885712573,296.54999999999995,1224.82885712573,REORDER
16049,2640,138.94736842105263,169.4374593517589,739.6774773685594,1712.3090563159278,416.8421052631579,1295.46695105277,REORDER
16050,122,30.5,23.9513395589196,104.55932526561179,318.0593252656118,91.5,226.5593252656118,REORDER
16051,938,312.6666666666667,479.2007234273894,2091.945804747341,4280.612471414008,938.0,3342.612471414008,REORDER
16052,343,22.866666666666667,6.243472782110319,27.255815893126368,187.32248255979303,68.6,118.72248255979304,REORDER
16053,4298,537.25,902.8291643494908,3941.291384654273,7702.041384654272,1611.75,6090.291384654272,REORDER
16054,39,9.75,17.5,76.39606910699005,144.64606910699007,29.25,115.39606910699007,REORDER
16119,271,45.166666666666664,61.60005411253035,268.9143994842969,585.0810661509636,135.5,449.5810661509636,REORDER
16151A,3,1.5,0.7071067811865476,3.0868673440885015,13.586867344088501,4.5,9.086867344088501,REORDER
16156L,475,27.941176470588236,8.302639551938395,36.245087141732256,231.8333224358499,83.82352941176471,148.00979302408518,REORDER
16156N,1450,30.851063829787233,11.901733018500424,51.95689246710307,267.9143392756137,92.5531914893617,175.36114778625202,REORDER
16156S,10886,67.19753086419753,86.54111430941475,377.79433996445573,848.1770560138384,201.5925925925926,646.5844634212458,REORDER
16161C,450,225.0,176.7766952966369,771.7168360221253,2346.7168360221253,675.0,1671.7168360221253,REORDER
16161E,750,107.14285714285714,185.24436884957174,808.6823773892937,1558.6823773892938,321.42857142857144,1237.2538059607223,REORDER
16161G,275,25.0,0.0,0.0,175.0,75.0,100.0,REORDER
16161M,1050,28.37837837837838,10.478420553561367,45.743436613827384,244.39208526247603,85.13513513513513,159.2569501273409,REORDER
16161P,6022,48.959349593495936,45.136477628280396,197.0428265220697,539.7582736765413,146.8780487804878,392.8802248960535,REORDER
16161U,5976,43.30434782608695,60.33297009288121,263.382957294041,566.5133920766497,129.91304347826087,436.6003485983888,REORDER
16162L,8066,806.6,1550.655216352107,6769.369318260009,12415.569318260008,2419.8,9995.769318260009,REORDER
16162M,60,12.0,0.0,0.0,84.0,36.0,48.0,REORDER
16168M,1273,38.57575757575758,62.53600478076125,273.00028245177697,543.03058548208,115.72727272727273,427.3033127548073,REORDER
16168S,1274,212.33333333333334,259.3666645246969,1132.2624929759,2618.5958263092334,637.0,1981.5958263092334,REORDER
16169A,25,25.0,0.0,0.0,175.0,75.0,100.0,REORDER
16169C,1350,42.1875,27.995895436480016,122.2157921415654,417.52829214156543,126.5625,290.96579214156543,REORDER
16169D,250,50.0,25.0,109.13724158141437,459.1372415814144,150.0,309.1372415814144,REORDER
16169F,975,37.5,17.67766952966369,77.17168360221255,339.67168360221257,112.5,227.17168360221257,REORDER
16169G,25,25.0,0.0,0.0,175.0,75.0,100.0,REORDER
16169K,1875,41.666666666666664,74.81036632105814,326.5838808790171,618.2505475456837,125.0,493.25054754568373,REORDER
16169M,1400,48.275862068965516,87.60988877311418,382.46006383808816,720.3910983208468,144.82758620689654,575.5635121139503,REORDER
16169N,2025,41.326530612244895,78.48683216393212,342.63345451339933,631.9191687991135,123.97959183673468,507.93957696237885,REORDER
16169P,1700,38.63636363636363,71.620476125357,312.65844820276027,583.1129936573057,115.9090909090909,467.2039027482148,REORDER
16201A,100,16.666666666666668,11.587349423689037,50.584454133656514,167.25112080032318,50.0,117.25112080032318,REORDER
16201B,24,24.0,0.0,0.0,168.0,72.0,96.0,REORDER
16202A,653,38.411764705882355,98.54507777124728,430.1975183751953,699.0798713163717,115.23529411764707,583.8445771987247,REORDER
16202B,1005,62.8125,149.05042491273437,650.678089260542,1090.365589260542,188.4375,901.928089260542,REORDER
16202C,94,9.4,8.382521498133285,36.593810952126866,102.39381095212687,28.200000000000003,74.19381095212687,REORDER
16202E,66,6.6,5.699902533279748,24.8828655906027,71.0828655906027,19.799999999999997,51.2828655906027,REORDER
16206B,89,6.846153846153846,6.65640235470275,29.058455673931576,76.9815325970085,20.538461538461537,56.44307105854696,REORDER
16207A,42,3.230769230769231,1.640825308284734,7.1630059225267875,29.778390537911406,9.692307692307693,20.086082845603713,REORDER
16207B,207,23.0,40.88703951131703,178.49194834781764,339.49194834781764,69.0,270.49194834781764,REORDER
16212,357,12.75,13.478721227398609,58.841218192125595,148.0912181921256,38.25,109.84121819212561,REORDER
16215,8,8.0,0.0,0.0,56.0,24.0,32.0,REORDER
16216,819,25.59375,29.214290995796848,127.53468536152076,306.69093536152076,76.78125,229.90968536152076,REORDER
16218,765,45.0,35.96352318669571,156.99838872580827,471.99838872580824,135.0,336.99838872580824,REORDER
16219,291,17.11764705882353,9.095894355017931,39.7080327849046,159.5315621966693,51.35294117647059,108.17862102019873,REORDER
16225,660,19.41176470588235,49.67660119092643,216.86268900470856,352.745041945885,58.23529411764706,294.50974782823795,REORDER
16235,2510,38.61538461538461,34.98602055986626,152.73111111257816,423.0388034202704,115.84615384615384,307.19264957411656,REORDER
16236,1129,17.92063492063492,16.125817395938352,70.39708915353192,195.84153359797637,53.76190476190476,142.0796288360716,REORDER
16237,5656,45.248,51.031087299485804,222.7756841106491,539.5116841106491,135.744,403.76768411064904,REORDER
16238,1030,19.433962264150942,15.039063792928713,65.65287753308651,201.6906133821431,58.30188679245283,143.3887265896903,REORDER
16239,338,30.727272727272727,86.90349924955946,379.37632767477726,594.4672367656864,92.18181818181819,502.2854185838682,REORDER
16243B,205,205.0,0.0,0.0,1435.0,615.0,820.0,REORDER
16244A,142,23.666666666666668,36.13124225191637,157.7305645713601,323.3972312380268,71.0,252.3972312380268,REORDER
16244B,302,50.333333333333336,98.10946267647513,428.2958451818089,780.6291785151423,151.0,629.6291785151423,REORDER
16245A,11,1.8333333333333333,1.3291601358251257,5.802434833757291,18.635768167090625,5.5,13.135768167090625,REORDER
16248B,68,17.0,21.02379604162864,91.77916430214431,210.7791643021443,51.0,159.7791643021443,REORDER
16254,881,97.88888888888889,287.2927272158331,1254.17343098951,1939.3956532117322,293.66666666666663,1645.7289865450657,REORDER
16256B,493,24.65,16.52836477408649,72.15440557180867,244.70440557180865,73.94999999999999,170.75440557180866,REORDER
16256C,169,16.9,14.60175027560433,63.743789893604536,182.04378989360453,50.699999999999996,131.34378989360454,REORDER
16258A,583,17.666666666666668,32.069910612077905,140.0008632785884,263.66752994525507,53.0,210.66752994525507,REORDER
16258B,1014,112.66666666666667,167.47835681066377,731.125035476149,1519.7917021428157,338.0,1181.7917021428157,REORDER
16259,2093,91.0,56.56131025870793,246.9178152746375,883.9178152746375,273.0,610.9178152746375,REORDER
17001,1139,56.95,93.8214850267868,409.57672307581925,808.2267230758193,170.85000000000002,637.3767230758193,REORDER
17003,48166,362.1503759398496,1208.405520286212,5275.281807831641,7810.334439410588,1086.4511278195487,6723.883311591039,REORDER
17007B,22,4.4,4.505552130427524,19.66894125264499,50.468941252644996,13.200000000000001,37.26894125264499,REORDER
17011A,254,42.333333333333336,45.27545324639684,197.64952314640172,493.9828564797351,127.0,366.9828564797351,REORDER
17011B,19,9.5,9.192388155425117,40.12927547315052,106.62927547315053,28.5,78.12927547315053,REORDER
17011C,334,334.0,0.0,0.0,2338.0,1002.0,1336.0,REORDER
17011D,207,103.5,125.15790027001891,546.3755199036648,1270.8755199036648,310.5,960.3755199036648,REORDER
17011E,124,124.0,0.0,0.0,868.0,372.0,496.0,REORDER
17011F,300,33.333333333333336,61.2474489264655,267.3751051893201,500.7084385226534,100.0,400.7084385226534,REORDER
17012A,374,46.75,67.32172224263344,293.8922825628465,621.1422825628465,140.25,480.8922825628465,REORDER
17012B,162,14.727272727272727,28.67085945377609,125.16234058214154,228.25324967305062,44.18181818181818,184.07143149123243,REORDER
17012C,415,31.923076923076923,71.07210134605273,310.2645237721169,533.7260622336553,95.76923076923077,437.9568314644245,REORDER
17012D,41,5.857142857142857,8.315218406203,36.300000000000004,77.30000000000001,17.57142857142857,59.72857142857144,REORDER
17012E,205,22.77777777777778,63.46411934663905,277.0519569954344,436.49640143987887,68.33333333333334,368.16306810654555,REORDER
17012F,128,25.6,40.475918766595036,176.6972049863834,355.89720498638343,76.80000000000001,279.0972049863834,REORDER
17013B,255,127.5,3.5355339059327378,15.43433672044251,907.9343367204425,382.5,525.4343367204425,REORDER
17013C,213,106.5,14.849242404917497,64.82421422585853,810.3242142258586,319.5,490.82421422585855,REORDER
17013D,516,51.6,64.26023480954436,280.5273908195062,641.7273908195061,154.8,486.9273908195061,REORDER
17013F,61,15.25,27.183021661814323,118.66720008072997,225.41720008072997,45.75,179.66720008072997,REORDER
17014A,93,46.5,60.10407640085654,262.38372424752265,587.8837242475227,139.5,448.38372424752265,REORDER
17014C,96,96.0,0.0,0.0,672.0,288.0,384.0,REORDER
17014D,476,95.2,95.08785411397189,415.1050442357934,1081.5050442357933,285.6,795.9050442357933,REORDER
17014E,93,23.25,43.83586811428894,191.36502913280685,354.11502913280685,69.75,284.36502913280685,REORDER
17014F,61,15.25,27.83732506306356,121.52355481551714,228.27355481551714,45.75,182.52355481551714,REORDER
17021,1925,71.29629629629629,161.27468560355098,704.0429729472556,1203.1170470213297,213.88888888888886,989.2281581324407,REORDER
17027A,228,114.0,42.42640687119285,185.2120406453101,983.2120406453101,342.0,641.2120406453101,REORDER
17033,3279,58.55357142857143,92.27152020834185,402.81036768248646,812.6853676824865,175.66071428571428,637.0246533967722,REORDER
17038,1123,93.58333333333333,47.83961525638337,208.8433458959131,863.9266792292464,280.75,583.1766792292464,REORDER
17039,3641,125.55172413793103,235.39231481066065,1027.6027171159765,1906.4647860814937,376.6551724137931,1529.8096136677007,REORDER
17061,52,52.0,0.0,0.0,364.0,156.0,208.0,REORDER
17084A,242,22.0,6.855654600401044,29.92828929290814,183.92828929290815,66.0,117.92828929290815,REORDER
17084G,50,25.0,0.0,0.0,175.0,75.0,100.0,REORDER
17084J,254,21.166666666666668,8.952737857857512,39.083084576322776,187.24975124298948,63.5,123.74975124298948,REORDER
17084N,1391,43.46875,44.10616544934689,192.54500935500812,496.8262593550081,130.40625,366.4200093550081,REORDER
17084P,550,39.285714285714285,46.73399120625088,204.01675553361184,479.01675553361184,117.85714285714286,361.159612676469,REORDER
17084R,8033,205.97435897435898,364.53434515683205,1591.3709156841546,3033.191428504668,617.9230769230769,2415.2683515815907,REORDER
17090A,106,5.888888888888889,8.065094645073108,35.2080873062526,76.43030952847482,17.666666666666668,58.76364286180815,REORDER
17090D,66,3.6666666666666665,3.1808249022578288,13.885858231435655,39.55252489810232,11.0,28.55252489810232,REORDER
17091A,1909,25.7972972972973,45.116585575209456,196.95598797000756,377.5370690510887,77.3918918918919,300.1451771591968,REORDER
17091B,264,6.6,9.63380799114537,42.05628920314369,88.2562892031437,19.799999999999997,68.4562892031437,REORDER
17091F,16,2.6666666666666665,1.7511900715418263,7.644802155713383,26.311468822380046,8.0,18.311468822380046,REORDER
17091J,1986,29.205882352941178,53.66968037679325,234.29443491517515,438.7356113857634,87.61764705882354,351.11796432693984,REORDER
17096,3641,182.05,286.13972939255063,1249.1400309102132,2523.490030910213,546.1500000000001,1977.340030910213,REORDER
17107D,151,4.194444444444445,2.5947137958818662,11.327196255031517,40.68830736614263,12.583333333333334,28.104974032809295,REORDER
17108D,355,16.136363636363637,9.612964730461195,41.96529816407837,154.91984361862382,48.40909090909091,106.51075270953291,REORDER
17109A,709,54.53846153846154,85.78618321600064,374.4986960796854,756.2679268489162,163.6153846153846,592.6525422335316,REORDER
17109B,4541,302.73333333333335,994.9061310112675,4343.252430840279,6462.385764173612,908.2,5554.185764173612,REORDER
17109C,3124,260.3333333333333,716.7457179798316,3128.9460230243667,4951.2793563577,781.0,4170.2793563577,REORDER
17109D,1194,39.8,84.98089034681814,370.983198383375,649.583198383375,119.39999999999999,530.183198383375,REORDER
17129C,84,8.4,22.351733713517618,97.57626248222464,156.37626248222463,25.200000000000003,131.17626248222462,REORDER
17129D,518,32.375,40.463769802956655,176.64416881120079,403.26916881120076,97.125,306.14416881120076,REORDER
17129F,513,23.318181818181817,23.257126636666435,101.52874592941646,264.7560186566892,69.95454545454545,194.80147320214377,REORDER
17136A,391,24.4375,16.89958086265258,73.77494556927847,244.8374455692785,73.3125,171.5249455692785,REORDER
17164B,1559,25.983333333333334,45.14402250975849,197.07576362417285,378.9590969575062,77.95,301.0090969575062,REORDER
17164D,1144,49.73913043478261,86.46871078409825,377.4782631231032,725.6521761665815,149.2173913043478,576.4347848622338,REORDER
17165B,809,17.21276595744681,44.314555548798076,193.45473418008726,313.9440958822149,51.63829787234043,262.3057980098745,REORDER
17165D,689,11.295081967213115,18.275980833045214,79.78360541253416,158.84917918302597,33.885245901639344,124.96393328138663,REORDER
17174,27,9.0,13.0,56.75136562233547,119.75136562233547,27.0,92.75136562233547,REORDER
17178,133,5.782608695652174,6.687549637804774,29.194428816351987,69.6726896859172,17.347826086956523,52.32486359896068,REORDER
17181,294,10.88888888888889,17.22773553880114,75.20750141595431,151.42972363817654,32.66666666666667,118.76305697150987,REORDER
17191A,29,2.9,1.5951314818673865,6.963529995627218,27.26352999562722,8.7,18.56352999562722,REORDER
18007,5504,177.5483870967742,509.72815230013714,2225.2129799371214,3468.051689614541,532.6451612903227,2935.406528324218,REORDER
18010,56,9.333333333333334,7.737355275975549,33.77734447821498,99.11067781154833,28.0,71.11067781154833,REORDER
18094C,211,7.033333333333333,5.020532554066031,21.917082968818384,71.15041630215171,21.1,50.05041630215171,REORDER
18096C,106,8.833333333333334,12.46692594123517,54.424236329047375,116.25756966238072,26.5,89.75756966238072,REORDER
18097A,13,1.625,0.9161253813129043,3.9993358823684715,15.374335882368472,4.875,10.499335882368472,REORDER
18097B,7,2.3333333333333335,1.1547005383792515,5.0408332644514235,21.374166597784757,7.0,14.374166597784757,REORDER
18097C,912,10.363636363636363,22.133960913160777,96.62557757332841,169.17103211878296,31.09090909090909,138.08012302787387,REORDER
18098A,2,1.0,0.0,0.0,7.0,3.0,4.0,REORDER
18098B,3,1.0,0.0,0.0,7.0,3.0,4.0,REORDER
18098C,951,7.859504132231405,12.066003056193301,52.67401161863409,107.69054054425392,23.578512396694215,84.1120281475597,REORDER
20615,231,5.5,15.302239593777308,66.80176877131032,105.30176877131032,16.5,88.80176877131032,REORDER
20616,56,2.9473684210526314,2.895853054331435,12.64181657499386,33.27339552236228,8.842105263157894,24.431290259204385,REORDER
20617,386,8.772727272727273,29.907503636785798,130.5608979801968,191.96998888928772,26.31818181818182,165.6518070711059,REORDER
20618,126,2.8636363636363638,3.751532456432997,16.377276159929792,36.42273070538434,8.590909090909092,27.831821614475245,REORDER
20619,231,5.133333333333334,14.762667903748417,64.44627413590332,100.37960746923666,15.400000000000002,84.97960746923665,REORDER
20620,1,1.0,0.0,0.0,7.0,3.0,4.0,REORDER
20621,199,7.37037037037037,18.978019974835156,82.84835002921967,134.44094262181227,22.11111111111111,112.32983151070115,REORDER
20622,361,8.204545454545455,29.80134189694067,130.09745000226957,187.52926818408775,24.613636363636367,162.91563182045138,REORDER
20652,1070,20.18867924528302,85.64642356441924,373.88857676536645,515.2093314823476,60.56603773584906,454.6432937464985,REORDER
20653,1894,78.91666666666667,366.61494035670944,1600.4537325226406,2152.870399189307,236.75,1916.1203991893071,REORDER
20654,234,4.178571428571429,5.40069740566276,23.57668869879738,52.82668869879738,12.535714285714286,40.2909744130831,REORDER
20655,179,3.4423076923076925,4.136937683077322,18.059758693010654,42.155912539164504,10.326923076923077,31.828989462241427,REORDER
20657,1632,34.723404255319146,176.56821592550466,770.8067214824455,1013.8705512696795,104.17021276595744,909.700338503722,REORDER
20658,1028,8.094488188976378,6.820176731483499,29.773411022874225,86.43482834570887,24.283464566929133,62.15136377877973,REORDER
20659,194,3.803921568627451,3.852373854355972,16.817498240190883,43.44494922058304,11.411764705882351,32.03318451470069,REORDER
20660,71,3.736842105263158,5.331688342804306,23.27543034821777,49.43332508505988,11.210526315789474,38.222798769270405,REORDER
20661,779,21.054054054054053,67.91700243104975,296.49097207211935,443.8693504504977,63.16216216216216,380.7071882883355,REORDER
20662,686,38.111111111111114,95.43207556032527,416.6077394017203,683.3855171794982,114.33333333333334,569.0521838461648,REORDER
20663,1034,94.0,200.7754965128962,876.4833546622549,1534.483354662255,282.0,1252.483354662255,REORDER
20664,25,1.9230769230769231,1.1151635501529555,4.868234951033232,18.329773412571694,5.769230769230769,12.560542643340924,REORDER
20665,845,7.3478260869565215,5.238259182947571,22.867566316616447,74.30234892531209,22.043478260869563,52.258870664442526,REORDER
20666,867,51.0,131.40728670815787,573.6571518010562,930.6571518010562,153.0,777.6571518010562,REORDER
20667,20,2.5,1.1952286093343936,5.217758139277826,22.717758139277827,7.5,15.217758139277827,REORDER
20668,8710,104.93975903614458,145.49531460041226,635.158291940363,1369.736605193375,314.81927710843377,1054.9173280849413,REORDER
20669,447,5.730769230769231,6.67554769760033,29.142034470450465,69.25741908583508,17.192307692307693,52.06511139352739,REORDER
20670,656,43.733333333333334,104.13141879832608,454.5846323843339,760.7179657176672,131.2,629.5179657176673,REORDER
20671,731,7.776595744680851,8.90349001925607,38.868093645970454,93.30426385873642,23.329787234042552,69.97447662469386,REORDER
20672,116,6.105263157894737,5.867942445015263,25.61644208829864,68.35328419356179,18.315789473684212,50.03749471987758,REORDER
20673,5,2.5,2.1213203435596424,9.260602032265503,26.760602032265503,7.5,19.260602032265503,REORDER
20674,1758,11.26923076923077,13.165128010524576,57.47223024539463,136.35684563001,33.80769230769231,102.54915332231771,REORDER
20675,3186,16.857142857142858,24.40974941004922,106.56050873225314,224.56050873225314,50.57142857142857,173.98908016082459,REORDER
20676,5234,22.560344827586206,30.482210777870964,133.06977606400386,290.9921898571073,67.68103448275862,223.3111553743487,REORDER
20677,3839,19.68717948717949,26.997319258740106,117.85651815966757,255.66677456992397,59.06153846153846,196.6052361083855,REORDER
20679,4501,24.32972972972973,82.05548515454824,358.2123722556836,528.5204803637916,72.98918918918919,455.5312911746025,REORDER
20680,6,1.5,1.0,4.365489663256574,14.865489663256575,4.5,10.365489663256575,REORDER
20681,1195,7.709677419354839,9.264488647263057,40.44402942498476,94.41177136046863,23.129032258064516,71.28273910240412,REORDER
20682,1796,10.089887640449438,11.601325123453455,50.64546490651485,121.27467838966092,30.269662921348313,91.0050154683126,REORDER
20683,1,1.0,0.0,0.0,7.0,3.0,4.0,REORDER
20684,484,4.792079207920792,7.0912859647361115,30.956935578251922,64.50149003369746,14.376237623762375,50.12525240993509,REORDER
20685,5642,20.15,26.460879354260264,115.51469530170249,256.5646953017025,60.449999999999996,196.1146953017025,REORDER
20686,316,3.95,2.997467285323107,13.085412450027768,40.735412450027766,11.850000000000001,28.885412450027765,REORDER
20688,462,51.333333333333336,138.45486629223257,604.4232876263125,963.7566209596458,154.0,809.7566209596458,REORDER
20689,400,16.666666666666668,68.17475413559829,297.61618447401275,414.28285114067944,50.0,364.28285114067944,REORDER
20692,879,10.851851851851851,21.863846362837847,95.44639529599849,171.40935825896145,32.55555555555556,138.8538027034059,REORDER
20693,26,2.3636363636363638,1.5015143870590966,6.554845535937517,23.100300081392064,7.090909090909092,16.00939099048297,REORDER
20694,76,5.428571428571429,5.61199656935974,24.499113013771304,62.49911301377131,16.285714285714285,46.21339872805702,REORDER
20695,78,3.7142857142857144,4.869731585445518,21.25876289909646,47.25876289909646,11.142857142857142,36.115905756239314,REORDER
20696,91,3.7916666666666665,2.5703859745125857,11.220993402314368,37.762660068981035,11.375,26.387660068981035,REORDER
20697,22,2.2,2.0976176963403033,9.157128370837663,24.557128370837667,6.6000000000000005,17.957128370837665,REORDER
20698,27,2.7,2.359378449224852,10.299842231801419,29.19984223180142,8.100000000000001,21.099842231801418,REORDER
20699,180,5.294117647058823,2.9183786674017833,12.740151906010983,49.79897543542275,15.882352941176471,33.916622494246276,REORDER
20700,278,34.75,54.66456151579637,238.6375782436622,481.88757824366223,104.25,377.63757824366223,REORDER
20701,276,27.6,50.48476117712266,220.39070307070577,413.5907030707058,82.80000000000001,330.7907030707058,REORDER
20702,644,4.380952380952381,5.112881038261649,22.320229321991768,52.98689598865844,13.142857142857144,39.84403884580129,REORDER
20703,458,3.606299212598425,2.7289089636672568,11.913023872857622,37.1571183610466,10.818897637795274,26.338220723251325,REORDER
20704,134,5.826086956521739,9.232611045601757,40.30486808444295,81.08747678009513,17.47826086956522,63.60921591052991,REORDER
20705,126,6.0,10.0,43.654896632565745,85.65489663256574,18.0,67.65489663256574,REORDER
20707,1125,35.15625,89.81849417108535,392.10170787314394,638.1954578731439,105.46875,532.7267078731439,REORDER
20711,7269,33.19178082191781,64.14368708365372,280.01860292685456,512.3610686802792,99.57534246575344,412.78572621452577,REORDER
20712,7721,36.942583732057415,56.53331688740927,246.7956105015935,505.3936966259954,110.82775119617224,394.56594542982316,REORDER
20713,9352,41.56444444444445,61.70839096810916,269.3873429074759,560.3384540185871,124.69333333333334,435.64512068525374,REORDER
20714,1513,151.3,156.76879649839617,684.372560634922,1743.472560634922,453.90000000000003,1289.572560634922,REORDER
20715,400,400.0,0.0,0.0,2800.0,1200.0,1600.0,REORDER
20716,1081,9.917431192660551,7.367506790162604,32.16277473642747,101.58479308505133,29.752293577981654,71.83249950706968,REORDER
20717,3332,18.108695652173914,37.31257908336305,162.88767829786485,289.6485478630823,54.32608695652174,235.32246090656054,REORDER
20718,8071,32.94285714285714,52.88051796576761,230.8493545672121,461.4493545672121,98.82857142857142,362.62078313864066,REORDER
20719,10025,40.261044176706825,47.27988183492692,206.39983543036573,488.2271446673135,120.78313253012047,367.444012137193,REORDER
20721,1,1.0,0.0,0.0,7.0,3.0,4.0,REORDER
20723,7768,32.50209205020921,39.75448544821069,173.54779529224766,401.0624396437121,97.50627615062763,303.55616349308445,REORDER
20724,13150,47.64492753623188,51.1409177184536,223.2551476693642,556.7696404229873,142.93478260869566,413.8348578142917,REORDER
20725,20348,67.37748344370861,64.4632571151846,281.41368259618923,753.0560667021496,202.13245033112582,550.9236163710237,REORDER
20726,11984,42.19718309859155,146.30988650656357,638.7142971766458,934.0945788667866,126.59154929577466,807.5030295710119,REORDER
20727,14492,50.494773519163765,162.80184169075932,710.709757060143,1064.1731716942895,151.4843205574913,912.6888511367982,REORDER
20728,12732,45.47142857142857,151.11518277096346,659.691768347769,977.9917683477689,136.4142857142857,841.5774826334832,REORDER
20729,4626,85.66666666666667,571.907368142647,2496.655703966998,3096.322370633665,257.0,2839.322370633665,REORDER
20730,1659,44.83783783783784,229.10447804846996,1000.1532307263884,1314.0180955912533,134.51351351351352,1179.5045820777398,REORDER
20731,4027,105.97368421052632,442.48331694567764,1931.6563462898384,2673.4721357635226,317.92105263157896,2355.5510831319434,REORDER
20733,644,13.416666666666666,17.041667750437806,74.39522440918917,168.31189107585584,40.25,128.06189107585584,REORDER
20734,1379,23.775862068965516,57.874953860297104,252.65251283857822,419.0835473213368,71.32758620689654,347.7559611144403,REORDER
20735,671,21.64516129032258,44.01102012534041,192.12965342655062,343.64578245880864,64.93548387096774,278.7102985878409,REORDER
20736,286,20.428571428571427,28.782244221352553,125.64858963364085,268.6485896336409,61.28571428571428,207.3628753479266,REORDER
20738,1585,27.32758620689655,47.74250668899339,208.4194194487585,399.7125228970344,81.98275862068965,317.7297642763447,REORDER
20747,309,6.4375,9.871312939469407,43.09311460002457,88.15561460002456,19.3125,68.84311460002456,REORDER
20748,310,4.366197183098592,7.272726815438066,31.749013736483786,62.31239401817393,13.098591549295776,49.21380246887816,REORDER
20749,1336,6.242990654205608,6.737661122301512,29.41318998393294,73.1141245633722,18.728971962616825,54.385152600755376,REORDER
20750,1978,8.207468879668049,10.454191056703966,45.63766299575049,103.08994515342684,24.622406639004147,78.4675385144227,REORDER
20751,1829,11.084848484848484,10.569979382843298,46.143135736637525,123.73707513057693,33.25454545454545,90.48252967603148,REORDER
20752,975,8.405172413793103,22.85948702238387,99.7928543035646,158.62906120011633,25.21551724137931,133.41354395873702,REORDER
20753,187,10.38888888888889,10.29070905285236,44.92398399780783,117.64620622003005,31.166666666666668,86.47953955336338,REORDER
20754,3509,15.526548672566372,26.07257739532858,113.81956711376392,222.5054078217285,46.57964601769912,175.92576180402938,REORDER
20755,4807,133.52777777777777,718.7585521920462,3137.7330299716386,4072.427474416083,400.5833333333333,3671.8441410827495,REORDER
20756,5616,267.42857142857144,1149.7346464044897,5019.154714366753,6891.154714366753,802.2857142857143,6088.869000081038,REORDER
20757,5159,206.36,958.2140453294693,4183.073510073065,5627.593510073066,619.08,5008.513510073066,REORDER
20758,5233,168.80645161290323,860.5638236782067,3756.7824768397645,4938.427638130087,506.4193548387097,4432.008283291378,REORDER
20759,5675,218.26923076923077,1033.4351090491289,4511.450286200403,6039.334901585018,654.8076923076924,5384.527209277326,REORDER
20760,5419,146.45945945945945,710.3988157911565,3101.238687126005,4126.454903342221,439.37837837837833,3687.0765249638425,REORDER
20761,312,4.875,12.718565357850103,55.52276560114778,89.64776560114778,14.625,75.02276560114778,REORDER
20762,321,5.5344827586206895,13.540343250516312,59.110228497074885,97.85160780741971,16.603448275862068,81.24815953155765,REORDER
20763,175,5.46875,11.500306798151643,50.204470451610305,88.4857204516103,16.40625,72.0794704516103,REORDER
20764,476,6.611111111111111,13.178680559269015,57.531393756849255,103.80917153462703,19.833333333333332,83.9758382012937,REORDER
20765,317,5.19672131147541,13.32643947463231,58.17643377452172,94.55348295484958,15.59016393442623,78.96331902042336,REORDER
20766,368,5.575757575757576,12.823128870624128,55.97923653531658,95.0095395656196,16.727272727272727,78.28226683834689,REORDER
20767,538,6.560975609756097,15.057172984849913,65.73193302322844,111.65876229152111,19.68292682926829,91.97583546225283,REORDER
20768,575,7.986111111111111,21.35052399367243,93.20549179948846,149.10826957726624,23.958333333333332,125.14993624393291,REORDER
20769,341,10.333333333333334,20.487292809609247,89.43706498845991,161.77039832179327,31.0,130.77039832179327,REORDER
20770,798,10.363636363636363,18.934727973883756,82.65935924656465,155.2048137920192,31.09090909090909,124.1139047011101,REORDER
20771,484,6.54054054054054,14.166513853884677,61.84376979351461,107.62755357729839,19.62162162162162,88.00593195567677,REORDER
20772,710,10.289855072463768,22.253288884008978,97.14650259660361,169.17548810385,30.869565217391305,138.3059228864587,REORDER
20773,3264,47.30434782608695,366.31637340145585,1599.1503415656912,1930.2807763483,141.91304347826087,1788.3677328700392,REORDER
20774,3375,63.679245283018865,439.1039290674776,1916.9036634394217,2362.658380420554,191.0377358490566,2171.6206445714975,REORDER
20775,3447,101.38235294117646,575.7868405406209,2513.591500619242,3223.2679712074773,304.1470588235294,2919.120912383948,REORDER
20776,3187,70.82222222222222,452.68704265293326,1976.2006053915682,2471.956160947124,212.46666666666667,2259.489494280457,REORDER
20777,3437,63.648148148148145,434.9971657859266,1898.975630784369,2344.512667821406,190.94444444444443,2153.5682233769617,REORDER
20778,3584,55.13846153846154,416.3430780664499,1817.5414036675118,2203.5106344367423,165.41538461538462,2038.0952498213576,REORDER
20780,153,3.923076923076923,7.1207059650919104,31.085368285698163,58.54690674723662,11.769230769230768,46.77767597800585,REORDER
20781,51,2.217391304347826,2.4300490406411446,10.60835396812547,26.130093098560252,6.6521739130434785,19.477919185516775,REORDER
20782,72,2.3225806451612905,2.3149815949476222,10.106028223373064,26.364092739502098,6.967741935483872,19.396350804018226,REORDER
20783,130,4.333333333333333,8.087168778415268,35.304451707183155,65.63778504051649,13.0,52.63778504051649,REORDER
20784,26,3.25,5.203021100421232,22.713734831594735,45.463734831594735,9.75,35.713734831594735,REORDER
20785,30,2.5,3.118857599710626,13.615340612705946,31.115340612705946,7.5,23.615340612705946,REORDER
20786,22,2.4444444444444446,3.6094013046179527,15.756804085854467,32.86791519696558,7.333333333333334,25.534581863632248,REORDER
20787,11,1.375,0.5175491695067657,2.2593555497088103,11.884355549708811,4.125,7.759355549708811,REORDER
20791,5,5.0,0.0,0.0,35.0,15.0,20.0,REORDER
20793,265,24.09090909090909,71.62744522242093,312.6888717239551,481.32523536031874,72.27272727272727,409.0525080875915,REORDER
20794,105,7.0,3.6645015252516173,15.997343529473886,64.99734352947388,21.0,43.99734352947388,REORDER
20795,72,8.0,10.712142642814275,46.763747978535676,102.76374797853568,24.0,78.76374797853568,REORDER
20796,27,5.4,3.714835124201342,16.21707433540341,54.017074335403414,16.200000000000003,37.81707433540341,REORDER
20798,423,11.75,12.107553722484868,52.85540062283135,135.10540062283135,35.25,99.85540062283135,REORDER
20799,167,12.846153846153847,27.537387172854515,120.21417905619057,210.1372559792675,38.53846153846154,171.59879444080596,REORDER
20800,996,498.0,698.6214998123089,3049.8249359594397,6535.824935959439,1494.0,5041.824935959439,REORDER
20801,54,3.6,4.067291130821243,17.755717389055278,42.95571738905528,10.8,32.15571738905528,REORDER
20802,259,7.848484848484849,6.062802632246554,26.467102221437084,81.40649616083103,23.545454545454547,57.86104161537648,REORDER
20803,180,6.206896551724138,3.8580093899836445,16.842100112720402,60.29037597478937,18.620689655172413,41.66968631961696,REORDER
20804,283,14.894736842105264,31.626105139833285,138.06343507700782,242.32659297174467,44.684210526315795,197.6423824454289,REORDER
20812,5,1.6666666666666667,0.5773502691896257,2.5204166322257118,14.187083298892379,5.0,9.187083298892379,REORDER
20814,187,18.7,23.074998495244927,100.73366741065273,231.63366741065272,56.099999999999994,175.53366741065273,REORDER
20816,16,3.2,1.9235384061671343,8.397187028999651,30.79718702899965,9.600000000000001,21.19718702899965,REORDER
20818,67,3.7222222222222223,5.706606651691019,24.912132350228358,50.96768790578392,11.166666666666668,39.80102123911725,REORDER
20819,161,5.366666666666666,10.025771389475375,43.767401366928254,81.33406803359492,16.099999999999998,65.23406803359492,REORDER
20820,9,1.2857142857142858,0.7559289460184545,3.3,12.3,3.8571428571428577,8.442857142857143,REORDER
20821,10,2.0,2.23606797749979,9.761531642114367,23.761531642114367,6.0,17.761531642114367,REORDER
20822,2,2.0,0.0,0.0,14.0,6.0,8.0,REORDER
20823,88,8.8,13.830722645215936,60.37787674305879,121.9778767430588,26.400000000000002,95.5778767430588,REORDER
20825,360,60.0,112.95308760720089,493.09553638214976,913.0955363821497,180.0,733.0955363821497,REORDER
20826,79,13.166666666666666,17.417424225948757,76.03558541893395,168.2022520856006,39.5,128.7022520856006,REORDER
20827,85,14.166666666666666,17.092883509421885,74.61880627562999,173.78547294229665,42.5,131.28547294229665,REORDER
20828,3252,16.019704433497537,34.6082689986154,151.0820405766585,263.21997161114126,48.05911330049261,215.16085831064865,REORDER
20829,3456,21.46583850931677,58.1454029842322,253.83315569355364,404.094025258771,64.39751552795032,339.6965097308207,REORDER
20830,221,8.84,18.521788970471146,80.85667829561142,142.7366782956114,26.52,116.2166782956114,REORDER
20831,225,8.333333333333334,18.0576001472212,78.83026678591455,137.1636001192479,25.0,112.16360011924789,REORDER
20832,570,14.25,17.822126840761882,77.80231050059355,177.55231050059353,42.75,134.80231050059353,REORDER
20833,52,10.4,9.09945053286186,39.72355724252298,112.52355724252297,31.200000000000003,81.32355724252297,REORDER
20835,12,12.0,0.0,0.0,84.0,36.0,48.0,REORDER
20836,54,10.8,2.6832815729997477,11.71383797053724,87.31383797053725,32.400000000000006,54.913837970537244,REORDER
20837,24,8.0,3.4641016151377544,15.12249979335427,71.12249979335427,24.0,47.122499793354265,REORDER
20838,61,10.166666666666666,12.812754062521714,55.93394541778723,127.10061208445389,30.5,96.60061208445389,REORDER
20839,61,5.083333333333333,1.9286515936521478,8.41950859611177,44.0028419294451,15.25,28.752841929445097,REORDER
20840,349,21.8125,49.72486802395759,217.07339736538424,369.76089736538427,65.4375,304.32339736538427,REORDER
20845,54,5.4,5.581716183715861,24.366924303243525,62.16692430324353,16.200000000000003,45.96692430324353,REORDER
20846,675,12.5,8.076871241799251,35.259497917528925,122.75949791752893,37.5,85.25949791752893,REORDER
20847,25,4.166666666666667,4.020779360604939,17.552670736956237,46.7193374036229,12.5,34.2193374036229,REORDER
20848,18,4.5,5.196152422706632,22.68374969003141,54.183749690031405,13.5,40.683749690031405,REORDER
20849,670,37.22222222222222,134.89104778020604,588.8654747503382,849.4210303058937,111.66666666666666,737.7543636392271,REORDER
20850,820,39.04761904761905,150.5923225767091,657.4092275744232,930.7425609077566,117.14285714285715,813.5997037648995,REORDER
20851,325,16.25,63.97193052219732,279.2688014332201,393.0188014332201,48.75,344.2688014332201,REORDER
20854,210,3.088235294117647,2.303373866242942,10.055354803698894,31.673001862522423,9.264705882352942,22.40829598016948,REORDER
20855,142,3.227272727272727,3.9641629302847217,17.305512295622847,39.89642138653194,9.681818181818182,30.21460320471376,REORDER
20856,195,3.5454545454545454,3.047878325911697,13.305481326631265,38.12366314481308,10.636363636363637,27.487299508449443,REORDER
20857,222,3.7,2.9070341342383856,12.690627463751696,38.5906274637517,11.100000000000001,27.4906274637517,REORDER
20858,4,4.0,0.0,0.0,28.0,12.0,16.0,REORDER
20860,19,1.9,1.3703203194062978,5.982119189718641,19.28211918971864,5.699999999999999,13.58211918971864,REORDER
20861,44,3.142857142857143,2.7134180220963673,11.845398327555792,33.84539832755579,9.428571428571429,24.41682689898436,REORDER
20862,316,12.64,22.52753870266346,98.34373734508975,186.82373734508974,37.92,148.90373734508972,REORDER
20863,284,7.282051282051282,16.866267671159367,73.62951717616475,124.60387615052372,21.846153846153847,102.75772230436988,REORDER
20864,247,9.88,20.449775874892453,89.27328519775666,158.43328519775667,29.64,128.7932851977567,REORDER
20865,247,9.148148148148149,19.903041328677737,86.88652118771107,150.9235582247481,27.444444444444446,123.47911378030365,REORDER
20866,556,12.930232558139535,36.0920749438731,157.55958009295964,248.07120799993638,38.7906976744186,209.28051032551778,REORDER
20867,693,15.4,35.9882556600698,157.1063580826696,264.9063580826696,46.2,218.70635808266962,REORDER
20868,408,27.2,66.16019519750095,288.8216482537277,479.2216482537277,81.6,397.6216482537277,REORDER
20869,320,22.857142857142858,62.8647597782575,274.43545899509076,434.43545899509076,68.57142857142857,365.8640304236622,REORDER
20870,26,8.666666666666666,13.279056191361391,57.96958254119137,118.63624920785804,26.0,92.63624920785804,REORDER
20871,1202,21.087719298245613,38.50105782487132,168.0759699589194,315.6900050466387,63.263157894736835,252.42684715190188,REORDER
20877,10,3.3333333333333335,2.5166114784235836,10.986241395491,34.319574728824335,10.0,24.319574728824335,REORDER
20878,689,15.311111111111112,17.098407983071276,74.64292330824135,181.82070108601914,45.93333333333334,135.8873677526858,REORDER
20879,50,10.0,8.94427190999916,39.04612656845747,109.04612656845747,30.0,79.04612656845747,REORDER
20881,2,2.0,0.0,0.0,14.0,6.0,8.0,REORDER
20882,2,2.0,0.0,0.0,14.0,6.0,8.0,REORDER
20884,2,1.0,0.0,0.0,7.0,3.0,4.0,REORDER
20885,1,1.0,0.0,0.0,7.0,3.0,4.0,REORDER
20886,1236,10.048780487804878,13.448659911628093,58.70998582886552,129.05144924349966,30.146341463414636,98.90510778008502,REORDER
20887,5,1.25,0.5,2.182744831628287,10.932744831628288,3.75,7.182744831628288,REORDER
20888,359,35.9,72.36397200571874,315.90417178315323,567.2041717831532,107.69999999999999,459.50417178315325,REORDER
20889,656,65.6,125.37428409012396,547.3201412336294,1006.5201412336294,196.79999999999998,809.7201412336294,REORDER
20890,4,4.0,0.0,0.0,28.0,12.0,16.0,REORDER
20891,2,2.0,0.0,0.0,14.0,6.0,8.0,REORDER
20892,86,4.095238095238095,4.097618355883841,17.888110576581308,46.55477724324797,12.285714285714285,34.269062957533684,REORDER
20893,388,9.463414634146341,20.361848591146643,88.88943954944611,155.13334198847048,28.390243902439025,126.74309808603145,REORDER
20894,206,4.291666666666667,5.271191610338957,23.01133248797949,53.05299915464616,12.875,40.17799915464616,REORDER
20895,16,4.0,5.354126134736337,23.373382296963353,51.37338229696336,12.0,39.37338229696336,REORDER
20896,38,2.923076923076923,3.1214723679042464,13.62675535622701,34.08829381776547,8.769230769230768,25.3190630485347,REORDER
20897,219,7.551724137931035,26.322975036616302,114.91267542850932,167.77474439402656,22.655172413793103,145.11957198023345,REORDER
20898,282,8.8125,25.073360107827078,109.45749437382885,171.14499437382887,26.4375,144.70749437382887,REORDER
20899,44,4.0,4.123105625617661,17.99937498914893,45.99937498914893,12.0,33.99937498914893,REORDER
20901,30,2.3076923076923075,1.315587028960544,5.743181576041683,21.897027729887835,6.9230769230769225,14.973950806810912,REORDER
20902,38,3.8,7.114929530376406,31.06015131965715,57.660151319657146,11.399999999999999,46.26015131965715,REORDER
20903,85,8.5,10.700467279516348,46.71277930074382,106.21277930074382,25.5,80.71277930074382,REORDER
20905,6,2.0,1.7320508075688772,7.561249896677135,21.561249896677136,6.0,15.561249896677136,REORDER
20906,75,2.7777777777777777,2.1363760352762253,9.326327498827425,28.770771943271868,8.333333333333332,20.437438609938535,REORDER
20910,74,2.96,4.586937976471886,20.02423032228705,40.74423032228705,8.879999999999999,31.864230322287053,REORDER
20913,295,17.352941176470587,50.91529875252451,222.27021040576608,343.7407986410602,52.05882352941176,291.68197511164846,REORDER
20914,12338,42.98954703832753,65.23488943383333,284.7822355070849,585.7090647753776,128.96864111498257,456.740423660395,REORDER
20931,348,6.327272727272727,9.53367238218878,41.6191482373198,85.91005732822889,18.98181818181818,66.9282391464107,REORDER
20932,116,3.411764705882353,3.978104063867485,17.36637217017248,41.248725111348946,10.235294117647058,31.01343099370189,REORDER
20933,470,15.666666666666666,56.4381463889105,246.3801446741502,356.0468113408168,47.0,309.0468113408168,REORDER
20934,113,4.52,5.553677460326026,24.24452154611429,55.884521546114286,13.559999999999999,42.32452154611428,REORDER
20935,287,8.441176470588236,11.144209466560701,48.64993123143681,107.73816652555446,25.323529411764707,82.41463711378975,REORDER
20936,223,7.964285714285714,10.563676909167086,46.11562235295107,101.86562235295108,23.892857142857142,77.97276521009394,REORDER
20939,12,12.0,0.0,0.0,84.0,36.0,48.0,REORDER
20940,113,12.555555555555555,12.699518801032493,55.43961805423987,143.32850694312876,37.666666666666664,105.6618402764621,REORDER
20941,867,19.704545454545453,32.41846986149527,141.52249507895237,279.45431326077056,59.11363636363636,220.3406768971342,REORDER
20942,6,2.0,1.7320508075688772,7.561249896677135,21.561249896677136,6.0,15.561249896677136,REORDER
20943,332,8.972972972972974,6.052944584096086,26.42406701413633,89.23487782494715,26.91891891891892,62.31595890602823,REORDER
20950,652,11.854545454545455,11.785770110789414,51.45065759216948,134.43247577398768,35.56363636363636,98.86883941035131,REORDER
20952,321,16.894736842105264,56.10891663822952,244.94289560071581,363.2060534954527,50.684210526315795,312.5218429691369,REORDER
20953,19,2.7142857142857144,1.3801311186847085,6.024948132556828,25.02494813255683,8.142857142857142,16.882090989699687,REORDER
20956,1417,21.8,35.756205755085375,156.09334662110047,308.69334662110043,65.4,243.29334662110043,REORDER
20957,67,5.583333333333333,4.52183255959016,19.74001329786786,58.82334663120119,16.75,42.07334663120119,REORDER
20958,26,2.888888888888889,2.3687784005919825,10.34087762232974,30.563099844551964,8.666666666666666,21.8964331778853,REORDER
20960,1739,16.252336448598133,19.58247843023554,85.48710716813808,199.25346230832503,48.7570093457944,150.4964529625306,REORDER
20961,2237,15.643356643356643,29.211565718944126,127.5227881935907,237.0262846970872,46.93006993006993,190.09621476701727,REORDER
20963,2099,16.271317829457363,28.89981399647769,126.16183927166102,240.06106407786257,48.81395348837209,191.2471105894905,REORDER
20964,18,3.6,2.3021728866442674,10.0501119396751,35.2501119396751,10.8,24.4501119396751,REORDER
20966,2087,15.574626865671641,20.748177514193284,90.57595446962326,199.59834252932473,46.723880597014926,152.8744619323098,REORDER
20967,849,6.288888888888889,7.2357597324311875,31.587634317736505,75.60985653995873,18.866666666666667,56.74318987329206,REORDER
20968,37,3.3636363636363638,1.689540012709215,7.375669461140459,30.921124006595008,10.090909090909092,20.830214915685914,REORDER
20969,1260,7.590361445783133,11.483359390825843,50.13048672011053,103.26301684059246,22.7710843373494,80.49193250324305,REORDER
20970,1365,7.982456140350878,12.21593640156917,53.32854408804993,109.20573707050607,23.947368421052634,85.25836864945344,REORDER
20971,10593,44.88559322033898,94.61280357368196,413.0312160126333,727.2303685550062,134.65677966101694,592.5735888939893,REORDER
20972,13138,49.2059925093633,99.77383579786583,435.5616488390421,780.0035964045852,147.6179775280899,632.3856188764953,REORDER
20973,5238,38.51470588235294,90.35756012102124,394.45499470540267,664.0579358818733,115.54411764705883,548.5138182348145,REORDER
20974,6216,30.321951219512194,42.05870962116658,183.6068621011125,395.86052063769785,90.96585365853659,304.89466697916123,REORDER
20975,11607,54.49295774647887,119.03121596749754,519.6295429109715,901.0802471363236,163.4788732394366,737.601373896887,REORDER
20976,518,8.931034482758621,11.584717805383479,50.572965831145964,113.09020721045631,26.793103448275865,86.29710376218046,REORDER
20977,1968,13.297297297297296,9.61677917107899,41.98195006516646,135.06303114624754,39.89189189189189,95.17113925435565,REORDER
20978,2193,14.62,18.713907544135985,81.69536994306486,184.03536994306484,43.86,140.17536994306482,REORDER
20979,4280,23.135135135135137,27.492847056060658,120.01973963672674,281.9656855826727,69.40540540540542,212.56028017726726,REORDER
20980,145,5.0,5.223572942509206,22.803453685790668,57.80345368579067,15.0,42.80345368579067,REORDER
20981,2634,16.15950920245399,26.868662360481988,117.29486780021512,230.41143221739304,48.47852760736197,181.93290461003107,REORDER
20982,2651,15.235632183908047,15.170198020445754,66.22534264781129,172.8747679351676,45.70689655172414,127.16787138344345,REORDER
20983,3449,17.778350515463917,22.65664745607878,98.90736027356027,223.3558138818077,53.33505154639175,170.02076233541595,REORDER
20984,2047,42.645833333333336,110.89452331570948,484.1088952464949,782.6297285798282,127.9375,654.6922285798282,REORDER
20985,1132,10.990291262135923,15.534588318589593,67.8160847277492,144.74812356270064,32.970873786407765,111.77724977629288,REORDER
20986,550,8.461538461538462,18.044283134725912,78.7721315055209,138.00290073629014,25.384615384615387,112.61828535167476,REORDER
20987,117,23.4,18.742998692845283,81.82236705204757,245.62236705204754,70.19999999999999,175.42236705204755,REORDER
20988,24,3.0,2.0,8.730979326513149,29.73097932651315,9.0,20.73097932651315,REORDER
20989,397,11.027777777777779,17.314710692044684,75.58719054839916,152.78163499284364,33.083333333333336,119.69830165951029,REORDER
20990,857,12.602941176470589,21.951873891305308,95.83067856160518,184.0512667968993,37.80882352941177,146.24244326748754,REORDER
20991,7058,504.14285714285717,1803.3817743827358,7872.644494973133,11401.644494973134,1512.4285714285716,9889.215923544562,REORDER
20992,1731,16.485714285714284,31.76570304762497,138.67284830048467,254.07284830048468,49.457142857142856,204.61570544334182,REORDER
20993,10945,521.1904761904761,2026.406711868267,8846.257554214664,12494.590887547998,1563.5714285714284,10931.01945897657,REORDER
20994,47,4.7,3.4009802508492553,14.846944130022175,47.74694413002217,14.100000000000001,33.64694413002217,REORDER
20996,3077,42.736111111111114,130.06433868954258,567.7945261075004,866.9473038852782,128.20833333333334,738.7389705519448,REORDER
20997,66,3.142857142857143,1.8244372909397104,7.964562134857133,29.964562134857132,9.428571428571429,20.535990706285702,REORDER
20998,102,3.4,2.1750941319305284,9.495350949552753,33.295350949552756,10.2,23.095350949552756,REORDER
21000,572,23.833333333333332,101.67581332102908,443.8647120561576,610.698045389491,71.5,539.198045389491,REORDER
21001,44,2.3157894736842106,2.05622717019268,8.976438456783463,25.186964772572935,6.947368421052632,18.239596351520305,REORDER
21002,97,4.85,6.46671640422182,28.23038361784208,62.180383617842075,14.549999999999999,47.63038361784208,REORDER
21003,9,1.8,0.4472135954999579,1.952306328422873,14.552306328422873,5.4,9.152306328422872,REORDER
21004,105,2.441860465116279,1.7362017325924204,7.579370716960367,24.67239397277432,7.325581395348837,17.34681257742548,REORDER
21007,1905,65.6896551724138,74.64540146982353,325.8637285261517,785.6913147330483,197.0689655172414,588.6223492158069,REORDER
21009,885,20.58139534883721,17.440009499423383,76.13418119682925,220.2039486386897,61.74418604651163,158.45976259217807,REORDER
21010,806,17.91111111111111,12.536895045175157,54.72968572904471,180.10746350682248,53.733333333333334,126.37413017348915,REORDER
21011,1774,26.47761194029851,26.652282981954066,116.35026585990958,301.69354944199915,79.43283582089552,222.26071362110363,REORDER
21012,920,17.037037037037038,54.0115162293638,235.78671579610238,355.0459750553616,51.111111111111114,303.93486394425054,REORDER
21014,538,14.944444444444445,26.457453116217092,115.49973809494116,220.11084920605228,44.833333333333336,175.27751587271894,REORDER
21015,182,8.272727272727273,11.385796574520539,49.704577254011525,107.61366816310243,24.81818181818182,82.79548634492062,REORDER
21016,804,19.142857142857142,21.28617028251365,92.92455633863261,226.9245563386326,57.42857142857143,169.49598491006117,REORDER
21017,548,18.266666666666666,36.992947448392655,161.4923296993518,289.35899636601846,54.8,234.55899636601845,REORDER
21018,206,6.645161290322581,6.008595992946407,26.23046369789241,72.74659273015047,19.935483870967744,52.811108859182724,REORDER
21025,132,6.6,5.423147270339381,23.674693350984676,69.87469335098467,19.799999999999997,50.074693350984674,REORDER
21026,258,8.0625,6.992795832025064,30.526977921969078,86.96447792196908,24.1875,62.77697792196908,REORDER
21027,177,6.8076923076923075,4.955959893051846,21.63519168463199,69.28903783847815,20.423076923076923,48.86596091540123,REORDER
21028,121,7.117647058823529,4.328428596805896,18.895710297500298,68.719239709265,21.352941176470587,47.36629853279441,REORDER
21030,109,6.055555555555555,4.530578747891893,19.778194692491972,62.16708358138086,18.166666666666664,44.000416914714194,REORDER
21031,88,5.5,5.561774297230456,24.279868203925652,62.77986820392565,16.5,46.27986820392565,REORDER
21032,105,5.833333333333333,5.50133673595363,24.016028654899234,64.84936198823256,17.5,47.34936198823256,REORDER
21033,2519,18.659259259259258,56.830878058848825,248.0946107196994,378.7094255345142,55.977777777777774,322.73164775673644,REORDER
21034,2130,7.634408602150538,7.259008215898842,31.68912533200094,85.1299855470547,22.903225806451616,62.226759740603086,REORDER
21035,3285,14.797297297297296,31.044842649074337,135.52593968196086,239.10702076304193,44.39189189189189,194.71512887115006,REORDER
21036,1,1.0,0.0,0.0,7.0,3.0,4.0,REORDER
21038,83,2.9642857142857144,1.990386950228576,8.689013657103628,29.43901365710363,8.892857142857142,20.546156514246487,REORDER
21039,777,7.617647058823529,6.670526450118007,29.120114266469727,82.44364367823442,22.852941176470587,59.590702501763836,REORDER
21040,834,22.54054054054054,52.090516621760656,227.40061186599092,385.18439564977473,67.62162162162161,317.5627740281531,REORDER
21041,1697,14.629310344827585,25.374252671767003,110.77103775145937,213.17621016525248,43.887931034482754,169.28827913076972,REORDER
21042,1125,7.450331125827814,13.524145686744554,59.03951819985934,111.19183608065404,22.35099337748344,88.84084270317061,REORDER
21043,160,5.714285714285714,12.058060598488689,52.63933890162376,92.63933890162376,17.142857142857142,75.49648175876662,REORDER
21051,557,9.440677966101696,11.903739178467784,51.96565033770342,118.05039610041528,28.322033898305087,89.72836220211019,REORDER
21054,289,2.6513761467889907,2.572562300973238,11.230494132982217,29.79012716050515,7.954128440366972,21.83599872013818,REORDER
21055,186,2.2142857142857144,1.6211808025301355,7.0772480357153045,22.577248035715304,6.642857142857143,15.934390892858161,REORDER
21056,364,3.913978494623656,7.565160295980536,33.02562907298208,60.42347853534767,11.741935483870968,48.6815430514767,REORDER
21058,1186,12.617021276595745,16.217676790902143,70.79810039271936,159.11724932888956,37.851063829787236,121.26618549910232,REORDER
21059,1001,9.813725490196079,15.02719013685016,65.60104321021052,134.2971216415831,29.44117647058824,104.85594517099486,REORDER
21060,864,13.292307692307693,35.38084009960541,154.4546917321611,247.50084557831497,39.87692307692308,207.6239225013919,REORDER
21061,927,13.632352941176471,34.89767747126589,152.34545027247304,247.77192086070835,40.89705882352941,206.87486203717893,REORDER
21062,533,9.350877192982455,7.936109221396519,34.64500277248168,100.10114312335887,28.052631578947366,72.0485115444115,REORDER
21063,916,9.346938775510203,15.058718090604373,65.73867816642817,131.1672495949996,28.04081632653061,103.12643326846899,REORDER
21064,569,11.854166666666666,57.442289108410236,250.76371933656057,333.7428860032272,35.5625,298.1803860032272,REORDER
21065,32,1.8823529411764706,1.4090046549415864,6.150995256627892,19.327465844863184,5.647058823529411,13.680407021333773,REORDER
21066,1571,28.053571428571427,51.172229557857634,223.39183918062005,419.7668391806201,84.16071428571428,335.6061248949058,REORDER
21067,4316,40.33644859813084,100.71938824476958,439.6894482720673,722.0445884589832,121.00934579439253,601.0352426645907,REORDER
21068,2690,28.020833333333332,84.43359011880801,368.5939648952988,564.7397982286321,84.0625,480.67729822863214,REORDER
21069,3076,29.576923076923077,99.71412461006368,435.30098026591105,642.3394418043727,88.73076923076923,553.6086725736034,REORDER
21070,888,12.0,19.642698807403118,85.74999860218055,169.74999860218054,36.0,133.74999860218054,REORDER
21071,3305,24.48148148148148,71.90705566566642,313.9095082236819,485.27987859405226,73.44444444444444,411.8354341496078,REORDER
21076,759,15.8125,30.29476202882239,132.2514704876419,242.9389704876419,47.4375,195.5014704876419,REORDER
21077,2745,25.89622641509434,70.18070949787014,306.3731618729646,487.646746778625,77.68867924528303,409.958067533342,REORDER
21078,4068,22.475138121546962,31.55763141738082,137.7645137494369,295.09048060026566,67.42541436464089,227.66506623562478,REORDER
21080,17887,61.25684931506849,88.00491505137984,384.18454697257164,812.9824921780511,183.77054794520546,629.2119442328456,REORDER
21081,4,1.0,0.0,0.0,7.0,3.0,4.0,REORDER
21082,7062,79.34831460674157,457.56184631954886,1997.4815104085837,2552.9197126557747,238.04494382022472,2314.8747688355497,REORDER
21084,287,8.696969696969697,5.7417595761493745,25.065592078584544,85.94437995737243,26.090909090909093,59.85347086646334,REORDER
21085,13712,291.74468085106383,1856.5442706941244,8104.724823093416,10146.937589050862,875.2340425531916,9271.70354649767,REORDER
21086,9481,52.672222222222224,91.78392348096308,400.6817692092767,769.3873247648323,158.01666666666668,611.3706580981657,REORDER
21087,94,9.4,8.208396784864739,35.83367131623552,101.6336713162355,28.200000000000003,73.4336713162355,REORDER
21088,14927,533.1071428571429,1863.4999197902318,8135.089637323712,11866.839637323712,1599.3214285714287,10267.518208752283,REORDER
21089,87,6.6923076923076925,4.589564528809086,20.035696509365092,66.88185035551894,20.076923076923077,46.804927278595855,REORDER
21090,623,14.159090909090908,30.98007099982719,135.24317971670038,234.35681608033673,42.47727272727273,191.879543353064,REORDER
21091,13668,471.3103448275862,2402.5183380220055,10488.16897041943,13787.341384212534,1413.9310344827586,12373.410349729775,REORDER
21092,12806,753.2941176470588,3022.0143481770956,13192.572399180166,18465.631222709577,2259.8823529411766,16205.7488697684,REORDER
21094,10926,54.08910891089109,92.6422100598542,404.42861039753774,783.0523727737755,162.26732673267327,620.7850460411022,REORDER
21095,147,8.166666666666666,5.70087712549569,24.887120162847285,82.05378682951395,24.5,57.55378682951395,REORDER
21096,14633,541.9629629629629,1864.399954645781,8139.0187301821825,11932.759470922923,1625.8888888888887,10306.870582034035,REORDER
21097,32,4.571428571428571,3.644957377763735,15.912023755638375,47.91202375563837,13.714285714285714,34.19773804135266,REORDER
21098,3489,39.20224719101124,38.083395264770544,166.25266837007018,440.66839870714887,117.60674157303372,323.06165713411514,REORDER
21099,13284,510.9230769230769,2539.1972577659567,11084.839381746724,14661.300920208261,1532.7692307692307,13128.53168943903,REORDER
21100,2181,19.300884955752213,35.586385076055265,155.35199620218728,290.45819089245276,57.90265486725664,232.55553602519612,REORDER
21102,65,5.416666666666667,3.5537005893558162,15.513643189141613,53.43030985580828,16.25,37.18030985580828,REORDER
21106,515,6.518987341772152,5.472215975208298,23.88890227487932,69.52181366728439,19.556962025316455,49.96485164196794,REORDER
21107,1462,12.082644628099173,25.705572280752506,112.2174100797198,196.795922476414,36.24793388429752,160.5479885921165,REORDER
21108,2534,16.781456953642383,19.171122046708728,83.69133512793717,201.16153380343383,50.34437086092715,150.81716294250668,REORDER
21109,223,2.973333333333333,2.471312887391515,10.78849086458042,31.60182419791375,8.92,22.68182419791375,REORDER
21110,485,3.9754098360655736,4.871002263783781,21.264310032247472,49.092178884706485,11.926229508196721,37.165949376509765,REORDER
21111,440,6.470588235294118,5.318148561898839,23.2163225746322,68.51044022169103,19.411764705882355,49.09867551580867,REORDER
21112,840,11.830985915492958,27.872149907078498,121.67558231208888,204.49248372053958,35.49295774647887,168.9995259740607,REORDER
21114,4330,21.435643564356436,26.384043059977174,115.1792672532467,265.22877220374176,64.3069306930693,200.92184151067244,REORDER
21115,649,3.933333333333333,7.408081721791951,32.339904181042726,59.87323751437606,11.799999999999999,48.07323751437606,REORDER
21116,482,4.342342342342342,7.049816884140902,30.775902735568778,61.172299131965175,13.027027027027028,48.145272104938144,REORDER
21117,219,18.25,25.140062197073565,109.74868165495202,237.498681654952,54.75,182.748681654952,REORDER
21118,69,11.5,6.316644678941502,27.575247052383773,108.07524705238377,34.5,73.57524705238377,REORDER
21121,8952,38.09361702127659,63.85808050875753,278.7717903763871,545.4271095253232,114.28085106382977,431.1462584614934,REORDER
21122,7241,30.944444444444443,50.40370404068044,220.0368489794341,436.6479600905452,92.83333333333333,343.8146267572119,REORDER
21123,1629,20.11111111111111,18.460092090777877,80.58734120505527,221.36511898283305,60.33333333333333,161.03178564949974,REORDER
21124,6051,28.27570093457944,43.26209747740952,188.8602393484296,386.79014589048563,84.82710280373831,301.96304308674735,REORDER
21125,1487,14.298076923076923,31.118277277701115,135.84651779415617,235.93305625569462,42.894230769230774,193.03882548646385,REORDER
21126,1723,15.522522522522523,43.37884839555436,189.36991427476656,298.0275719324242,46.56756756756757,251.46000436485664,REORDER
21127,284,8.352941176470589,30.157045865431986,131.65027199989774,190.12086023519186,25.058823529411768,165.0620367057801,REORDER
21128,51,3.923076923076923,4.367713712793351,19.067209065263366,46.52874752680182,11.769230769230768,34.759516757571056,REORDER
21129,60,2.727272727272727,2.0279433208435864,8.852965604812887,27.943874695721977,8.181818181818182,19.762056513903794,REORDER
21130,706,23.533333333333335,86.46016955535208,377.4409764773003,542.1743098106336,70.60000000000001,471.5743098106336,REORDER
21131,160,14.545454545454545,35.10943929020695,153.2698943041327,255.0880761223145,43.63636363636363,211.45171248595088,REORDER
21132,41,3.1538461538461537,3.0234129127569793,13.198677818397044,35.275600895320125,9.461538461538462,25.814062433781665,REORDER
21133,409,15.73076923076923,18.1517110869641,79.24110712056154,189.35649173594615,47.19230769230769,142.16418404363844,REORDER
21134,351,11.7,13.709171357538168,59.84724585314597,141.74724585314596,35.099999999999994,106.64724585314596,REORDER
21135,3111,20.070967741935483,15.760014205535889,68.8001791070437,209.2969533005921,60.21290322580645,149.08405007478564,REORDER
21136,5910,31.105263157894736,45.8925530688701,200.34346604260622,418.08030814786935,93.3157894736842,324.7645186741851,REORDER
21137,8219,52.35031847133758,96.77146394403822,422.4548255459051,788.9070548452682,157.05095541401275,631.8560994312555,REORDER
21143,1830,20.10989010989011,21.35335027028705,93.2178298808351,233.98706065006587,60.32967032967033,173.65739032039554,REORDER
21144,505,15.303030303030303,13.616361592962452,59.44208578524141,166.56329790645353,45.90909090909091,120.65420699736262,REORDER
21145,717,25.607142857142858,34.19804985312194,149.29123313733683,328.5412331373368,76.82142857142857,251.71980456590825,REORDER
21146,775,20.394736842105264,21.61273332599947,94.35016392937158,237.11332182410843,61.184210526315795,175.92911129779264,REORDER
21147,245,10.652173913043478,8.689642191881372,37.93454316605633,112.49976055736067,31.956521739130437,80.54323881823024,REORDER
21153,370,4.065934065934066,5.936332945518542,25.91500011131065,54.376538572849114,12.197802197802197,42.17873637504692,REORDER
21154,3978,19.310679611650485,36.84351327921086,160.83997637845135,296.01473366000477,57.932038834951456,238.0826948250533,REORDER
21155,3406,20.273809523809526,42.56403451862175,185.8128527175393,327.729519384206,60.82142857142858,266.90809081277746,REORDER
21156,6074,25.521008403361346,58.95322450169803,257.35969217780695,436.0067510013364,76.56302521008404,359.44372579125235,REORDER
21157,572,6.975609756097561,5.2984405107380015,23.13028728100663,71.95955557368956,20.926829268292682,51.03272630539688,REORDER
21158,1102,11.244897959183673,32.57507149614826,142.20613789627913,220.92042361056485,33.73469387755102,187.18572973301383,REORDER
21159,964,11.476190476190476,34.741897275142215,151.6653934365551,231.99872676988844,34.42857142857143,197.570155341317,REORDER
21160,763,17.34090909090909,47.18294093667121,205.97664094108362,327.3630045774472,52.022727272727266,275.34027730471996,REORDER
21161,2175,20.91346153846154,99.2037337397208,433.07287419720865,579.4671049664394,62.74038461538462,516.7267203510547,REORDER
21162,913,10.741176470588234,33.29205287022303,145.33611267355002,220.52434796766767,32.2235294117647,188.30081855590296,REORDER
21163,1577,18.773809523809526,79.67045849244886,347.8005630156975,479.2172296823642,56.32142857142858,422.8958011109356,REORDER
21164,4182,19.819905213270143,46.00896167353364,200.851646602979,339.59098309587,59.459715639810426,280.13126745605956,REORDER
21165,5124,24.28436018957346,38.883032068023965,169.74347456903251,339.73399589604674,72.85308056872037,266.88091532732636,REORDER
21166,9599,44.03211009174312,77.27587706504637,337.3470425465457,645.5718131887476,132.09633027522938,513.4754829135181,REORDER
21167,848,35.333333333333336,29.215342405730215,127.53927528071672,374.8726086140501,106.0,268.8726086140501,REORDER
21169,4432,30.356164383561644,59.29862936440378,258.8675535355875,471.360704220519,91.06849315068493,380.292211069834,REORDER
21171,1398,12.594594594594595,26.308788154385486,114.85074274077684,203.012904902939,37.78378378378378,165.22912111915522,REORDER
21172,4166,18.936363636363637,30.63596158059383,133.7409736040079,266.2955190585534,56.80909090909091,209.48642814946248,REORDER
21173,321,7.465116279069767,7.359311682388387,32.12699907814985,84.38281303163822,22.3953488372093,61.987464194428924,REORDER
21174,5403,21.786290322580644,39.6690597974154,173.17487049672388,325.6789027547884,65.35887096774194,260.32003178704645,REORDER
21175,8408,34.60082304526749,50.928173364995146,222.3264143934251,464.53217571029757,103.80246913580247,360.7297065744951,REORDER
21179,2281,16.896296296296295,39.75958986433601,173.5700785680797,291.84415264215374,50.68888888888888,241.15526375326488,REORDER
21181,12492,59.48571428571429,77.26164015189583,337.28489144935037,753.6848914493504,178.45714285714286,575.2277485922075,REORDER
21185,120,4.285714285714286,4.479228958592323,19.554027718094297,49.5540277180943,12.857142857142858,36.69688486095144,REORDER
21186,5017,30.406060606060606,41.810679136727174,182.5240875851198,395.36651182754406,91.21818181818182,304.1483300093622,REORDER
21187,1015,16.370967741935484,38.13403190343315,166.47372209273382,281.0704962862822,49.11290322580645,231.95759306047574,REORDER
21188,562,10.218181818181819,10.723271524518635,46.812330996579675,118.3396037238524,30.654545454545456,87.68505826930695,REORDER
21189,378,12.6,13.969424740704499,60.98337930718614,149.18337930718616,37.8,111.38337930718616,REORDER
21190,700,10.606060606060606,16.32542028002181,71.26845348075446,145.51087772317868,31.818181818181817,113.69269590499687,REORDER
21191,850,14.912280701754385,22.570746476163077,98.53236043367465,202.91832534595534,44.73684210526316,158.1814832406922,REORDER
21192,963,15.53225806451613,20.570325389279468,89.79954285672378,198.52534930833667,46.59677419354839,151.9285751147883,REORDER
21193,84,6.0,11.11478571716349,48.521482157589034,90.52148215758903,18.0,72.52148215758903,REORDER
21194,65,3.611111111111111,2.7254549299453474,11.897945324348086,37.175723102125865,10.833333333333334,26.34238976879253,REORDER
21195,211,7.033333333333333,9.18951176269891,40.11671861043679,89.35005194377013,21.1,68.25005194377013,REORDER
21196,69,8.625,5.604526232048012,24.466501333455913,84.84150133345591,25.875,58.96650133345591,REORDER
21197,182,9.1,6.007889549759154,26.227379727460786,89.92737972746079,27.299999999999997,62.62737972746079,REORDER
21198,227,8.107142857142858,6.822290729194322,29.782639658028966,86.53263965802897,24.321428571428573,62.2112110866004,REORDER
21199,306,7.65,5.726904565071423,25.000742681276183,78.55074268127619,22.950000000000003,55.60074268127619,REORDER
21200,277,8.935483870967742,9.316420928915308,40.670739263726986,103.21912636050118,26.806451612903224,76.41267474759795,REORDER
21201,1467,16.48314606741573,29.436801471947934,128.50605254512462,243.88807501703474,49.449438202247194,194.43863681478754,REORDER
21202,367,10.485714285714286,12.928244111182284,56.438116031423945,129.83811603142397,31.457142857142856,98.38097317428111,REORDER
21203,1445,17.621951219512194,35.109578111365636,153.27050032646596,276.6241588630513,52.86585365853658,223.75830520451473,REORDER
21204,1059,13.405063291139241,33.12080413187604,144.5885280764505,238.42397111442517,40.21518987341772,198.20878124100744,REORDER
21205,393,6.775862068965517,10.471419923234453,45.71287543449896,93.14390991725759,20.32758620689655,72.81632371036103,REORDER
21206,851,8.595959595959595,9.019162357503268,39.37306004291331,99.54477721463047,25.787878787878785,73.75689842675169,REORDER
21207,2513,23.933333333333334,71.64633581626792,312.7713384161269,480.3046717494602,71.8,408.5046717494602,REORDER
21208,108,5.684210526315789,6.018975841074509,26.275776817601816,66.06525050181234,17.05263157894737,49.012618922864974,REORDER
21209,213,7.888888888888889,5.78681082178945,25.262262825743125,80.48448504796535,23.666666666666668,56.81781838129868,REORDER
21210,9176,36.41269841269841,50.4270637893054,220.13882572059262,475.0277146094815,109.23809523809524,365.78961937138627,REORDER
21211,1520,16.88888888888889,62.71577484558328,273.7850668115205,392.0072890337427,50.66666666666667,341.34062236707604,REORDER
21212,57505,191.68333333333334,187.3504122728805,817.8762881841175,2159.659621517451,575.05,1584.609621517451,REORDER
21213,24455,95.1556420233463,149.11360201515436,650.9538882481111,1317.0433824115353,285.4669260700389,1031.5764563414964,REORDER
21214,1884,20.933333333333334,44.379821307953044,193.73965117704287,340.2729845103762,62.8,277.4729845103762,REORDER
21215,3263,32.306930693069305,57.46594514566995,250.86698952269148,477.0155043741766,96.92079207920791,380.0947122949687,REORDER
21216,1698,9.433333333333334,13.949269619052744,60.89539233195373,126.92872566528706,28.3,98.62872566528706,REORDER
21217,1744,7.176954732510288,8.963053398547567,39.128116962576115,89.36680009014813,21.530864197530864,67.83593589261727,REORDER
21218,2673,12.15,13.54513004534122,59.13112520040315,144.18112520040313,36.45,107.73112520040313,REORDER
21219,535,9.727272727272727,5.762119419277962,25.15447276330792,93.24538185421702,29.18181818181818,64.06356367239883,REORDER
21220,287,7.175,5.481378733540752,23.928902201666567,74.15390220166657,21.525,52.62890220166657,REORDER
21221,262,7.705882352941177,6.626528007960519,28.928039522031824,82.86921599262007,23.11764705882353,59.75156893379654,REORDER
21222,336,8.195121951219512,5.187578973833178,22.646322387595887,80.01217604613248,24.585365853658537,55.426810192473944,REORDER
21223,482,17.214285714285715,36.651872917489335,160.0033723602933,280.50337236029327,51.642857142857146,228.86051521743613,REORDER
21224,1252,12.396039603960396,10.400076161183428,45.40142497872737,132.17370220645014,37.18811881188119,94.98558339456895,REORDER
21225,2,1.0,0.0,0.0,7.0,3.0,4.0,REORDER
21226,115,6.764705882352941,6.349502064775492,27.718685630603687,75.07162680707427,20.294117647058822,54.77750916001544,REORDER
21228,90,3.6,3.9051248379533274,17.047782113811756,42.24778211381175,10.8,31.44778211381175,REORDER
21231,12932,57.732142857142854,55.87814772070552,243.93547627666388,648.0604762766638,173.19642857142856,474.8640477052353,REORDER
21232,25330,85.57432432432432,86.41183152011394,377.229957284126,976.2502275543961,256.72297297297297,719.5272545814232,REORDER
21238,5212,24.12962962962963,30.270437675585246,132.14528277501975,301.05269018242717,72.38888888888889,228.66380129353828,REORDER
21239,3964,20.02020202020202,27.26611842877858,119.02995815796248,259.1713722993766,60.06060606060606,199.11076623877057,REORDER
21240,3670,17.815533980582526,24.99297367517735,109.1065682330304,233.81530609710808,53.44660194174757,180.3687041553605,REORDER
21241,2140,14.965034965034965,21.05773839474661,91.92733929382743,196.6825840490722,44.89510489510489,151.7874791539673,REORDER
21242,3438,18.684782608695652,29.434535809370917,128.49616181856422,259.28964007943375,56.05434782608695,203.2352922533468,REORDER
21243,3095,19.713375796178344,31.110854515090935,135.8141138007086,273.807744373957,59.140127388535035,214.66761698542197,REORDER
21244,2650,17.549668874172184,29.979256993621853,130.87413651776856,253.72181863697386,52.64900662251655,201.07281201445733,REORDER
21245,1433,11.941666666666666,17.190135843213202,75.04336033352357,158.63502700019023,35.825,122.81002700019023,REORDER
21246,449,5.907894736842105,4.86943564581892,21.2574709777156,62.61273413561034,17.723684210526315,44.889049925084024,REORDER
21247,400,7.547169811320755,6.087711575018118,26.575841953628995,79.40603063287428,22.641509433962263,56.764521198912014,REORDER
21248,821,11.402777777777779,20.222466743435586,88.28096953401788,168.10041397846234,34.208333333333336,133.892080645129,REORDER
21249,899,9.463157894736842,16.047675331294368,70.0559607780631,136.29806604122098,28.389473684210525,107.90859235701045,REORDER
21250,304,9.212121212121213,20.86378078117311,91.08061933666238,155.56546782151088,27.63636363636364,127.92910418514724,REORDER
21251,381,6.0476190476190474,14.937966968194072,65.21154038971937,107.5448737230527,18.142857142857142,89.40201658019556,REORDER
21252,161,12.384615384615385,13.137341572393693,57.35092883695554,144.04323652926323,37.15384615384615,106.88939037541707,REORDER
21253,166,5.03030303030303,7.451865741564527,32.53104286677573,67.74316407889694,15.09090909090909,52.652254987987845,REORDER
21255,422,10.292682926829269,12.596118256111732,54.98822404421319,127.03700453201807,30.878048780487806,96.15895575153027,REORDER
21256,282,10.846153846153847,13.890118236191677,60.63716758150641,136.56024450458335,32.53846153846154,104.0217829661218,REORDER
21257,797,5.458904109589041,9.250630332542874,40.38353109532365,78.59585986244693,16.376712328767123,62.2191475336798,REORDER
21258,939,6.058064516129032,9.36367581674021,40.87702998806495,83.28348160096817,18.174193548387095,65.10928805258108,REORDER
21259,1142,6.042328042328043,6.633915669088791,28.960290280322937,71.25658657661924,18.126984126984127,53.129602449635115,REORDER
21260,2306,13.028248587570621,43.47797631854588,189.80265619792618,281.00039631092056,39.08474576271186,241.9156505482087,REORDER
21261,78,5.2,2.90811671999988,12.695353480703089,49.09535348070309,15.600000000000001,33.49535348070309,REORDER
21262,199,7.653846153846154,6.5966191807155745,28.797472845853896,82.37439592277698,22.961538461538463,59.41285746123852,REORDER
21263,125,15.625,23.347912112221085,101.92506898452412,211.3000689845241,46.875,164.4250689845241,REORDER
21264,98,7.538461538461538,5.547001962252291,24.21537972827631,76.98461049750708,22.615384615384613,54.369225882122464,REORDER
21265,187,15.583333333333334,20.110866955379365,87.79378181283684,196.87711514617018,46.75,150.12711514617018,REORDER
21267,13,3.25,1.8929694486000912,8.263738560724194,31.013738560724192,9.75,21.263738560724192,REORDER
21268,383,10.942857142857143,17.430437976919194,76.09239681427557,152.69239681427558,32.82857142857143,119.86382538570416,REORDER
21269,78,1.95,0.8149248824907507,3.5575461508439505,17.20754615084395,5.85,11.35754615084395,REORDER
21270,25,2.0833333333333335,1.5050420310248864,6.570245429205822,21.153578762539155,6.25,14.903578762539155,REORDER
21272,1702,12.701492537313433,18.601087303794976,81.20285435005007,170.1133021112441,38.1044776119403,132.0088244993038,REORDER
21274,159,2.23943661971831,1.5626423476406361,6.821699015992184,22.497755354020356,6.71830985915493,15.779445494865426,REORDER
21275,233,7.0606060606060606,8.065898097621373,35.21159477004697,84.6358371942894,21.18181818181818,63.454019012471214,REORDER
21276,676,33.8,42.08712767330973,183.73092081399335,420.3309208139933,101.39999999999999,318.93092081399334,REORDER
21277,23,1.15,0.4893604849295929,2.1362981385663624,10.186298138566361,3.4499999999999997,6.736298138566362,REORDER
21278,2664,45.152542372881356,218.21476399681006,952.6142965980472,1268.6820932082167,135.45762711864407,1133.2244660895726,REORDER
21279,3406,83.07317073170732,355.5905222474231,1552.3267492231325,2133.8389443450837,249.21951219512198,1884.6194321499618,REORDER
21280,3251,79.29268292682927,272.96696172819514,1191.6344498349888,1746.6832303227939,237.8780487804878,1508.805181542306,REORDER
21281,3615,112.96875,376.39525247897274,1643.149583995804,2433.9308339958043,338.90625,2095.0245839958043,REORDER
21282,337,6.480769230769231,7.66323124551073,33.453756789421895,78.81914140480652,19.442307692307693,59.37683371249882,REORDER
21283,491,8.049180327868852,9.281569963298587,40.51859773357268,96.86286002865464,24.147540983606554,72.71531904504809,REORDER
21284,1109,18.483333333333334,27.244960141415955,118.93759187318872,248.32092520652205,55.45,192.87092520652203,REORDER
21285,624,18.90909090909091,24.37642769711606,106.41504313888142,238.77867950251778,56.727272727272734,182.05140677524503,REORDER
21286,707,17.675,24.699618495963733,107.82592923051058,231.55092923051058,53.025000000000006,178.52592923051057,REORDER
21287,2316,77.2,151.93179050322956,663.2566609619121,1203.6566609619122,231.60000000000002,972.0566609619121,REORDER
21288,604,7.743589743589744,9.624692131943682,42.016494014027025,96.22162221915522,23.23076923076923,72.990852988386,REORDER
21289,831,22.45945945945946,18.692830762672678,81.60335947145208,238.8195756876683,67.37837837837839,171.44119730928992,REORDER
21291,1531,20.68918918918919,14.690343185073111,64.13054132412833,208.95486564845265,62.067567567567565,146.8872980808851,REORDER
21292,1600,32.6530612244898,26.88443711859472,117.36373234369661,345.9351609151252,97.9591836734694,247.9759772416558,REORDER
21293,155,6.739130434782608,6.166016773075614,26.917682486328253,74.09159552980651,20.217391304347824,53.87420422545868,REORDER
21294,690,13.018867924528301,13.89589115535421,60.66236920043726,151.79444467213537,39.056603773584904,112.73784089855047,REORDER
21298,52,6.5,7.2702917999997,31.738383701757726,77.23838370175773,19.5,57.738383701757726,REORDER
21299,161,8.473684210526315,18.845478152162276,82.26974007239203,141.58552954607623,25.421052631578945,116.16447691449729,REORDER
21300,52,10.4,10.714476188783099,46.77393504934131,119.57393504934132,31.200000000000003,88.37393504934131,REORDER
21303,92,4.842105263157895,6.3531545785865475,27.73463064189075,61.629367483996006,14.526315789473685,47.10305169452232,REORDER
21304,84,5.6,7.980332968348769,34.838061082672205,74.0380610826722,16.799999999999997,57.2380610826722,REORDER
21306,185,8.043478260869565,15.918766115013625,69.493208926891,125.79755675297795,24.130434782608695,101.66712197036927,REORDER
21307,649,17.54054054054054,41.61102591234055,181.65250349782414,304.4362872816079,52.62162162162162,251.8146656599863,REORDER
21308,129,43.0,71.88184749990779,313.7994622366329,614.799462236633,129.0,485.79946223663296,REORDER
21309,49,12.25,19.241881404893856,84.00023437467301,169.75023437467303,36.75,133.00023437467303,REORDER
21310,4,2.0,0.0,0.0,14.0,6.0,8.0,REORDER
21311,236,7.375,14.652424658980395,63.96500839042466,115.59000839042466,22.125,93.46500839042466,REORDER
21312,293,14.65,23.42125665197952,102.24525381469587,204.79525381469585,43.95,160.84525381469587,REORDER
21313,3116,30.85148514851485,35.694925728628114,155.8258292990372,371.78622533864115,92.55445544554455,279.2317698930966,REORDER
21314,6928,32.99047619047619,80.66049058491369,352.122537881645,583.0558712149783,98.97142857142856,484.0844426435498,REORDER
21316,521,21.708333333333332,33.98142608603382,148.34556432129796,300.30389765463127,65.125,235.17889765463127,REORDER
21317,234,6.324324324324325,19.566203932708465,85.41606101740894,129.6863312876792,18.972972972972975,110.71335831470623,REORDER
21318,258,7.588235294117647,8.308876768557843,36.272315646411954,89.38996270523549,22.764705882352942,66.62525682288255,REORDER
21319,327,9.617647058823529,10.873974227853466,47.4702220902127,114.7937515019774,28.852941176470587,85.94081032550682,REORDER
21320,172,6.88,6.4892218331630485,28.328630835252167,76.48863083525217,20.64,55.848630835252166,REORDER
21321,108,9.0,12.299297836572917,53.69245757087301,116.69245757087302,27.0,89.69245757087302,REORDER
21322,299,27.181818181818183,41.61446426861262,181.66751360658844,371.94024087931575,81.54545454545455,290.3947863338612,REORDER
21323,704,16.761904761904763,57.3384515447678,250.3104175258218,367.64375085915515,50.28571428571429,317.35803657344087,REORDER
21324,877,10.44047619047619,35.278701445406476,154.00880649303673,227.09213982637004,31.32142857142857,195.7707112549415,REORDER
21326,7406,46.0,54.858796013036944,239.48550693361375,561.4855069336138,138.0,423.4855069336138,REORDER
21327,992,7.240875912408759,7.030945827350405,30.693521332215138,81.37965271907645,21.722627737226276,59.65702498185017,REORDER
21328,919,6.962121212121212,6.382711983162378,27.86366318603923,76.59851167088772,20.886363636363637,55.71214803452408,REORDER
21329,1051,7.298611111111111,7.799121217405958,34.04698305707074,85.13726083484852,21.895833333333332,63.24142750151519,REORDER
21330,1357,13.989690721649485,42.643262179133885,186.15872025054898,284.08655530209535,41.96907216494846,242.1174831371469,REORDER
21331,93,5.8125,11.571336713333224,50.51455081211749,91.20205081211749,17.4375,73.76455081211749,REORDER
21332,248,8.551724137931034,10.373683072689799,45.286206223727014,105.14827518924426,25.655172413793103,79.49310277545115,REORDER
21333,974,6.957142857142857,6.383286887665037,27.866172925702948,76.56617292570294,20.871428571428574,55.69474435427437,REORDER
21335,36,1.7142857142857142,1.1019463300386794,4.810535313247373,16.81053531324737,5.142857142857142,11.667678170390229,REORDER
21336,1781,84.80952380952381,259.0599581269979,1130.9235693670903,1724.5902360337568,254.42857142857144,1470.1616646051853,REORDER
21337,30,3.3333333333333335,3.640054944640259,15.890622234513032,39.22395556784637,10.0,29.223955567846367,REORDER
21338,196,17.818181818181817,48.21787673014684,210.49464244963573,335.22191517690845,53.45454545454545,281.767369722363,REORDER
21339,30,2.727272727272727,3.003028774118193,13.109691071875034,32.20060016278413,8.181818181818182,24.018781980965947,REORDER
21340,789,10.381578947368421,18.5054709786147,80.785442270837,153.45649490241595,31.144736842105264,122.3117580603107,REORDER
21341,56,4.666666666666667,6.2133775521901615,27.124435477996588,59.791102144663256,14.0,45.791102144663256,REORDER
21343,20,6.666666666666667,5.507570547286102,24.04324229383383,70.7099089605005,20.0,50.7099089605005,REORDER
21344,150,8.333333333333334,14.426283203196293,62.97779020276536,121.3111235360987,25.0,96.3111235360987,REORDER
21347,8,2.0,1.4142135623730951,6.173734688177003,20.173734688177003,6.0,14.173734688177003,REORDER
21348,677,7.781609195402299,10.771868278882218,47.024479625421705,101.4957439932378,23.344827586206897,78.1509164070309,REORDER
21349,486,6.5675675675675675,6.682795496351584,29.173674660980428,75.1466476339534,19.7027027027027,55.443944931250705,REORDER
21350,224,7.225806451612903,7.783356933951464,33.9781642406015,84.55880940189182,21.677419354838708,62.88139004705312,REORDER
21351,918,15.049180327868852,17.70915604003401,77.3091376377662,182.65339993284817,45.147540983606554,137.50585894924163,REORDER
21352,445,13.088235294117647,13.654542250261308,59.6087630500159,151.22641010883942,39.26470588235294,111.96170422648648,REORDER
21353,18,3.6,2.0736441353327724,9.052472038067835,34.252472038067836,10.8,23.452472038067835,REORDER
21354,1705,21.858974358974358,48.05211574432314,209.77101457945116,362.78383509227166,65.57692307692307,297.2069120153486,REORDER
21355,2633,21.760330578512395,48.77123892784019,212.910339403703,365.2326534532898,65.28099173553719,299.9516617177526,REORDER
21356,862,8.534653465346535,7.941743330573765,34.66959841785661,94.41217267528236,25.603960396039604,68.80821227924275,REORDER
21357,1295,11.460176991150442,14.776933882520906,64.50855211877085,144.72979105682396,34.38053097345133,110.34926008337263,REORDER
21358,715,8.614457831325302,7.636292238625232,33.336154833324855,93.63735965260196,25.843373493975903,67.79398615862605,REORDER
21359,76,1.9487179487179487,2.2820664452331005,9.962337477529775,23.603363118555414,5.846153846153846,17.757209272401568,REORDER
21360,398,6.03030303030303,22.589289291077545,98.61330890051146,140.82543011263266,18.09090909090909,122.73452102172357,REORDER
21361,450,3.2846715328467155,3.9480987701258123,17.235384370500228,40.228085100427236,9.854014598540147,30.37407050188709,REORDER
21363,725,4.420731707317073,3.6368677214442315,15.876708444596282,46.821830395815795,13.262195121951219,33.55963527386457,REORDER
21364,419,4.761363636363637,19.4445833950352,84.88512781735659,118.21467327190204,14.28409090909091,103.93058236281114,REORDER
21365,102,5.368421052631579,7.166360662581728,31.284673395669067,68.86362076409011,16.105263157894736,52.758357606195375,REORDER
21366,132,7.764705882352941,22.851502717996212,99.75799890529197,154.11094008176255,23.294117647058822,130.81682243470374,REORDER
21367,35,2.9166666666666665,6.639528095680697,28.984791270595686,49.40145793726235,8.75,40.65145793726235,REORDER
21368,33,3.6666666666666665,7.632168761236874,33.318153835409305,58.98482050207597,11.0,47.98482050207597,REORDER
21369,30,7.5,11.090536506409418,48.415622478699994,100.91562247869999,22.5,78.41562247869999,REORDER
21370,35,3.888888888888889,7.557189365836423,32.99083205983141,60.21305428205363,11.666666666666666,48.54638761538697,REORDER
21371,93,10.333333333333334,10.47616341987848,45.73358312006615,118.0669164533995,31.0,87.0669164533995,REORDER
21372,74,7.4,9.276014469827246,40.494345284249256,92.29434528424926,22.200000000000003,70.09434528424926,REORDER
21373,122,11.090909090909092,11.920189138218785,52.03746246695739,129.67382610332103,33.27272727272727,96.40109883059375,REORDER
21374,164,7.454545454545454,9.495499047680546,41.45250294011207,93.63432112193024,22.363636363636363,71.27068475829388,REORDER
21375,72,4.235294117647059,4.26511154257286,18.619300351738122,48.26635917526754,12.705882352941178,35.560476822326365,REORDER
21376,143,5.958333333333333,9.791207975688618,42.74341720866399,84.45175054199731,17.875,66.57675054199731,REORDER
21377,358,15.565217391304348,30.317750706560314,132.35182732267876,241.3083490618092,46.69565217391305,194.61269688789616,REORDER
21378,393,13.1,26.015048695335736,113.56842616860459,205.2684261686046,39.3,165.9684261686046,REORDER
21379,407,14.535714285714286,35.519928827565856,155.06188213634795,256.81188213634795,43.60714285714286,213.20473927920509,REORDER
21380,2802,14.825396825396826,41.334342406874136,180.44464451471694,284.22242229249474,44.47619047619048,239.74623181630426,REORDER
21381,3231,20.19375,49.70902716887016,217.0042442762429,358.3604942762429,60.581250000000004,297.7792442762429,REORDER
21382,95,4.75,4.302691935839334,18.783357170084034,52.03335717008403,14.25,37.78335717008403,REORDER
21383,1115,15.704225352112676,17.782330207417523,77.62857870909633,187.55815617388507,47.11267605633803,140.44548011754705,REORDER
21384,1733,23.106666666666666,20.353347113896003,88.85232643838603,250.5989931050527,69.32,181.2789931050527,REORDER
21385,6663,39.194117647058825,57.69685080151352,251.87500577646406,526.2338293058758,117.58235294117648,408.6514763646993,REORDER
21386,408,14.571428571428571,11.35105989969927,49.552934659143375,151.55293465914338,43.714285714285715,107.83864894485765,REORDER
21387,25,8.333333333333334,8.504900548115383,37.12805542982288,95.46138876315621,25.0,70.46138876315621,REORDER
21388,287,13.045454545454545,10.860488775843216,47.411351488857605,138.72953330703942,39.13636363636363,99.59316967067579,REORDER
21389,1138,15.173333333333334,11.299812642949695,49.32921528953284,155.54254862286618,45.52,110.02254862286617,REORDER
21390,6874,36.370370370370374,44.69887868518807,195.13249285934816,449.7250854519408,109.11111111111111,340.6139743408297,REORDER
21391,327,6.54,5.970027176637969,26.06209192897389,71.84209192897389,19.62,52.22209192897388,REORDER
21392,7497,249.9,923.7161957792164,4032.473504456855,5781.773504456855,749.7,5032.0735044568555,REORDER
21393,5216,168.25806451612902,621.4143527868199,2712.7779336901367,3890.58438530304,504.7741935483871,3385.810191754653,REORDER
21394,139,7.722222222222222,10.345817885136888,45.164561035500085,99.22011659105564,23.166666666666668,76.05344992438897,REORDER
21395,126,5.7272727272727275,2.9629749879505867,12.93483668238606,53.02574577329516,17.181818181818183,35.84392759147697,REORDER
21396,909,21.13953488372093,25.835174799512647,112.78318853569921,260.7599327217457,63.418604651162795,197.3413280705829,REORDER
21397,1008,15.75,24.394899284709314,106.49568066358371,216.7456806635837,47.25,169.4956806635837,REORDER
21398,737,15.680851063829786,24.140086076517697,105.38329623716197,215.14925368397047,47.04255319148936,168.1067004924811,REORDER
21399,307,9.303030303030303,10.895769960415969,47.5653711354174,112.68658325662952,27.909090909090907,84.77749234753861,REORDER
21400,190,13.571428571428571,10.931354238817143,47.72071393495218,142.7207139349522,40.714285714285715,102.00642822066646,REORDER
21401,384,12.8,13.636664573481859,59.53071823683218,149.1307182368322,38.400000000000006,110.73071823683219,REORDER
21402,299,8.08108108108108,7.395112418867456,32.2832868231862,88.85085439075377,24.243243243243242,64.60761114751053,REORDER
21403,433,12.027777777777779,12.686294316783902,55.38188670495075,139.5763311493952,36.083333333333336,103.49299781606186,REORDER
21407,907,5.7405063291139244,6.791883859887604,29.6498987843785,69.83344308817597,17.221518987341774,52.611924100834194,REORDER
21408,362,5.484848484848484,14.236726529802498,62.15028250446345,100.54422189840284,16.454545454545453,84.08967644385739,REORDER
21409,1,1.0,0.0,0.0,7.0,3.0,4.0,REORDER
21410,259,3.011627906976744,4.021981326327821,17.55791790589507,38.63931325473228,9.034883720930232,29.604429533802048,REORDER
21411,1252,6.554973821989528,9.477722570896978,41.37489991446429,87.25971666839098,19.664921465968586,67.59479520242239,REORDER
21412,233,7.28125,5.323316786825975,23.238884407128996,74.20763440712899,21.84375,52.36388440712899,REORDER
21413,3099,123.96,593.3572897785392,2590.295115146149,3458.0151151461487,371.88,3086.1351151461486,REORDER
21414,1613,89.61111111111111,352.04296844843657,1536.8399397838102,2164.117717561588,268.83333333333337,1895.2843842282546,REORDER
21415,120,4.615384615384615,4.214991559440403,18.40050208345079,50.708194391143095,13.846153846153845,36.86204054498925,REORDER
21416,742,53.0,191.98517570976068,838.1093000594575,1209.1093000594574,159.0,1050.1093000594574,REORDER
21417,136,5.44,4.983974317750844,21.757488366077546,59.83748836607755,16.32,43.51748836607755,REORDER
21418,102,5.1,4.843878393884063,21.145901058572736,56.845901058572736,15.299999999999999,41.54590105857274,REORDER
21419,1252,104.33333333333333,345.07820808763006,1506.4353504216504,2236.7686837549836,313.0,1923.7686837549836,REORDER
21420,67,5.583333333333333,7.089792064309891,30.950413971383316,70.03374730471664,16.75,53.28374730471664,REORDER
21421,1484,23.1875,36.6466936943861,159.98076251537242,322.2932625153724,69.5625,252.73076251537242,REORDER
21422,1539,26.53448275862069,44.30524721101917,193.41409872773136,379.1554780380762,79.60344827586206,299.55202976221415,REORDER
21424,555,15.0,25.79513304654366,112.60838667701441,217.6083866770144,45.0,172.6083866770144,REORDER
21425,383,9.341463414634147,26.078352858355107,113.84477983790676,179.23502374034578,28.024390243902438,151.21063349644334,REORDER
21426,750,22.727272727272727,45.64898186657119,199.28015847670335,358.37106756761244,68.18181818181819,290.18924938579426,REORDER
21427,373,7.9361702127659575,19.166778613141553,83.67237391359663,139.22556540295832,23.80851063829787,115.41705476466045,REORDER
21428,1703,13.733870967741936,37.12932986350949,162.0877057227943,258.2248024969879,41.20161290322581,217.02318959376208,REORDER
21429,4494,18.647302904564317,29.148114629343805,127.24579311781812,257.77691344976836,55.94190871369295,201.8350047360754,REORDER
21430,1590,12.82258064516129,12.392660027387949,54.10002924981503,143.85809376594406,38.46774193548387,105.39035183046019,REORDER
21431,1412,9.874125874125873,17.65908262210885,77.09054264941,146.20942376829112,29.62237762237762,116.58704614591349,REORDER
21432,927,6.098684210526316,8.814316972272781,38.478809631123816,81.16959910480803,18.29605263157895,62.873546473229084,REORDER
21437,654,12.576923076923077,31.57955789148128,137.8602335454741,225.89869508393565,37.730769230769226,188.16792585316642,REORDER
21438,360,16.363636363636363,45.85021727584749,200.15864957578023,314.70410412123476,49.09090909090909,265.61319503032564,REORDER
21439,825,11.0,7.9355512078854975,34.642566770267365,111.64256677026736,33.0,78.64256677026736,REORDER
21440,465,7.265625,7.167479881879185,31.289559335943032,82.14893433594304,21.796875,60.35205933594304,REORDER
21441,491,11.159090909090908,23.217819121005515,101.35714937611043,179.4707857397468,33.47727272727273,145.99351301247407,REORDER
21442,497,12.425,22.489755502541655,98.17879517551326,185.15379517551327,37.275000000000006,147.87879517551326,REORDER
21443,251,15.6875,51.84427805135941,226.32565993220922,336.1381599322092,47.0625,289.0756599322092,REORDER
21444,273,16.058823529411764,49.61157953068429,216.57883761903372,328.99060232491604,48.17647058823529,280.81413173668074,REORDER
21445,1260,16.57894736842105,52.532215679623924,229.32884453736318,345.3814761163105,49.73684210526315,295.6446340110474,REORDER
21446,767,8.816091954022989,9.871887187494035,43.095621473840225,104.80826515200116,26.448275862068968,78.35998928993219,REORDER
21447,1647,14.447368421052632,40.963202158359216,178.82443559620657,279.956014543575,43.3421052631579,236.61390928041712,REORDER
21448,576,6.127659574468085,6.136851566697824,26.790362079359266,69.68397910063587,18.382978723404257,51.30100037723161,REORDER
21450,13,4.333333333333333,4.932882862316247,21.53444914549708,51.867782478830414,13.0,38.867782478830414,REORDER
21452,1080,8.1203007518797,9.017691025091434,39.36663695647824,96.20874221963615,24.3609022556391,71.84783996399705,REORDER
21454,302,8.882352941176471,7.987735697219046,34.87037761903529,97.04684820727059,26.647058823529413,70.39978938374117,REORDER
21455,231,8.884615384615385,6.784257796262892,29.616607282453483,91.80891497476118,26.653846153846153,65.15506882091503,REORDER
21456,557,20.62962962962963,56.26868793712221,245.6403755545169,390.0477829619243,61.888888888888886,328.1588940730354,REORDER
21457,548,21.92,58.45647953820004,255.19115717438171,408.6311571743817,65.76,342.8711571743817,REORDER
21458,560,17.5,52.013645852206025,227.0650333160936,349.5650333160936,52.5,297.0650333160936,REORDER
21459,175,9.722222222222221,16.013984901276157,69.90888555406792,137.96444110962346,29.166666666666664,108.79777444295681,REORDER
21460,70,6.363636363636363,4.365151252195673,19.056022670011703,63.60147721546625,19.09090909090909,44.51056812455715,REORDER
21461,69,4.6,4.272837799067834,18.653029244602603,50.853029244602595,13.799999999999999,37.0530292446026,REORDER
21462,211,2.511904761904762,2.2574857942636877,9.855030899806685,27.438364233140017,7.535714285714286,19.902649947425733,REORDER
21463,699,5.776859504132231,7.023161210482766,30.659537667747045,71.09755419667266,17.33057851239669,53.76697568427597,REORDER
21464,310,3.163265306122449,3.1252014452218777,13.643034604710616,35.78589174756776,9.489795918367347,26.29609582920041,REORDER
21465,504,6.461538461538462,21.654124293101734,94.5308557684087,139.76162499917794,19.384615384615387,120.37700961456255,REORDER
21466,566,4.677685950413223,4.5262472977678705,19.759285791748642,52.50308744464121,14.033057851239668,38.47002959340154,REORDER
21467,740,6.981132075471698,14.647594395099224,63.9439219233806,112.81184645168248,20.943396226415093,91.8684502252674,REORDER
21468,498,8.163934426229508,26.37687138881894,115.14795939693717,172.29550038054373,24.491803278688522,147.80369710185522,REORDER
21469,849,9.758620689655173,18.92271031108497,82.60689626384003,150.91724109142623,29.275862068965516,121.64137902246071,REORDER
21470,689,5.741666666666666,8.186375064378486,35.73753572308566,75.92920238975232,17.224999999999998,58.704202389752325,REORDER
21471,740,7.551020408163265,8.769819907847255,38.28455815632891,91.14170101347176,22.653061224489797,68.48863978898197,REORDER
21472,889,6.489051094890511,7.434139046161583,32.45365716123048,77.87701482546406,19.467153284671532,58.40986154079253,REORDER
21473,127,2.3962264150943398,1.8432790873614906,8.0468158023736,24.82040070803398,7.188679245283019,17.63172146275096,REORDER
21474,203,2.985294117647059,2.2625612686274907,9.877187830677993,30.774246654207406,8.955882352941178,21.81836430126623,REORDER
21475,1,1.0,0.0,0.0,7.0,3.0,4.0,REORDER
21476,96,2.1333333333333333,1.4238232781046694,6.215685802870025,21.149019136203357,6.4,14.749019136203357,REORDER
21477,262,11.909090909090908,31.34737642384142,136.8466477484926,220.21028411212893,35.72727272727273,184.4830113848562,REORDER
21478,179,3.086206896551724,4.750935208982711,20.740158545615742,42.34360682147781,9.258620689655173,33.08498613182264,REORDER
21479,2217,29.56,23.781232664162452,103.8167253749008,310.7367253749008,88.67999999999999,222.0567253749008,REORDER
21480,245,18.846153846153847,15.64100462377739,68.28064400804847,200.20372093112542,56.53846153846154,143.66525939266387,REORDER
21481,4893,27.96,66.90792781575068,292.0858672695766,487.80586726957665,83.88,403.92586726957666,REORDER
21482,665,8.209876543209877,14.746792913530996,64.37697203020487,121.84610783267401,24.62962962962963,97.21647820304437,REORDER
21484,2678,16.633540372670808,19.767615385079264,86.29532063079515,202.7301032394908,49.900621118012424,152.82948212147838,REORDER
21485,4181,20.004784688995215,24.44115728242793,106.69761947446727,246.73111229743378,60.014354066985646,186.71675823044814,REORDER
21486,841,8.245098039215685,14.840029005409061,64.783993225541,122.4996795000508,24.735294117647058,97.76438538240374,REORDER
21488,2157,15.744525547445255,27.1545222095262,118.54278601635771,228.7544648484745,47.23357664233576,181.52088820613875,REORDER
21489,16,4.0,0.816496580927726,3.564407384124323,31.564407384124323,12.0,19.564407384124323,REORDER
21490,598,85.42857142857143,141.69669149614037,618.5754420440566,1216.5754420440567,256.2857142857143,960.2897277583425,REORDER
21491,2827,33.258823529411764,39.78847432455321,173.69617338058669,406.50793808646904,99.7764705882353,306.73146749823377,REORDER
21493,247,41.166666666666664,37.90206678621453,165.46108077127988,453.6277474379465,123.5,330.1277474379465,REORDER
21494,1661,18.875,30.246425646145628,132.0404585087073,264.1654585087073,56.625,207.54045850870727,REORDER
21495,6665,43.0,33.8186531177884,147.634980610965,448.634980610965,129.0,319.634980610965,REORDER
21496,25,25.0,0.0,0.0,175.0,75.0,100.0,REORDER
21497,8975,53.74251497005988,80.03334877742145,349.3847568036415,725.5823615940607,161.22754491017963,564.354816683881,REORDER
21498,16550,69.24686192468619,68.45272045426756,298.8296435648969,783.5576770377002,207.74058577405856,575.8170912636416,REORDER
21499,8475,49.56140350877193,50.327872365540195,219.70580658546191,566.6356311468654,148.68421052631578,417.95142062054964,REORDER
21500,9675,52.58152173913044,52.30473848148954,228.33579518028094,596.406447354194,157.7445652173913,438.6618821368027,REORDER
21503,1075,29.86111111111111,10.034662148993581,43.80621388570348,252.83399166348124,89.58333333333333,163.25065833014793,REORDER
21504,3038,24.304,27.235894247919802,118.89801480884309,289.02601480884306,72.91199999999999,216.11401480884308,REORDER
21506,6038,31.28497409326425,47.958061454388094,209.36042154895478,428.3552402018045,93.85492227979275,334.5003179220118,REORDER
21507,4860,26.85082872928177,26.51026765191289,115.73029940459087,303.68610050956323,80.5524861878453,223.1336143217179,REORDER
21508,4151,25.00602409638554,24.901867275233702,108.70884418581987,283.75101286051864,75.01807228915662,208.732940571362,REORDER
21509,4982,28.797687861271676,28.362676001600594,123.8169689072827,325.40078393618444,86.39306358381504,239.0077203523694,REORDER
21511,40,20.0,5.656854249492381,24.694938752708012,164.69493875270803,60.0,104.69493875270803,REORDER
21518,763,14.12962962962963,8.66579982763798,37.830459571404205,136.7378669788116,42.388888888888886,94.34897808992272,REORDER
21519,3896,24.198757763975156,22.804007289228906,99.55065810195637,268.94196244978247,72.59627329192547,196.345689157857,REORDER
21520,469,12.342105263157896,3.3066380067281504,14.435094038503063,100.82983088060834,37.026315789473685,63.803515091134656,REORDER
21523,3578,16.044843049327355,34.93117761015241,152.49169478249985,264.8055961277913,48.134529147982065,216.67106697980927,REORDER
21524,3460,13.206106870229007,27.869074734334507,121.66215767726226,214.1049057688653,39.61832061068702,174.4865851581783,REORDER
21525,2,2.0,0.0,0.0,14.0,6.0,8.0,REORDER
21527,2831,11.324,21.941392911380223,95.78492395208144,175.05292395208144,33.972,141.08092395208143,REORDER
21528,659,5.936936936936937,20.47671816712793,89.3909014960151,130.94946005457365,17.81081081081081,113.13864924376284,REORDER
21529,462,5.435294117647059,5.92100188357698,25.848072518878013,63.895131342407424,16.305882352941175,47.58924898946625,REORDER
21530,162,3.6818181818181817,3.7773666677882285,16.49005514255944,42.262782415286715,11.045454545454545,31.217327869832168,REORDER
21531,2471,11.03125,14.570807668027694,63.60871026007453,140.82746026007453,33.09375,107.73371026007453,REORDER
21532,1372,21.4375,140.55387884061705,613.5865052093307,763.6490052093307,64.3125,699.3365052093307,REORDER
21533,1930,7.568627450980392,6.773776735197183,29.570852318711168,82.55124447557391,22.705882352941174,59.845362122632736,REORDER
21534,533,4.196850393700787,4.380764900375384,19.124183889745957,48.50213664565147,12.590551181102361,35.911585464549105,REORDER
21535,4132,15.953667953667953,19.09233419113709,83.34738755884905,195.02306323452473,47.86100386100386,147.16205937352086,REORDER
21536,215,5.2439024390243905,4.641015448179838,20.260304966043158,56.96762203921389,15.731707317073171,41.23591472214072,REORDER
21537,681,5.404761904761905,5.666997189240273,24.739217651332474,62.57255098466581,16.214285714285715,46.358265270380095,REORDER
21538,1296,36.0,199.55092439919045,871.1374977579601,1123.13749775796,108.0,1015.1374977579601,REORDER
21539,1683,7.8279069767441865,14.995736552689278,65.46373291368383,120.25908175089313,23.483720930232558,96.77536082066058,REORDER
21540,1298,21.278688524590162,140.341385099281,612.6588659780215,761.6096856501526,63.83606557377048,697.7736200763821,REORDER
21541,1782,16.054054054054053,21.544810738989327,94.05364857787714,206.43202695625553,48.16216216216216,158.26986479409337,REORDER
21542,1748,16.807692307692307,21.767561562343765,95.02606499471283,212.67991114855897,50.42307692307692,162.25683422548207,REORDER
21543,267,29.666666666666668,64.1404708432983,280.0045624628284,487.6712291294951,89.0,398.6712291294951,REORDER
21544,3932,22.214689265536723,50.40764742936455,220.0540638019728,375.5568886607299,66.64406779661017,308.91282086411974,REORDER
21545,678,12.107142857142858,37.161895720031474,162.22987163281613,246.97987163281613,36.32142857142857,210.65844306138757,REORDER
21547,620,9.6875,32.59655985354458,142.29994509837312,210.11244509837312,29.0625,181.04994509837312,REORDER
21548,641,9.712121212121213,32.14235889649724,140.3171355153417,208.3019840001902,29.13636363636364,179.16562036382658,REORDER
21549,539,16.333333333333332,47.02437311295778,205.2844147457376,319.6177480790709,49.0,270.6177480790709,REORDER
21550,285,6.4772727272727275,18.093412184605466,78.98660386493572,124.32751295584481,19.431818181818183,104.89569477402662,REORDER
21551,165,10.3125,25.23415344329982,110.15943601775567,182.34693601775567,30.9375,151.40943601775567,REORDER
21552,162,7.363636363636363,15.689078562719551,68.4905102915725,120.03596483702705,22.09090909090909,97.94505574611796,REORDER
21553,75,3.5714285714285716,5.73211504221111,25.023488965370124,50.02348896537012,10.714285714285715,39.309203251084405,REORDER
21554,163,10.866666666666667,30.342960272446028,132.46187942196804,208.5285460886347,32.6,175.9285460886347,REORDER
21555,267,7.216216216216216,11.666988412551827,50.93211731632923,101.44563082984274,21.648648648648646,79.7969821811941,REORDER
21556,581,5.989690721649485,5.156902424099553,22.512404226829375,64.44023927837577,17.969072164948454,46.47116711342731,REORDER
21557,323,4.306666666666667,3.642739292009455,15.90234072520585,46.04900739187252,12.92,33.12900739187252,REORDER
21558,1961,14.107913669064748,20.645275505261367,90.12673681330266,188.8821324967559,42.32374100719424,146.55839148956164,REORDER
21559,4170,17.09016393442623,28.85767661405701,125.97788896426685,245.60903650525046,51.27049180327869,194.33854470197178,REORDER
21561,1644,9.235955056179776,15.72936544232817,68.6663822480688,133.31806764132722,27.70786516853933,105.61020247278789,REORDER
21562,345,9.857142857142858,14.243972630643496,62.18191528278374,131.18191528278373,29.571428571428573,101.61048671135516,REORDER
21563,1354,10.104477611940299,17.254080331067314,75.32250933427294,146.05385261785503,30.313432835820898,115.74041978203414,REORDER
21564,895,6.937984496124031,9.145312954240973,39.923769168985416,88.48966064185363,20.813953488372093,67.67570715348154,REORDER
21576,433,5.280487804878049,4.481166047115946,19.562484058020985,56.525898692167324,15.841463414634145,40.68443527753318,REORDER
21577,1687,10.954545454545455,33.75136712972337,147.3412443255851,224.0230625074033,32.86363636363637,191.15942614376692,REORDER
21578,1334,9.666666666666666,9.74966466451845,42.56206031317317,110.22872697983982,29.0,81.22872697983982,REORDER
21579,815,15.673076923076923,35.968243702644,157.01899608938578,266.73053455092423,47.019230769230774,219.71130378169346,REORDER
21580,279,4.65,4.245935244642211,18.535586421342344,51.08558642134235,13.950000000000001,37.135586421342346,REORDER
21581,874,11.653333333333334,28.481142805293036,124.33413451424111,205.90746784757445,34.96,170.94746784757444,REORDER
21582,117,11.7,15.705979045502948,68.56428917446748,150.46428917446747,35.099999999999994,115.36428917446747,REORDER
21584,2774,20.248175182481752,44.986400072671934,196.38766450437413,338.1248907817464,60.74452554744526,277.3803652343011,REORDER
21585,1,1.0,0.0,0.0,7.0,3.0,4.0,REORDER
21586,1910,15.916666666666666,25.399524687319182,110.88136247412206,222.2980291407887,47.75,174.5480291407887,REORDER
21587,1988,18.754716981132077,16.478448447972003,71.93649636612813,203.21951523405266,56.26415094339623,146.95536429065643,REORDER
21588,1896,16.06779661016949,31.98309617997333,139.6218757726144,252.09645204380084,48.20338983050847,203.89306221329235,REORDER
21589,1115,17.6984126984127,28.81623361961936,125.79697000043491,249.6858588893238,53.0952380952381,196.5906207940857,REORDER
21590,3438,20.464285714285715,35.813872275850485,156.3450892214165,299.5950892214165,61.392857142857146,238.20223207855938,REORDER
21591,2248,20.25225225225225,19.880309339311083,86.78728492310567,228.55305068887145,60.75675675675676,167.79629393211468,REORDER
21592,3818,23.8625,54.77610086903862,239.12450213728758,406.1620021372876,71.5875,334.5745021372876,REORDER
21593,1390,21.060606060606062,70.34286991102474,307.0810714803804,454.5053139046228,63.18181818181819,391.32349572280464,REORDER
21609,740,6.434782608695652,11.815192743141758,51.57910178956943,96.62258005043898,19.304347826086957,77.31823222435203,REORDER
21610,529,7.450704225352113,9.868838015830242,43.082310346460446,95.23723992392524,22.35211267605634,72.88512724786891,REORDER
21611,735,6.869158878504673,11.265311686724331,49.17860172175856,97.26271387129128,20.60747663551402,76.65523723577726,REORDER
21612,676,8.345679012345679,11.27293273046899,49.21187130944909,107.63162439586884,25.037037037037038,82.5945873588318,REORDER
21613,403,4.477777777777778,4.332339269444169,18.91278229847906,50.25722674292351,13.433333333333334,36.82389340959017,REORDER
21614,1559,11.992307692307692,25.85723959734516,112.87951218255888,196.82566602871273,35.97692307692308,160.84874295178966,REORDER
21615,283,8.323529411764707,13.295523485050634,58.041470341573564,116.30617622392651,24.97058823529412,91.3355879886324,REORDER
21616,337,6.480769230769231,11.36297804208549,49.60496318653564,94.97034780192025,19.442307692307693,75.52804010961256,REORDER
21617,324,5.142857142857143,6.937176944776141,30.284174244602067,66.28417424460207,15.42857142857143,50.85560281603064,REORDER
21618,296,6.297872340425532,9.647966430508468,42.11809772383115,86.20320410680986,18.893617021276597,67.30958708553327,REORDER
21619,156,3.466666666666667,2.81715523824365,12.298262072341767,36.56492873900844,10.4,26.164928739008438,REORDER
21620,205,4.019607843137255,4.263755134049944,18.61337896435218,46.75063386631297,12.058823529411764,34.6918103369012,REORDER
21621,3990,14.888059701492537,29.578856819575986,129.1261936968052,233.34261160725293,44.66417910447761,188.6784325027753,REORDER
21622,3188,14.691244239631336,46.56438758858809,203.27635269385405,306.11506237127344,44.07373271889401,262.04132965237943,REORDER
21623,3902,24.696202531645568,98.50588969172716,430.0264432191273,602.8998609406462,74.0886075949367,528.8112533457096,REORDER
21624,1518,8.625,48.87542473326592,213.3651614603471,273.7401614603471,25.875,247.8651614603471,REORDER
21625,553,5.168224299065421,13.331397173241998,58.198076556555854,94.3756466500138,15.504672897196262,78.87097375281755,REORDER
21626,686,10.553846153846154,6.677927188766103,29.152422114538457,103.02934519146153,31.661538461538463,71.36780672992307,REORDER
21627,95,3.1666666666666665,4.871332985689981,21.265753795310395,43.43242046197706,9.5,33.93242046197706,REORDER
21628,65,2.7083333333333335,4.666990154419578,20.37369727763887,39.332030610972204,8.125,31.207030610972204,REORDER
21629,52,2.08,1.934769581457527,8.446216608636083,23.006216608636084,6.24,16.766216608636086,REORDER
21630,53,1.962962962962963,1.1596246568305386,5.062329452651169,18.80307019339191,5.888888888888889,12.914181304503021,REORDER
21631,51,1.9615384615384615,1.6119744223968129,7.037057678407274,20.767826909176506,5.884615384615384,14.883211524561123,REORDER
21632,42,1.6153846153846154,1.0982503567738306,4.794400580164003,16.102092887856312,4.846153846153847,11.255939041702465,REORDER
21633,40,2.1052631578947367,1.5597270716416047,6.808972408752872,21.54581451401603,6.315789473684211,15.23002504033182,REORDER
21634,770,29.615384615384617,25.586053893599026,111.69565379603218,319.0033461037245,88.84615384615385,230.1571922575706,REORDER
21635,130,5.2,5.163977794943222,22.543291685111114,58.94329168511111,15.600000000000001,43.34329168511111,REORDER
21636,92,5.411764705882353,5.927255093310602,25.875370841332316,63.75772378250879,16.235294117647058,47.52242966486173,REORDER
21637,1165,32.361111111111114,49.986371158419786,218.21498659578813,444.74276437356593,97.08333333333334,347.65943104023256,REORDER
21638,761,9.756410256410257,8.113138130403694,35.417820644850096,103.71269243972189,29.269230769230774,74.44346167049112,REORDER
21639,249,31.125,17.707443955257105,77.30166354937,295.17666354937,93.375,201.80166354937,REORDER
21640,1474,20.47222222222222,21.391042104491284,93.38237319344286,236.6879287489984,61.416666666666664,175.27126208233173,REORDER
21641,439,18.291666666666668,11.456834552834149,50.014692814038234,178.0563594807049,54.875,123.18135948070491,REORDER
21642,1769,22.974025974025974,29.133528354247403,127.18211688465935,288.0002987028412,68.92207792207792,219.07822078076327,REORDER
21643,833,12.621212121212121,9.345941367600165,40.79961043366053,129.1480952821454,37.86363636363636,91.28445891850903,REORDER
21644,793,10.716216216216216,9.374287582458601,40.92335554161749,115.93686905513101,32.148648648648646,83.78822040648237,REORDER
21645,939,10.670454545454545,12.401076696774739,54.13677213302211,128.82995395120392,32.01136363636363,96.81859031484029,REORDER
21647,684,10.058823529411764,9.957944931158005,43.471305664248476,113.88307037013082,30.176470588235293,83.70659978189553,REORDER
21648,1990,27.26027397260274,36.68712588196917,160.15726881232916,350.9791866205484,81.78082191780823,269.19836470274015,REORDER
21649,413,29.5,42.22057464171849,184.31348217517473,390.8134821751747,88.5,302.3134821751747,REORDER
21650,600,15.384615384615385,13.47632501954404,58.83075757150546,166.52306526381315,46.15384615384615,120.36921910996699,REORDER
21651,1212,14.428571428571429,24.07082206828486,105.08092492518578,206.0809249251858,43.285714285714285,162.79521063947152,REORDER
21652,867,14.45,9.798694136448031,42.776097966076684,143.92609796607667,43.349999999999994,100.57609796607667,REORDER
21653,1203,14.670731707317072,24.649671261198495,107.60788509343467,210.30300704465418,44.012195121951216,166.29081192270297,REORDER
21654,201,13.4,17.410177647407444,76.00395055521787,169.80395055521785,40.2,129.60395055521786,REORDER
21655,1266,23.01818181818182,26.871085181942668,117.30544460225764,278.43271732953036,69.05454545454546,209.3781718749849,REORDER
21656,704,11.932203389830509,13.709881166993819,59.8503445189875,143.37576824780106,35.79661016949153,107.57915807830953,REORDER
21657,210,2.8767123287671232,2.7281719840268916,11.909806595855576,32.04679289722544,8.63013698630137,23.416655910924067,REORDER
21658,1261,8.578231292517007,7.405963137967396,32.33065552525589,92.37827457287494,25.73469387755102,66.64358069532392,REORDER
21659,110,2.156862745098039,2.3526372352711573,10.270413531968762,25.368452747655034,6.470588235294118,18.89786451236092,REORDER
21661,216,3.4285714285714284,2.966013321453812,12.948100495887916,36.948100495887914,10.285714285714285,26.66238621017363,REORDER
21662,165,3.0555555555555554,2.565494300576267,11.19963885030935,32.588527739198234,9.166666666666666,23.42186107253157,REORDER
21663,69,3.2857142857142856,2.741219749360805,11.966766480549373,34.966766480549374,9.857142857142858,25.109623623406517,REORDER
21664,140,3.6842105263157894,4.496877373983301,19.63107169305647,45.420545377267,11.052631578947368,34.36791379831963,REORDER
21665,766,22.529411764705884,25.85066120028613,112.85079425819688,270.5566766111381,67.58823529411765,202.96844131702042,REORDER
21666,1294,41.74193548387097,93.45728712159921,407.9868208853431,700.1803692724399,125.2258064516129,574.9545628208269,REORDER
21667,327,3.1142857142857143,2.654148732551643,11.586658856699737,33.38665885669974,9.342857142857143,24.043801713842598,REORDER
21668,4422,26.011764705882353,34.354570979176025,149.97452449520722,332.05687743638373,78.03529411764706,254.02158331873667,REORDER
21669,5043,31.322981366459626,42.14730158688573,183.9936094117071,403.2544789769245,93.96894409937887,309.2855348775456,REORDER
21670,4163,22.143617021276597,30.357858697677575,132.52691834331515,287.5322374922513,66.43085106382979,221.1013864284215,REORDER
21671,4928,30.9937106918239,40.40076087379534,176.36910398225422,393.3250788250215,92.98113207547169,300.3439467495498,REORDER
21672,5805,30.877659574468087,37.93480096039625,165.6039814703054,381.74759849158204,92.63297872340426,289.11461976817776,REORDER
21673,5364,28.838709677419356,41.04230917126681,179.16977644334574,381.04074418528126,86.51612903225806,294.5246151530232,REORDER
21674,43,4.777777777777778,4.352521619066865,19.000888137137167,52.44533258158161,14.333333333333332,38.11199924824828,REORDER
21675,1082,11.154639175257731,5.870725761113297,25.628592625954184,103.71106685275831,33.4639175257732,70.24714932698511,REORDER
21676,909,14.901639344262295,17.30096810203867,75.52719741378154,179.8386728236176,44.704918032786885,135.13375479083072,REORDER
21677,1250,12.88659793814433,8.483901776133374,37.036385507794336,127.24257107480464,38.65979381443299,88.58277726037166,REORDER
21678,418,13.483870967741936,20.974382736633647,91.56345102996133,185.9505478041549,40.45161290322581,145.4989349009291,REORDER
21679,3693,26.37857142857143,91.90239331608876,401.1989480499256,585.8489480499256,79.13571428571429,506.71323376421134,REORDER
21680,1914,21.266666666666666,43.17115141627266,188.4632152586227,337.3298819252894,63.8,273.5298819252894,REORDER
21681,226,3.53125,5.345132038400595,23.334118662379343,48.05286866237934,10.59375,37.45911866237934,REORDER
21682,391,4.949367088607595,8.05414168687367,35.16027228045088,69.80584190070405,14.848101265822784,54.95774063488127,REORDER
21683,638,8.179487179487179,15.054656775984318,65.72094853943508,122.97735879584533,24.538461538461537,98.4388972573838,REORDER
21684,940,19.183673469387756,52.550639652540454,229.4092742006864,363.6949884864007,57.55102040816327,306.14396807823744,REORDER
21685,3,1.5,0.7071067811865476,3.0868673440885015,13.586867344088501,4.5,9.086867344088501,REORDER
21686,29,2.4166666666666665,1.6764862244009227,7.31868328321427,24.235349949880934,7.25,16.985349949880934,REORDER
21687,446,6.757575757575758,10.533551678124095,45.98411096822968,93.28714127125998,20.272727272727273,73.01441399853272,REORDER
21688,576,8.597014925373134,7.962144719237205,34.75866046918294,94.93776494679489,25.791044776119403,69.14672017067548,REORDER
21689,246,7.935483870967742,17.557402017137896,76.64665701945562,132.1950441162298,23.806451612903224,108.38859250332658,REORDER
21690,244,4.206896551724138,4.396005446294119,19.190716335416578,48.63899219748554,12.620689655172413,36.01830254231313,REORDER
21691,240,4.444444444444445,2.8527819369650764,12.45379005734611,43.564901168457226,13.333333333333334,30.23156783512389,REORDER
21692,484,5.831325301204819,7.072480637548495,30.874841116800226,71.69411822523395,17.493975903614455,54.200142321619495,REORDER
21693,495,8.53448275862069,6.580714826103965,28.728042550196147,88.46942186054098,25.60344827586207,62.865973584678905,REORDER
21694,261,6.525,3.5227284006314457,15.37843441941694,61.053434419416945,19.575000000000003,41.47843441941694,REORDER
21695,307,8.078947368421053,7.294505814531656,31.844089731902926,88.3967213108503,24.236842105263158,64.15987920558715,REORDER
21696,532,8.866666666666667,6.848151220675763,29.895533366277935,91.96220003294461,26.6,65.3622000329446,REORDER
21697,372,62.0,88.31760866327846,385.5496077030814,819.5496077030814,186.0,633.5496077030814,REORDER
21698,184,7.076923076923077,8.4896316854058,37.061399367494516,86.59986090595605,21.23076923076923,65.36909167518682,REORDER
21699,108,36.0,31.74901573277509,138.60000000000002,390.6,108.0,282.6,REORDER
21700,4537,26.377906976744185,30.48117394695091,133.06524978933982,317.7105986265491,79.13372093023256,238.57687769631653,REORDER
21702,2636,439.3333333333333,819.4375306676321,3577.2460698140403,6652.579403147373,1318.0,5334.579403147373,REORDER
21703,5227,35.8013698630137,45.38716511009718,198.13720013264867,448.74678917374456,107.4041095890411,341.34267958470343,REORDER
21704,11929,72.2969696969697,214.26975317320833,935.3923926261785,1441.4711805049665,216.89090909090908,1224.5802714140573,REORDER
21705,1043,20.057692307692307,31.496288895328274,137.4967236034984,277.90056975734456,60.17307692307692,217.72749283426765,REORDER
21706,984,10.040816326530612,22.671076249172945,98.97034902066612,169.25606330638038,30.122448979591837,139.13361432678855,REORDER
21707,832,11.885714285714286,37.72499377441305,164.68807036861878,247.8880703686188,35.65714285714286,212.23092751147595,REORDER
21708,413,8.26,15.80210525886487,68.98392716526695,126.80392716526694,24.78,102.02392716526694,REORDER
21709,555,12.333333333333334,45.44227107000707,198.37776463101915,284.71109796435246,37.0,247.71109796435246,REORDER
21710,612,12.75,35.475793365245785,154.86920923180665,244.11920923180665,38.25,205.86920923180665,REORDER
21711,274,10.148148148148149,18.606664859882258,81.22720311349534,152.26424015053237,30.444444444444446,121.81979570608793,REORDER
21713,1885,15.201612903225806,24.34039762877728,106.25775424798204,212.66904457056268,45.604838709677416,167.06420586088527,REORDER
21714,2279,18.834710743801654,42.23808453426796,184.38992143010418,316.23289663671574,56.50413223140497,259.72876440531076,REORDER
21715,2098,16.519685039370078,34.67052414291506,151.35381476558322,266.9916100411738,49.55905511811024,217.43255492306355,REORDER
21716,2159,17.69672131147541,35.84145283366002,156.46549186144088,280.34254104176875,53.09016393442623,227.2523771073425,REORDER
21717,1000,13.333333333333334,12.6526712630215,55.235105611303865,148.5684389446372,40.0,108.5684389446372,REORDER
21718,2415,21.954545454545453,49.036100980122576,214.0665919551307,367.7484101369489,65.86363636363636,301.88477377331253,REORDER
21719,553,9.875,8.591883061672485,37.50777669364048,106.63277669364048,29.625,77.00777669364048,REORDER
21720,979,14.397058823529411,15.316696290330349,66.86487933067747,167.64429109538335,43.19117647058823,124.45311462479512,REORDER
21721,867,14.21311475409836,12.968056593155302,56.61191700994574,156.10372028863426,42.63934426229508,113.46437602633918,REORDER
21722,230,9.583333333333334,16.633953402516834,72.61535163777877,139.69868497111213,28.75,110.94868497111213,REORDER
21723,466,8.321428571428571,8.30795269137216,36.2682815970098,94.5182815970098,24.964285714285715,69.55399588272408,REORDER
21724,583,9.716666666666667,8.83769213425581,38.580853659137674,106.59752032580434,29.15,77.44752032580433,REORDER
21725,786,11.391304347826088,12.707359367594304,55.47384596651954,135.21297640130214,34.173913043478265,101.03906335782388,REORDER
21726,833,10.283950617283951,13.325947028167672,58.174284004570644,130.1619383255583,30.851851851851855,99.31008647370646,REORDER
21728,294,9.1875,35.763955092676305,156.12717627425073,220.43967627425073,27.5625,192.87717627425073,REORDER
21729,114,8.142857142857142,10.346735961400826,45.16856888794038,102.16856888794038,24.428571428571427,77.73999745936895,REORDER
21730,703,7.322916666666667,10.222261354171222,44.62517627674163,95.8855929434083,21.96875,73.9168429434083,REORDER
21731,14985,62.69874476987448,110.5009279709966,482.39065883764493,921.2818722267664,188.09623430962344,733.1856379171429,REORDER
21732,923,19.638297872340427,61.16884171733005,267.03194623038183,404.50003133676483,58.91489361702128,345.58513771974356,REORDER
21733,9855,36.36531365313653,44.215249336430745,193.02121393650054,447.5784095084563,109.0959409594096,338.48246854904664,REORDER
21734,55,4.230769230769231,2.9764029228204905,12.993456193259506,42.608840808644125,12.692307692307693,29.91653311633643,REORDER
21735,589,6.333333333333333,18.01891116078577,78.6613704155488,122.99470374888213,19.0,103.99470374888213,REORDER
21736,98,5.764705882352941,2.969204686542885,12.962032367195944,53.31497354366653,17.294117647058822,36.02085589660771,REORDER
21737,397,3.544642857142857,9.931194273153642,43.35452594324511,68.16702594324511,10.633928571428571,57.53309737181654,REORDER
21738,360,5.806451612903226,6.503060338018971,28.38904268515562,69.0342039754782,17.41935483870968,51.61484913676853,REORDER
21739,238,5.173913043478261,4.48357173009836,19.572986042213785,55.79037734656161,15.521739130434781,40.26863821612683,REORDER
21740,164,7.809523809523809,6.9109988251992025,30.16989393418545,84.83656060085211,23.428571428571427,61.40798917228068,REORDER
21741,517,6.8933333333333335,8.310809199443186,36.28075165346688,84.53408498680022,20.68,63.854084986800224,REORDER
21742,238,2.9382716049382718,2.2986174051609023,10.034590522011568,30.602491756579468,8.814814814814815,21.78767694176465,REORDER
21743,1106,14.552631578947368,18.302928535686743,79.90124532986427,181.76966638249584,43.6578947368421,138.11177164565373,REORDER
21744,364,6.385964912280702,6.055559387764839,26.435481912523713,71.13723629848863,19.157894736842106,51.97934156164652,REORDER
21745,1776,10.385964912280702,27.185044149072052,118.67602922794767,191.37778361391258,31.157894736842106,160.21988887707047,REORDER
21746,2665,20.984251968503937,29.30923909048122,127.9491802874113,274.83894406693884,62.95275590551181,211.88618816142701,REORDER
21747,1546,22.085714285714285,52.35573494247272,228.5584197035657,383.1584197035657,66.25714285714285,316.90127684642283,REORDER
21749,3554,46.15584415584416,156.3103411852494,682.3711787043146,1005.4620877952237,138.46753246753246,866.9945553276913,REORDER
21750,215,6.323529411764706,8.200962945068186,35.80121896544536,80.0659248477983,18.970588235294116,61.095336612504184,REORDER
21752,68,2.72,3.0072135496724095,13.127959666300015,32.16795966630002,8.16,24.00795966630002,REORDER
21754,4784,16.272108843537413,11.293513691951542,49.30171728406105,163.20647918882295,48.816326530612244,114.39015265821071,REORDER
21755,3521,12.35438596491228,9.344955522834015,40.79530673852433,127.2760084929103,37.06315789473684,90.21285059817345,REORDER
21756,805,5.75,4.903566460116249,21.406468694729114,61.656468694729114,17.25,44.406468694729114,REORDER
21757,63,2.423076923076923,1.701130845598349,7.426269122306508,24.387807583844967,7.269230769230768,17.1185768146142,REORDER
21758,69,2.225806451612903,1.3591584999392048,5.933392382211911,21.51403754350223,6.677419354838709,14.836618188663522,REORDER
21759,27,3.0,4.242640687119285,18.521204064531005,39.521204064531005,9.0,30.521204064531005,REORDER
21760,15,1.25,0.621581560508061,2.7135078772688317,11.463507877268832,3.75,7.713507877268832,REORDER
21761,57,3.8,5.634079973061897,24.59551788436259,51.19551788436259,11.399999999999999,39.79551788436259,REORDER
21763,37,2.8461538461538463,2.339734808553947,10.214088121503854,30.137165044580776,8.538461538461538,21.598703506119236,REORDER
21764,17,1.8888888888888888,1.6914819275153699,7.3841468701536535,20.606369092375875,5.666666666666666,14.939702425709209,REORDER
21765,338,3.797752808988764,5.324001774299828,23.24187471286556,49.82614437578691,11.393258426966291,38.43288594882062,REORDER
21767,1,1.0,0.0,0.0,7.0,3.0,4.0,REORDER
21768,447,5.022471910112359,21.491001038537192,93.81874288677041,128.97604625755693,15.067415730337078,113.90863052721986,REORDER
21769,123,2.9285714285714284,6.568189627483238,28.673363925087127,49.17336392508713,8.785714285714285,40.387649639372846,REORDER
21770,1322,12.128440366972477,65.35332756942736,285.2992759637561,370.1983585325634,36.38532110091743,333.81303743164597,REORDER
21772,1,1.0,0.0,0.0,7.0,3.0,4.0,REORDER
21773,356,8.090909090909092,6.63611746191156,28.96990218413137,85.60626582049501,24.272727272727273,61.33353854776774,REORDER
21774,438,8.588235294117647,13.868203157710427,60.54149753292706,120.65914459175059,25.764705882352942,94.89443870939765,REORDER
21775,228,6.514285714285714,6.137500106967431,26.793193275202437,72.39319327520244,19.542857142857144,52.85033613234529,REORDER
21777,1057,5.563157894736842,9.32390172696446,40.70339661028347,79.64550187344136,16.689473684210526,62.956028189230835,REORDER
21779,301,20.066666666666666,17.709830468925873,77.31208185012223,217.77874851678888,60.2,157.5787485167889,REORDER
21780,125,11.363636363636363,6.054299749314156,26.429982973887817,105.97543751934236,34.09090909090909,71.88452842843327,REORDER
21781,464,2.7951807228915664,3.990166810956969,17.419031967902097,36.985297028143066,8.3855421686747,28.599754859468366,REORDER
21784,188,2.160919540229885,2.1013482007732103,9.17341384937825,24.299850630987443,6.482758620689655,17.817092010297788,REORDER
21785,1564,24.825396825396826,34.04860836649316,148.6388478721972,322.416625649975,74.47619047619048,247.94043517378452,REORDER
21786,5546,54.91089108910891,98.04591771306961,428.0184403009101,812.3946779246724,164.73267326732673,647.6620046573456,REORDER
21787,5992,53.98198198198198,97.37173212926949,425.075290103714,802.9491639775879,161.94594594594594,641.003218031642,REORDER
21788,2038,23.15909090909091,26.519949707670783,115.77256631892101,277.8862026825574,69.47727272727273,208.40892995528463,REORDER
21789,1983,22.280898876404493,26.71269223525713,116.61398183076915,272.5802739656006,66.84269662921348,205.73757733638712,REORDER
21790,12398,46.26119402985075,59.31739411851215,258.9494708756811,582.7778290846363,138.78358208955225,443.99424699508404,REORDER
21791,9972,42.075949367088604,87.93908313625334,383.89715842757454,678.4288039971948,126.2278481012658,552.2009558959289,REORDER
21792,147,2.7222222222222223,2.6522803763871865,11.57850256717652,30.63405812273208,8.166666666666668,22.46739145606541,REORDER
21793,48,1.8461538461538463,0.6126863923612269,2.674676112670898,15.597753035747822,5.538461538461538,10.059291497286283,REORDER
21794,177,3.2777777777777777,3.241340665245802,14.150039169223739,37.09448361366818,9.833333333333332,27.26115028033485,REORDER
21795,436,6.507462686567164,39.76040863698017,173.5736529115944,219.12589171756454,19.52238805970149,199.60350365786306,REORDER
21796,323,5.568965517241379,29.86878442658149,130.39186966828044,169.3746282889701,16.706896551724135,152.66773173724596,REORDER
21801,1563,31.26,22.417931962368602,97.8652502533093,316.68525025330933,93.78,222.90525025330933,REORDER
21802,1575,35.0,25.34848032023724,110.65852881725837,355.65852881725834,105.0,250.65852881725834,REORDER
21803,1543,34.28888888888889,25.01692356478839,109.21112122856353,349.23334345078575,102.86666666666667,246.36667678411908,REORDER
21804,377,7.6938775510204085,7.71687566752421,33.687940959213115,87.54508381635597,23.081632653061227,64.46345116329474,REORDER
21805,2124,37.92857142857143,35.4210297796288,154.63013936487283,420.13013936487283,113.78571428571429,306.34442507915855,REORDER
21806,2590,38.656716417910445,33.225835255846704,145.04704036246463,415.6440552878378,115.97014925373134,299.67390603410644,REORDER
21807,2752,39.31428571428572,31.54593745274115,137.71346386767993,412.91346386768,117.94285714285715,294.9706067248228,REORDER
21808,715,17.4390243902439,21.57898141767563,94.20282032246868,216.275991054176,52.3170731707317,163.9589178834443,REORDER
21809,1030,19.074074074074073,30.26664634877734,132.1287317770298,265.6472502955483,57.222222222222214,208.42502807332608,REORDER
21810,1116,19.57894736842105,28.975942834667087,126.49417892785256,263.54681050679994,58.73684210526315,204.8099684015368,REORDER
21811,1526,17.54022988505747,21.38289068157125,93.34678824094463,216.12839743634692,52.62068965517241,163.5077077811745,REORDER
21812,404,6.622950819672131,5.571247419941754,24.321223023200584,70.6818787609055,19.868852459016395,50.81302630188911,REORDER
21813,249,6.384615384615385,5.168810229664405,22.5643876289348,67.25669532124249,19.153846153846153,48.102849167396336,REORDER
21814,582,12.652173913043478,7.755191497898818,33.855208320652565,122.42042571195691,37.95652173913044,84.46390397282647,REORDER
21815,522,13.05,8.439680392538875,36.84333751481765,128.19333751481764,39.150000000000006,89.04333751481764,REORDER
21816,374,13.851851851851851,9.062618503007512,39.56276739691706,136.52573035988001,41.55555555555556,94.97017480432446,REORDER
21817,842,16.192307692307693,14.142188949933669,61.73757967675678,175.08373352291062,48.57692307692308,126.50681044598754,REORDER
21818,1602,19.536585365853657,21.21564477592078,92.61667796860552,229.37277552958113,58.609756097560975,170.76301943202014,REORDER
21819,1366,20.08823529411765,19.131700109455476,83.51923906835255,224.13688612717607,60.26470588235294,163.87218024482314,REORDER
21820,482,8.169491525423728,11.687235215326815,51.02050452455744,108.20694520252354,24.508474576271183,83.69847062625236,REORDER
21821,430,8.958333333333334,10.748494864118028,46.922443224873625,109.63077655820696,26.875,82.75577655820696,REORDER
21822,332,9.764705882352942,7.920280158533619,34.57590116217466,102.92884233864525,29.294117647058826,73.63472469158643,REORDER
21823,1083,16.661538461538463,17.638095244276062,76.9989224684221,193.6296916991913,49.98461538461539,143.64507631457593,REORDER
21824,872,14.533333333333333,15.497913109011268,67.65597947943725,169.38931281277058,43.6,125.78931281277059,REORDER
21825,722,13.884615384615385,15.627594807167657,68.22210359225252,165.41441128456023,41.65384615384615,123.76056513071407,REORDER
21826,1606,12.449612403100776,20.18274372774537,88.10755911962886,175.25484594133428,37.34883720930233,137.90600873203195,REORDER
21827,809,8.51578947368421,12.263822560074589,53.53759061801839,113.14811693380787,25.54736842105263,87.60074851275525,REORDER
21828,751,10.14864864864865,24.128470327408124,105.33258780449313,176.37312834503368,30.445945945945947,145.92718239908774,REORDER
21829,7910,62.28346456692913,48.582755062767006,212.08751503903537,648.0717670075393,186.8503937007874,461.22137330675184,REORDER
21830,5149,45.973214285714285,61.397898813920975,268.03189261784513,589.8443926178452,137.91964285714286,451.9247497607023,REORDER
21832,2266,20.6,34.420817255702374,150.26372193061223,294.4637219306122,61.800000000000004,232.6637219306122,REORDER
21833,3603,24.510204081632654,29.258031878616176,127.72563573333025,299.2970643047588,73.53061224489797,225.76645205986085,REORDER
21836,223,3.4307692307692306,2.4998076849106736,10.912884608606895,34.92826922399151,10.292307692307691,24.635961531683815,REORDER
21837,216,3.9272727272727272,2.8600346116433593,12.485451533685115,39.97636062459421,11.781818181818181,28.194542442776026,REORDER
21838,1,1.0,0.0,0.0,7.0,3.0,4.0,REORDER
21839,197,2.7746478873239435,4.216285376281529,18.40615022749687,37.828685438764474,8.32394366197183,29.504741776792642,REORDER
21841,355,4.226190476190476,4.782879080703492,20.879609187417202,50.46294252075054,12.678571428571429,37.78437109217911,REORDER
21842,541,23.52173913043478,30.44946568454541,132.92682769756874,297.5790016106122,70.56521739130434,227.01378421930784,REORDER
21843,4056,14.589928057553957,23.521036885479578,102.68084339263771,204.8103397955154,43.76978417266187,161.04055562285353,REORDER
21844,3418,17.70984455958549,21.374360528365433,93.30954994529863,217.27846186239708,53.129533678756474,164.1489281836406,REORDER
21845,531,9.482142857142858,9.452255279568464,41.26372271741851,107.63872271741852,28.446428571428573,79.19229414598995,REORDER
21846,876,16.846153846153847,30.42082917446764,132.80181530883252,250.72489223190945,50.53846153846154,200.1864306934479,REORDER
21847,243,15.1875,30.11360434532317,131.46062849290658,237.77312849290658,45.5625,192.21062849290658,REORDER
21849,428,10.974358974358974,17.173245991010152,74.96962785831722,151.79014067883003,32.92307692307692,118.86706375575311,REORDER
21850,266,11.565217391304348,21.349528602325204,93.20114642885126,174.15766816798168,34.69565217391305,139.46201599406862,REORDER
21851,362,12.066666666666666,29.68679415373841,129.59739301337075,214.06405968003742,36.2,177.86405968003743,REORDER
21852,1,1.0,0.0,0.0,7.0,3.0,4.0,REORDER
21864,955,7.764227642276423,17.620815420374328,76.92348757579617,131.27308107173113,23.29268292682927,107.98039814490186,REORDER
21865,549,4.6923076923076925,5.094726039911338,22.240973864357045,55.08712771051089,14.076923076923077,41.01020463358782,REORDER
21866,1147,8.020979020979022,10.478998804092713,45.74596096054475,101.8928141073979,24.062937062937067,77.82987704446083,REORDER
21867,732,7.038461538461538,12.047578072624477,52.593577543318716,101.86280831254948,21.115384615384613,80.74742369716486,REORDER
21868,6570,29.2,47.31778961749707,206.56532146333274,410.96532146333277,87.6,323.36532146333275,REORDER
21869,1245,21.10169491525424,33.412105443703794,145.86020094212765,293.57206534890736,63.30508474576271,230.26698060314465,REORDER
21870,4855,22.686915887850468,28.105771328908443,122.6954542142028,281.50386542915606,68.06074766355141,213.44311776560465,REORDER
21871,5969,33.16111111111111,71.81923023230456,313.5261072021696,545.6538849799474,99.48333333333333,446.17055164661406,REORDER
21872,3789,32.66379310344828,92.53050674054029,403.9409707117214,632.5875224358593,97.99137931034483,534.5961431255146,REORDER
21873,414,7.392857142857143,7.3204037927092305,31.95714708793637,83.70714708793636,22.17857142857143,61.52857565936493,REORDER
21874,3390,18.93854748603352,30.537904612187603,133.31290692202026,265.8827393242549,56.81564245810056,209.06709686615432,REORDER
21875,4708,32.69444444444444,94.74959842915642,413.6283925401938,642.4895036513049,98.08333333333333,544.4061703179715,REORDER
21876,1798,12.06711409395973,11.95863615875302,52.20530253768261,136.6751011954007,36.20134228187919,100.47375891352152,REORDER
21877,8614,44.174358974358974,102.43891999059508,447.1960463341101,756.416559154623,132.52307692307693,623.893482231546,REORDER
21878,2991,36.47560975609756,82.146846172226,358.61120783398053,613.9404761266635,109.42682926829269,504.5136468583708,REORDER
21879,348,9.942857142857143,10.496337896795124,45.82165459050737,115.42165459050736,29.82857142857143,85.59308316193594,REORDER
21880,559,12.422222222222222,9.861515854547664,43.05034552706865,130.0059010826242,37.266666666666666,92.73923441595754,REORDER
21881,221,10.523809523809524,6.305704144812439,27.52748626373284,101.19415293039951,31.57142857142857,69.62272435897094,REORDER
21882,330,9.428571428571429,7.578164119928483,33.082397132009646,99.08239713200965,28.285714285714285,70.79668284629537,REORDER
21883,733,11.106060606060606,7.365467843261318,32.15387373480598,109.8962979772302,33.31818181818181,76.57811615904839,REORDER
21884,216,9.0,5.941746193341395,25.938631588725958,88.93863158872595,27.0,61.938631588725954,REORDER
21888,1713,8.875647668393782,14.466019008647448,63.15125645072355,125.28079012948002,26.626943005181346,98.65384712429868,REORDER
21889,6408,29.94392523364486,46.24335136085603,201.87487236015886,411.48234899567285,89.83177570093457,321.65057329473825,REORDER
21890,2263,14.414012738853502,44.20567381294223,192.97941208769114,293.8775012596657,43.24203821656051,250.63546304310518,REORDER
21891,3896,23.901840490797547,30.844535447337414,134.65150066330247,301.96438409888526,71.70552147239263,230.25886262649263,REORDER
21892,4460,24.916201117318437,51.410538803772084,224.43217573031808,398.8455835515471,74.74860335195531,324.0969801995918,REORDER
21893,164,14.909090909090908,35.37641741458438,154.435384546418,258.79902091005437,44.72727272727273,214.07174818278165,REORDER
21894,690,9.71830985915493,14.508306092512804,63.335860278227024,131.36402929231153,29.15492957746479,102.20909971484673,REORDER
21895,529,9.120689655172415,31.936932141390006,139.42034713936474,203.26517472557163,27.362068965517246,175.9031057600544,REORDER
21896,1352,12.18018018018018,31.280606306085737,136.5551634896157,221.81642475087696,36.54054054054054,185.27588421033641,REORDER
21897,455,5.548780487804878,5.116307597545421,22.335187931125613,61.176651345759765,16.646341463414636,44.53030988234513,REORDER
21898,315,4.565217391304348,4.099778548070921,17.89754087324465,49.85406261237509,13.695652173913043,36.15841043846204,REORDER
21899,4016,20.916666666666668,49.85154225568659,217.62639241459814,364.0430590812648,62.75,301.2930590812648,REORDER
21900,5081,24.785365853658536,48.74325273053441,212.78816594865074,386.28572692426053,74.35609756097561,311.9296293632849,REORDER
21901,4383,22.248730964467004,49.434599765686144,215.80623428432875,371.5473510355978,66.74619289340102,304.80115814219675,REORDER
21902,3401,21.80128205128205,54.312289332519285,237.09973766891326,389.7087120278876,65.40384615384616,324.3048658740414,REORDER
21903,2233,15.294520547945206,47.90380703440207,209.12357443931984,316.1852182749363,45.88356164383562,270.3016566311007,REORDER
21904,690,7.040816326530612,17.76357814757746,77.54671678569977,126.83243107141405,21.122448979591837,105.70998209182221,REORDER
21905,844,11.405405405405405,38.80330409562444,169.39542292964998,249.23326076748782,34.21621621621622,215.0170445512716,REORDER
21906,1174,7.879194630872483,38.25005083050462,166.98020151960648,222.13456393571386,23.63758389261745,198.4969800430964,REORDER
21907,2776,13.67487684729064,14.655878061111995,63.98008418173322,159.7042221127677,41.02463054187192,118.67959157089578,REORDER
21908,5911,26.154867256637168,58.19177412834669,254.03558844385884,437.11965924031904,78.4646017699115,358.65505747040754,REORDER
21910,999,12.974025974025974,45.559381154816414,198.88900749571744,289.7071893138992,38.92207792207792,250.78511139182132,REORDER
21911,2285,15.132450331125828,34.61149625903486,151.09612914866028,257.0232814665411,45.397350993377486,211.62593047316363,REORDER
21912,1855,9.661458333333334,20.956573746737398,91.4857060686562,159.11591440198953,28.984375,130.13153940198953,REORDER
21913,703,7.247422680412371,20.068648293542267,87.60947668099045,138.34143544387706,21.742268041237114,116.59916740263995,REORDER
21914,4725,30.681818181818183,37.099002778108805,161.9553131449609,376.7280404176882,92.04545454545455,284.68258587223363,REORDER
21915,16049,97.85975609756098,246.76627344091335,1077.2556159466526,1762.2739086295794,293.5792682926829,1468.6946403368966,REORDER
21916,6157,33.82967032967033,58.741014113796474,256.43328992298706,493.2409822306794,101.48901098901098,391.7519712416684,REORDER
21917,3835,27.19858156028369,40.487779436367504,176.74898261767441,367.13905353966027,81.59574468085107,285.5433088588092,REORDER
21918,7226,39.27173913043478,88.73027874608421,387.35111468390517,662.2532885969487,117.81521739130434,544.4380712056443,REORDER
21922,525,5.412371134020619,5.3730666626075605,23.456066975601804,61.342664913746134,16.23711340206186,45.105551511684276,REORDER
21923,325,4.7101449275362315,4.270629686575927,18.643389752343875,51.61440424509749,14.130434782608695,37.483969462488794,REORDER
21924,304,4.0,3.9698866482558417,17.330499127261163,45.33049912726116,12.0,33.33049912726116,REORDER
21925,787,12.492063492063492,12.223553434928359,53.361796168444144,140.8062406128886,37.476190476190474,103.3300501366981,REORDER
21926,578,10.321428571428571,9.910705218201072,43.26508118563977,115.51508118563977,30.964285714285715,84.55079547135406,REORDER
21927,597,10.293103448275861,8.86350415970516,38.69353578942453,110.74525992735556,30.879310344827584,79.86594958252797,REORDER
21928,13882,55.528,72.85729860377307,318.057783947569,706.753783947569,166.584,540.1697839475689,REORDER
21929,14526,60.02479338842975,85.25840271409984,372.1946757541691,792.3682294731773,180.07438016528926,612.293849307888,REORDER
21930,6833,26.69140625,36.74387349726935,160.40499994033652,347.24484369033655,80.07421875,267.17062494033655,REORDER
21931,14712,50.90657439446367,60.663818543167636,264.8272727838708,621.1732935451164,152.719723183391,468.4535703617254,REORDER
21932,1065,8.949579831932773,28.533907495129476,124.56447822230703,187.21153704583645,26.84873949579832,160.36279755003812,REORDER
21933,1397,11.087301587301587,34.04256625844057,148.61247111194936,226.22358222306048,33.26190476190476,192.96167746115572,REORDER
21934,1991,14.120567375886525,27.142869407558695,118.49191582982057,217.33588746102623,42.361702127659576,174.97418533336665,REORDER
21935,3285,21.611842105263158,37.12963674830386,162.08904542519196,313.3719401620341,64.83552631578948,248.5364138462446,REORDER
21936,3637,19.243386243386244,30.13046138654335,131.53421773210636,266.23792143581005,57.730158730158735,208.50776270565132,REORDER
21937,2221,14.146496815286625,27.662298532206705,120.75947830426588,219.78495601127224,42.439490445859875,177.34546556541238,REORDER
21942,1161,31.37837837837838,100.0933873249686,436.95664772748705,656.6052963761357,94.13513513513513,562.4701612410006,REORDER
21943,330,11.379310344827585,9.135542024358365,39.88111427558248,119.53628668937557,34.137931034482754,85.39835565489281,REORDER
21944,1306,33.48717948717949,99.49447797289312,434.3421151417739,668.7523715520304,100.46153846153847,568.2908330904919,REORDER
21945,1305,30.348837209302324,90.25305263823762,393.9987683695778,606.440628834694,91.04651162790697,515.3941172067871,REORDER
21946,507,28.166666666666668,57.63806952721031,251.61839673110038,448.7850633977671,84.5,364.2850633977671,REORDER
21947,790,10.675675675675675,14.135458289141452,61.70819704664147,136.4379267763712,32.027027027027025,104.41089974934417,REORDER
21948,1580,27.719298245614034,126.81732565076837,553.6197242502722,747.6548119695703,83.15789473684211,664.4969172327283,REORDER
21949,1758,27.046153846153846,118.61036932552926,517.7923412456427,707.1154181687195,81.13846153846154,625.976956630258,REORDER
21950,185,92.5,123.74368670764582,540.2017852154878,1187.7017852154877,277.5,910.2017852154877,REORDER
21955,2577,12.330143540669857,40.813378044253355,178.17037997477084,264.48138475945984,36.99043062200957,227.49095413745027,REORDER
21967,10521,76.7956204379562,444.2563041806023,1939.3963037369879,2476.9656468026815,230.38686131386862,2246.578785488813,REORDER
21972,708,9.44,10.727887376719032,46.832481451647624,112.91248145164762,28.32,84.59248145164761,REORDER
21973,1461,13.654205607476635,24.36673529116651,106.37273104089657,201.952170293233,40.96261682242991,160.9895534708031,REORDER
21974,4619,24.700534759358288,37.42844283490603,163.39348030757188,336.2972236230799,74.10160427807486,262.19561934500507,REORDER
21975,18906,74.72727272727273,120.4870107900423,525.9848001606131,1049.0757092515223,224.1818181818182,824.8938910697041,REORDER
21976,9280,39.82832618025751,80.8272725462913,352.85062281005656,631.6489060718591,119.48497854077254,512.1639275310865,REORDER
21977,30871,108.31929824561404,141.90234124287744,619.4732038876886,1377.7082916069867,324.9578947368421,1052.7503968701446,REORDER
21980,24750,128.23834196891193,774.7245042468774,3382.051815161317,4279.7202089437005,384.7150259067358,3895.005183036965,REORDER
21981,20787,171.79338842975207,987.448774345243,4310.697417399532,5513.251136407796,515.3801652892562,4997.87097111854,REORDER
21982,24687,160.30519480519482,954.9636705810858,4168.884032707287,5291.020396343651,480.9155844155845,4810.104811928066,REORDER
21983,3922,32.14754098360656,46.07282631315097,201.13044702707606,426.16323391232197,96.44262295081968,329.7206109615023,REORDER
21984,21979,155.87943262411346,983.6293834219799,4294.023905804091,5385.179934172885,467.6382978723404,4917.541636300544,REORDER
21985,16337,79.30582524271844,357.65793532033973,1561.3520196226318,2116.492796321661,237.91747572815532,1878.5753205935057,REORDER
21986,9161,61.898648648648646,227.14557470266718,991.6016584189676,1424.8921989595083,185.69594594594594,1239.1962530135625,REORDER
21987,4287,28.77181208053691,76.41088439565797,333.57092598953795,534.9736105532963,86.31543624161074,448.65817431168557,REORDER
21988,5472,36.972972972972975,103.72871118004936,452.82661643943214,711.637427250243,110.91891891891893,600.7185083313241,REORDER
21989,6024,35.228070175438596,96.97101159513228,423.3259487540834,669.9224399821536,105.68421052631578,564.2382294558379,REORDER
21990,585,10.446428571428571,24.393679988403214,106.49035783816298,179.615357838163,31.339285714285715,148.27607212387727,REORDER
21991,405,11.911764705882353,26.993116571563004,117.83817137223804,201.2205243134145,35.73529411764706,165.48523019576743,REORDER
21992,923,9.515463917525773,18.077445317566916,78.91690067192434,145.52514809460473,28.54639175257732,116.97875634202741,REORDER
21993,698,10.575757575757576,21.820992437460564,95.25931692773396,169.289619958037,31.727272727272727,137.5623472307643,REORDER
22021,979,15.53968253968254,16.04713359674515,70.05359584148825,178.831373619266,46.61904761904762,132.21232600021838,REORDER
22023,3729,25.895833333333332,27.469937477813172,119.91972810969779,301.19056144303113,77.6875,223.50306144303113,REORDER
22024,2935,23.669354838709676,22.010980915924577,96.08870966660646,261.7741935375742,71.00806451612902,190.76612902144518,REORDER
22025,2065,21.288659793814432,27.623947477266967,120.59205717035147,269.61267572705253,63.865979381443296,205.74669634560922,REORDER
22026,2344,20.382608695652173,19.095136980207975,83.35962310556627,226.03788397513148,61.14782608695652,164.89005788817497,REORDER
22027,6751,30.547511312217196,34.879712202421274,152.26702307703428,366.09960226255464,91.64253393665159,274.45706832590304,REORDER
22028,3216,24.549618320610687,25.121309905967518,109.66681872196618,281.514146966241,73.64885496183206,207.86529200440896,REORDER
22029,9361,41.60444444444445,47.066432702102965,205.4680254473917,496.69913655850286,124.81333333333333,371.8858032251695,REORDER
22030,7135,34.97549019607843,60.64273466979724,264.7352313526109,509.56366272515993,104.9264705882353,404.6371921369246,REORDER
22031,612,14.232558139534884,5.402103687684241,23.582827808425776,123.21073478516996,42.69767441860465,80.51306036656531,REORDER
22032,542,15.055555555555555,7.862912744358596,34.32546430858583,139.7143531974747,45.166666666666664,94.54768653080805,REORDER
22033,1216,17.37142857142857,11.032457290723388,48.16207826297258,169.76207826297258,52.114285714285714,117.64779254868687,REORDER
22034,1533,28.92452830188679,26.48936583191581,115.63905272545036,318.1107508386579,86.77358490566037,231.33716593299755,REORDER
22035,2548,19.303030303030305,15.498307907609615,67.6577029686374,202.77891508984953,57.909090909090914,144.86982418075863,REORDER
22036,1618,19.261904761904763,13.320080906823142,58.14867551247769,192.98200884581104,57.78571428571429,135.19629456009676,REORDER
22037,3088,21.594405594405593,15.273210350077518,66.67504190800673,217.83588106884588,64.78321678321677,153.0526642856291,REORDER
22038,675,25.96153846153846,4.9029033784546,21.403574018589293,203.13434324935852,77.88461538461539,125.24972786474314,REORDER
22039,600,28.571428571428573,8.964214570007952,39.133186044583695,239.13318604458368,85.71428571428572,153.41890033029796,REORDER
22040,2090,35.42372881355932,49.447709542097826,215.86346487774156,463.82956657265686,106.27118644067797,357.5583801319789,REORDER
22041,3350,34.5360824742268,47.52391105531117,207.46514246948573,449.2177197890733,103.6082474226804,345.60947236639294,REORDER
22042,1313,24.77358490566038,20.792603630797664,90.76989622243833,264.184990562061,74.32075471698113,189.86423584507986,REORDER
22043,936,26.0,17.79887636902959,77.70081080658038,259.70081080658036,78.0,181.70081080658036,REORDER
22044,1153,30.342105263157894,30.374488153435845,132.59951406053347,344.9942509026387,91.02631578947368,253.96793511316503,REORDER
22045,8040,47.57396449704142,51.90452117222333,226.58865065362298,559.606402132913,142.72189349112426,416.8845086417887,REORDER
22046,4100,38.679245283018865,33.47566199631673,146.13765641559164,416.89237339672366,116.03773584905659,300.85463754766704,REORDER
22047,4875,42.391304347826086,49.35704070932533,215.4676510254937,512.2067814602763,127.17391304347825,385.032868416798,REORDER
22048,1865,29.603174603174605,14.207607778637565,62.023164897245984,269.2453871194682,88.80952380952381,180.4358633099444,REORDER
22049,2525,49.509803921568626,41.97921988270844,183.25985046953858,529.8284779205189,148.52941176470588,381.2990661558131,REORDER
22050,2100,31.34328358208955,25.87238626166725,112.94563478908978,332.34861986371664,94.02985074626865,238.31876911744797,REORDER
22051,2225,31.785714285714285,25.509812182733604,111.36282139534018,333.8628213953402,95.35714285714286,238.50567853819732,REORDER
22052,2950,34.705882352941174,23.80917366689319,103.93870153350287,346.8798780040911,104.11764705882352,242.76223094526756,REORDER
22053,282,7.833333333333333,5.6137586084802145,24.506805177337988,79.34013851067132,23.5,55.84013851067132,REORDER
22054,321,9.17142857142857,8.169115850660498,35.66219080400384,99.86219080400383,27.514285714285712,72.34790508971813,REORDER
22055,3245,16.98952879581152,23.031326384729905,100.5430172636268,219.46971883430743,50.968586387434556,168.50113244687287,REORDER
22056,596,28.38095238095238,61.50079364567273,268.4810789422599,467.1477456089266,85.14285714285714,382.0048884660695,REORDER
22057,2341,25.725274725274726,50.873495813759206,222.08772010869242,402.16464318561555,77.17582417582418,324.98881900979137,REORDER
22058,503,7.185714285714286,7.235766351934876,31.58766321511143,81.88766321511143,21.557142857142857,60.330520357968574,REORDER
22059,3170,19.8125,44.128626670494725,192.6430635837531,331.33056358375313,59.4375,271.89306358375313,REORDER
22060,485,5.329670329670329,12.754132180116674,55.67803219610738,92.98572450379969,15.989010989010989,76.9967135147887,REORDER
22061,1536,7.641791044776119,15.951835153866133,69.63757147417546,123.1301087876083,22.925373134328357,100.20473565327994,REORDER
22062,157,4.0256410256410255,5.842166052376102,25.503915512676343,53.683402692163526,12.076923076923077,41.606479615240445,REORDER
22063,1636,12.78125,23.27647506257299,101.61321128271183,191.08196128271183,38.34375,152.73821128271183,REORDER
22064,4669,23.943589743589744,37.95591443577093,165.696152128809,333.3012803339372,71.83076923076923,261.47051110316795,REORDER
22065,1915,19.947916666666668,20.776692301289348,90.7004354779411,230.33585214460777,59.84375,170.49210214460777,REORDER
22066,1174,13.191011235955056,23.608009236319457,103.06052029121832,195.3975989429037,39.573033707865164,155.82456523503853,REORDER
22067,1410,13.055555555555555,23.16209977622093,101.11390715240988,192.50279604129878,39.166666666666664,153.33612937463212,REORDER
22068,508,6.195121951219512,7.465871360405929,32.592184251055386,75.95803790959198,18.585365853658537,57.37267205593344,REORDER
22069,422,8.612244897959183,7.766960813092136,33.906587144472596,94.19230143018687,25.83673469387755,68.35556673630933,REORDER
22070,883,5.809210526315789,5.41610738816665,23.643960818129074,64.3084345023396,17.42763157894737,46.880802923392224,REORDER
22071,809,6.128787878787879,8.021350615396331,35.01712319686945,77.9186383483846,18.386363636363637,59.532274712020964,REORDER
22072,1426,8.195402298850574,16.116152871055537,70.35489877005571,127.72271486200972,24.586206896551722,103.13650796545801,REORDER
22073,1667,8.252475247524753,8.013708330470475,34.983760881021965,92.75108761369523,24.75742574257426,67.99366187112098,REORDER
22074,746,10.81159420289855,19.494550793912552,85.10325998065548,160.78441940094535,32.434782608695656,128.3496367922497,REORDER
22075,1525,14.805825242718447,25.265282019755652,110.2953274965055,213.93610419553463,44.41747572815534,169.5186284673793,REORDER
22076,1085,10.637254901960784,16.807464876005067,73.37281418174805,147.83359849547355,31.91176470588235,115.9218337895912,REORDER
22077,7647,36.76442307692308,36.93743611981162,161.24999556823767,418.6009571066992,110.29326923076924,308.30768787592996,REORDER
22078,2542,14.952941176470588,29.665155334203735,129.50292897036704,234.17351720566114,44.858823529411765,189.31469367624936,REORDER
22079,3056,16.0,22.21189818661682,96.96581193498318,208.96581193498318,48.0,160.96581193498318,REORDER
22080,2634,13.507692307692308,15.348652256481818,67.00438277059106,161.55822892443723,40.52307692307692,121.0351520013603,REORDER
22081,872,8.549019607843137,5.9629673173122875,26.031272186063575,85.87440944096554,25.647058823529413,60.22735061743612,REORDER
22082,4486,19.58951965065502,22.84227141430431,99.7176997444466,236.84433729903176,58.76855895196506,178.07577834706672,REORDER
22083,8804,33.99227799227799,61.68003158825898,269.26354032788356,507.2094862738295,101.97683397683397,405.2326522969955,REORDER
22084,3588,19.714285714285715,31.546085104154837,137.71410843840013,275.7141084384001,59.142857142857146,216.57125129554296,REORDER
22085,1982,20.432989690721648,71.74461466672585,313.20037372191774,456.23130155696924,61.298969072164944,394.9323324848043,REORDER
22086,13839,99.56115107913669,165.42046186751662,722.141316373772,1419.069373927729,298.68345323741005,1120.385920690319,REORDER
22087,4016,20.489795918367346,21.842675189759078,95.35397275876409,238.7825441873355,61.469387755102034,177.31315643223348,REORDER
22088,2347,12.755434782608695,20.0409409600455,87.48852060301392,176.77656408127478,38.266304347826086,138.5102597334487,REORDER
22089,2014,12.132530120481928,21.999873875306438,96.04022199559861,180.9679328389721,36.39759036144578,144.5703424775263,REORDER
22090,8446,31.871698113207547,54.97518854046829,239.9936173089956,463.09550410144846,95.61509433962264,367.4804097618258,REORDER
22091,1108,12.44943820224719,20.617739072301887,90.00652679985508,177.1525942155854,37.34831460674157,139.80427960884384,REORDER
22092,263,6.414634146341464,8.806178540536461,38.44328139150379,83.34572041589404,19.243902439024392,64.10181797686964,REORDER
22093,512,6.481012658227848,9.223521713940398,40.26518870102937,85.63227730862431,19.443037974683545,66.18923933394076,REORDER
22094,1348,18.216216216216218,58.47825266543046,255.2862075362429,382.7997210497564,54.64864864864865,328.15107240110774,REORDER
22095,1625,22.887323943661972,56.511578913598285,246.7007136016215,406.9119812072553,68.66197183098592,338.25000937626936,REORDER
22096,291,5.596153846153846,7.726348135133377,33.729292918646465,72.90236984172338,16.788461538461537,56.11390830326185,REORDER
22097,460,6.571428571428571,7.468914184071666,32.60546766631527,78.60546766631526,19.714285714285715,58.89118195202955,REORDER
22098,828,10.894736842105264,12.94972735606782,56.53190091490496,132.7950588096418,32.684210526315795,100.110848283326,REORDER
22099,639,7.888888888888889,11.534730165894649,50.35474530766689,105.57696752988912,23.666666666666668,81.91030086322245,REORDER
22100,222,5.414634146341464,6.3795595841566435,27.849901420765235,65.75234044515548,16.243902439024392,49.50843800613109,REORDER
22101,265,10.6,12.298373876248844,53.68842403162901,127.88842403162901,31.799999999999997,96.08842403162902,REORDER
22102,205,9.761904761904763,10.40627100312481,45.42846849718798,113.76180183052132,29.28571428571429,84.47608754480703,REORDER
22103,445,13.90625,19.977986877496427,87.21369520638615,184.55744520638615,41.71875,142.83869520638615,REORDER
22104,875,32.407407407407405,91.69651417720694,400.3001847972568,627.1520366491086,97.22222222222221,529.9298144268864,REORDER
22105,107,7.133333333333334,8.192912151598447,35.7660733097722,85.69940664310553,21.400000000000002,64.29940664310553,REORDER
22106,141,6.409090909090909,9.409514389114936,41.07713780194525,85.94077416558162,19.227272727272727,66.7135014383089,REORDER
22107,570,6.263736263736264,8.039949094414801,35.09831466477687,78.94446851093072,18.791208791208792,60.15325971972193,REORDER
22108,96,4.571428571428571,4.588806256222075,20.032386278224568,52.032386278224564,13.714285714285714,38.31810056393885,REORDER
22109,1553,10.564625850340136,15.175262867986104,66.24745318739465,140.1998341397756,31.693877551020407,108.50595658875518,REORDER
22110,1297,11.684684684684685,23.05486814377703,100.6457885694019,182.4385813621947,35.054054054054056,147.38452730814063,REORDER
22111,5184,24.685714285714287,33.37558179288669,145.7007573220212,318.5007573220212,74.05714285714286,244.4436144648783,REORDER
22112,5150,24.065420560747665,28.667683471879876,125.14847586600295,293.6064197912366,72.19626168224299,221.41015810899358,REORDER
22113,2725,30.96590909090909,26.23038900226284,114.50849205257735,331.269855688941,92.89772727272727,238.37212841621374,REORDER
22114,5554,24.043290043290042,28.60005830790401,124.85325891169028,293.1562892147206,72.12987012987013,221.02641908485043,REORDER
22115,1228,9.983739837398375,34.034934738005376,148.57915578837458,218.4653346501632,29.951219512195124,188.51411513796808,REORDER
22116,240,6.666666666666667,16.279698136899572,71.0688539375724,117.73552060423907,20.0,97.73552060423907,REORDER
22117,437,4.552083333333333,6.620335166688938,28.90100473747455,60.76558807080788,13.65625,47.10933807080788,REORDER
22118,561,5.008928571428571,17.182903474520007,75.01178750275257,110.07428750275257,15.026785714285714,95.04750178846686,REORDER
22119,568,4.303030303030303,4.553229529039019,19.87707644345444,49.99828856466655,12.909090909090908,37.089197655575646,REORDER
22120,472,4.495238095238095,3.9810218284423904,17.379109641264044,48.84577630793071,13.485714285714286,35.360062022216425,REORDER
22121,1121,10.190909090909091,20.628427634914576,90.05318760945585,161.3895512458195,30.572727272727274,130.81682397309223,REORDER
22122,1053,9.660550458715596,17.429870159248566,76.08991801210384,143.713771223113,28.981651376146786,114.73211984696623,REORDER
22123,119,5.95,8.647938604387935,37.75248658593302,79.40248658593302,17.85,61.55248658593302,REORDER
22124,101,6.3125,6.848053251350586,29.89510568220156,74.08260568220156,18.9375,55.14510568220156,REORDER
22125,604,10.413793103448276,13.360106211835685,58.323405567778636,131.21995729191656,31.241379310344826,99.97857798157173,REORDER
22127,3067,31.61855670103093,69.72168530709693,304.36929651295947,525.699193420176,94.85567010309279,430.8435233170832,REORDER
22128,2222,24.96629213483146,37.50862005114238,163.74349311628035,338.50753806010056,74.89887640449437,263.60866165560617,REORDER
22129,1826,30.433333333333334,45.16049220831383,197.1476619229731,410.18099525630646,91.3,318.88099525630645,REORDER
22130,5559,44.11904761904762,43.50790404381386,189.9333053732283,498.7666387065617,132.35714285714286,366.4094958494188,REORDER
22131,3137,16.68617021276596,37.8204655603394,165.10485146321292,281.90804295257465,50.058510638297875,231.84953231427676,REORDER
22132,2111,19.546296296296298,27.415250636512326,119.68099326928278,256.50506734335687,58.63888888888889,197.86617845446798,REORDER
22133,1530,17.586206896551722,24.525047340891618,107.0638406575405,230.16728893340257,52.75862068965517,177.4086682437474,REORDER
22134,1351,21.444444444444443,49.356104886890485,215.4635657023277,365.5746768134388,64.33333333333333,301.2413434801055,REORDER
22135,935,19.479166666666668,40.87239591982528,178.42802190052745,314.7821885671941,58.4375,256.3446885671941,REORDER
22136,1550,14.351851851851851,23.07213993972834,100.72118841609323,201.18415137905617,43.05555555555556,158.12859582350063,REORDER
22137,516,25.8,95.65431181301264,417.5779094656279,598.1779094656279,77.4,520.7779094656279,REORDER
22138,4249,16.86111111111111,24.739611195552918,108.00051694717288,226.02829472495065,50.58333333333333,175.4449613916173,REORDER
22139,5842,22.731517509727627,33.001211785763154,144.06644892569008,303.1870714937835,68.19455252918289,234.9925189646006,REORDER
22141,689,26.5,40.07018841982154,174.92599335147423,360.42599335147423,79.5,280.92599335147423,REORDER
22142,1115,29.342105263157894,39.9291780570668,174.31041407045635,379.70515091256163,88.02631578947368,291.67883512308794,REORDER
22143,420,10.24390243902439,23.222597279164187,101.3780083761615,173.08532544933223,30.731707317073173,142.35361813225904,REORDER
22144,1002,32.32258064516129,36.474088608009744,159.2272567949709,385.48532131109994,96.96774193548387,288.51757937561604,REORDER
22145,1260,15.365853658536585,18.96098150499179,82.77396876524074,190.33494437499684,46.09756097560975,144.23738339938708,REORDER
22146,1342,27.387755102040817,70.76275395247683,308.9140709231059,500.6283566373916,82.16326530612245,418.46509133126915,REORDER
22147,6761,26.618110236220474,39.61155043216528,172.92381395718405,359.2505856107274,79.85433070866142,279.39625490206595,REORDER
22148,1181,25.67391304347826,41.86011325982771,182.73989173852735,362.4572830428752,77.02173913043478,285.4355439124404,REORDER
22149,6457,24.366037735849055,32.23067275807262,140.7026687651713,311.2649329161147,73.09811320754716,238.16681970856752,REORDER
22150,4832,22.267281105990783,64.17079704223995,280.1369511708341,436.0079189127696,66.80184331797236,369.2060755947972,REORDER
22151,12415,62.38693467336683,87.12104681494634,380.32602932274034,817.0345720363082,187.1608040201005,629.8737680162077,REORDER
22152,3863,41.98913043478261,71.54672561681836,312.3364911200749,606.2604041635532,125.96739130434783,480.29301285920536,REORDER
22153,3063,41.391891891891895,33.132700218499764,144.64046031963957,434.38370356288283,124.17567567567568,310.20802788720715,REORDER
22154,3984,59.46268656716418,76.3701767029689,333.3932169778888,749.6320229480381,178.38805970149252,571.2439632465455,REORDER
22155,3558,45.037974683544306,44.29228185297006,193.35749859118758,508.62332137599776,135.11392405063293,373.50939732536483,REORDER
22156,3919,24.341614906832298,26.698807461678438,116.55336799523472,286.9446723430608,73.0248447204969,213.9198276225639,REORDER
22157,1486,22.17910447761194,18.715514041899983,81.70238309244765,236.95611443573125,66.53731343283582,170.41880100289544,REORDER
22158,5492,45.766666666666666,71.32818379800209,311.38244906904316,631.7491157357099,137.3,494.4491157357099,REORDER
22161,1274,21.96551724137931,39.515027351247944,172.50244344517372,326.26106413482887,65.89655172413794,260.36451241069096,REORDER
22162,828,9.857142857142858,17.227844411408043,75.20797669819436,144.20797669819436,29.571428571428573,114.63654812676579,REORDER
22163,344,6.490566037735849,6.54164952589128,28.557503385925653,73.9914656500766,19.471698113207548,54.519767536869054,REORDER
22164,238,8.5,10.556725081408743,46.085274220731286,105.58527422073129,25.5,80.08527422073129,REORDER
22165,516,6.972972972972973,16.713519237040742,72.96269546594127,121.77350627675207,20.91891891891892,100.85458735783315,REORDER
22166,186,7.153846153846154,18.542259425846265,80.94604185695366,131.02296493387672,21.461538461538463,109.56142647233825,REORDER
22167,407,4.472527472527473,10.673269476532546,46.59404757295474,77.90173988064706,13.417582417582418,64.48415746306463,REORDER
22168,518,3.299363057324841,6.109539585818051,26.671131909145554,49.76667331041944,9.898089171974522,39.868584138444916,REORDER
22169,1063,6.180232558139535,5.5458813497586155,24.210487706018654,67.4721156129954,18.540697674418603,48.93141793857679,REORDER
22170,1305,8.006134969325153,8.601964269299938,37.55178610133127,93.59473088660734,24.01840490797546,69.57632597863187,REORDER
22171,1328,8.097560975609756,24.436525892516826,106.67740118968383,163.36032801895215,24.29268292682927,139.0676450921229,REORDER
22172,339,3.2285714285714286,3.054810654012476,13.33574433329752,35.93574433329752,9.685714285714287,26.250030047583234,REORDER
22173,2490,14.647058823529411,23.405459274337545,102.17629052589326,204.70570229059916,43.94117647058823,160.76452582001093,REORDER
22174,1492,15.381443298969073,17.5008590854427,76.39981943561001,184.06992252839353,46.144329896907216,137.92559263148632,REORDER
22175,926,7.982758620689655,15.921537373125691,69.50530682553344,125.38461717036103,23.948275862068964,101.43634130829206,REORDER
22176,648,6.545454545454546,12.144766847538738,53.0178541355915,98.83603595377332,19.636363636363637,79.19967231740968,REORDER
22177,300,4.761904761904762,13.788394238206374,60.19309251979644,93.52642585312978,14.285714285714285,79.2407115674155,REORDER
22178,15271,59.189922480620154,102.84319396033378,448.960900170128,863.2903575344691,177.56976744186045,685.7205900926086,REORDER
22179,1051,6.527950310559007,8.282558565897105,36.15742380474101,81.85307597865406,19.58385093167702,62.26922504697704,REORDER
22180,643,4.044025157232705,3.585035550464917,15.65043563796194,43.958611738590875,12.132075471698114,31.82653626689276,REORDER
22181,935,16.696428571428573,28.432963995307304,124.12381041726039,240.99881041726042,50.08928571428572,190.9095247029747,REORDER
22182,155,5.961538461538462,7.586729304414488,33.11978835634719,74.85055758711643,17.884615384615387,56.96594220250104,REORDER
22183,218,4.844444444444444,5.799512344528929,25.31771119196994,59.22882230308105,14.533333333333331,44.69548896974772,REORDER
22184,260,4.482758620689655,6.369448402982608,27.80576116386667,59.18507150869425,13.448275862068964,45.73679564662528,REORDER
22185,2373,14.648148148148149,14.152001909271615,61.78041804931254,164.31745508634958,43.94444444444444,120.37301064190514,REORDER
22186,1128,11.28,13.391599960234382,58.46089120087035,137.42089120087036,33.839999999999996,103.58089120087035,REORDER
22187,838,10.60759493670886,11.238005254057787,49.05939577221235,123.31256032917437,31.82278481012658,91.4897755190478,REORDER
22188,7538,40.526881720430104,178.07141545794693,777.3689235031344,1061.057095546145,121.5806451612903,939.4764503848548,REORDER
22189,9912,42.90909090909091,156.36166397322043,682.5952278046916,982.958864168328,128.72727272727272,854.2315914410552,REORDER
22190,602,10.033333333333333,16.72404811374132,73.00865916834334,143.2419925016767,30.1,113.1419925016767,REORDER
22191,542,4.137404580152672,6.90569815863195,30.14675392907774,59.10858599014644,12.412213740458014,46.69637224968842,REORDER
22192,482,4.265486725663717,4.17906709325317,18.243674197652414,48.10208127729843,12.79646017699115,35.30562110030728,REORDER
22193,507,5.3936170212765955,9.00921641014736,39.329641112539804,77.08496026147597,16.180851063829785,60.904109197646186,REORDER
22194,304,3.2,4.404060022394229,19.225878504123525,41.62587850412353,9.600000000000001,32.025878504123526,REORDER
22195,3013,16.83240223463687,19.884070196205695,86.8037029050041,204.6305185474622,50.49720670391061,154.1333118435516,REORDER
22196,3507,18.555555555555557,23.82612845518803,104.01271748654669,233.90160637543562,55.66666666666667,178.23493970876893,REORDER
22197,28773,109.8206106870229,248.13865368169996,1083.246727701864,1851.9910025110244,329.4618320610687,1522.5291704499557,REORDER
22198,6191,27.76233183856502,36.5875725706162,159.7226698606748,354.05899273062994,83.28699551569507,270.77199721493486,REORDER
22199,1306,10.124031007751938,32.832198313911775,143.32862236137177,214.19683941563534,30.372093023255815,183.82474639237952,REORDER
22200,848,7.504424778761062,12.251912309779375,53.48559654346784,106.01656999479528,22.513274336283185,83.50329565851209,REORDER
22201,303,4.887096774193548,18.038306087742036,78.746038768696,112.95571618805083,14.661290322580644,98.29442586547019,REORDER
22202,922,8.087719298245615,14.08354428157659,61.48156698323884,118.09560207095814,24.263157894736842,93.83244417622129,REORDER
22203,926,6.614285714285714,22.676830540686627,98.99546932078846,145.29546932078847,19.84285714285714,125.45261217793133,REORDER
22204,317,5.763636363636364,19.186186810040297,83.75710019654055,124.10255474199509,17.29090909090909,106.811645651086,REORDER
22207,1719,11.773972602739725,30.71263259086257,134.07568010680754,216.49348832598562,35.321917808219176,181.17157051776644,REORDER
22208,819,8.902173913043478,9.207092085600022,40.19346532833831,102.50868271964266,26.706521739130437,75.80216098051223,REORDER
22209,455,7.0,6.2774397647448605,27.404098404709472,76.40409840470947,21.0,55.40409840470947,REORDER
22210,576,7.783783783783784,9.630531173945505,42.0419842915293,96.52847077801579,23.351351351351354,73.17711942666443,REORDER
22211,503,7.507462686567164,5.503093164174728,24.023696324142687,76.57593513011284,22.52238805970149,54.05354707041135,REORDER
22212,2351,11.357487922705314,18.82230987415307,82.16859919422738,161.67101465316458,34.07246376811594,127.59855088504864,REORDER
22214,348,12.428571428571429,19.077674699964668,83.28339170166723,170.28339170166723,37.285714285714285,132.99767741595295,REORDER
22215,706,4.738255033557047,4.525298217968119,19.755142593693222,52.92292782859255,14.21476510067114,38.708162727921405,REORDER
22216,742,21.823529411764707,26.27300791195277,114.69454446228802,267.45925034464096,65.47058823529412,201.98866210934685,REORDER
22217,1424,16.181818181818183,23.029988173616303,100.53717531684313,213.8099025895704,48.54545454545455,165.26444804411585,REORDER
22218,1112,8.360902255639099,13.081526614799476,57.10726921652288,115.63358500599657,25.082706766917298,90.55087823907927,REORDER
22219,5120,23.272727272727273,29.07961331132584,126.94675132209125,289.8558422311821,69.81818181818181,220.0376604130003,REORDER
22220,499,3.9603174603174605,4.758824718185436,20.774600116488404,48.49682233871063,11.880952380952381,36.61586995775825,REORDER
22221,760,9.743589743589743,34.62242944555771,151.14385786141224,219.34898606654045,29.230769230769226,190.11821683577122,REORDER
22222,404,3.452991452991453,3.3694769022437163,14.709416587326727,38.8803567582669,10.35897435897436,28.52138239929254,REORDER
22223,244,3.2533333333333334,3.8523188290119963,16.81725802762054,39.59059136095387,9.76,29.830591360953875,REORDER
22224,1442,10.602941176470589,12.097308798831746,52.8106765145228,127.03126474981691,31.808823529411768,95.22244122040514,REORDER
22227,3348,21.88235294117647,17.67615892741533,77.16508908371203,230.34155967194732,65.64705882352942,164.6945008484179,REORDER
22228,626,11.178571428571429,9.572891921475962,41.79036073067568,120.04036073067567,33.535714285714285,86.5046464449614,REORDER
22229,365,8.488372093023257,7.381998996991507,32.22604031553683,91.64464496669962,25.46511627906977,66.17952868762984,REORDER
22230,441,8.647058823529411,7.263121999283133,31.707084010841943,92.23649577554782,25.941176470588232,66.29531930495959,REORDER
22231,1109,12.895348837209303,15.70240076793612,68.54866824073723,158.81611010120236,38.68604651162791,120.13006358957445,REORDER
22232,396,8.608695652173912,10.326832925000266,45.08168238826632,105.3425519534837,25.826086956521735,79.51646499696197,REORDER
22233,344,7.478260869565218,6.424740826367265,28.0471396666088,80.39496575356532,22.434782608695652,57.96018314486966,REORDER
22236,779,4.451428571428571,5.04197162154968,22.01067499630812,53.170674996308115,13.354285714285712,39.8163892820224,REORDER
22241,2046,23.790697674418606,46.25889199839626,201.94271485270113,368.4775985736314,71.37209302325581,297.1055055503756,REORDER
22242,4081,23.056497175141242,37.02620655362107,161.63752197943563,323.03300220542434,69.16949152542372,253.86351068000062,REORDER
22243,4550,33.21167883211679,65.45793784796354,285.7559510533761,518.2377028781937,99.63503649635037,418.6026663818433,REORDER
22244,2975,23.991935483870968,40.504440380437174,176.82171579679067,344.76526418388744,71.9758064516129,272.7894577322745,REORDER
22245,3233,21.269736842105264,30.256512712467266,132.08449349246698,280.9726513872038,63.809210526315795,217.16344086088804,REORDER
22246,614,10.233333333333333,13.406761090504041,58.52707695834583,130.16041029167917,30.699999999999996,99.46041029167918,REORDER
22247,488,12.842105263157896,20.43384356932506,89.20373288249037,179.09846972459565,38.526315789473685,140.57215393512195,REORDER
22248,391,10.567567567567568,9.302151903190467,40.608447979420454,114.58142095239344,31.702702702702705,82.87871824969073,REORDER
22249,662,12.25925925925926,10.259252952289636,44.7866627159549,130.6014775307697,36.77777777777778,93.82369975299193,REORDER
22250,571,11.653061224489797,19.10339304548645,83.39566487319863,164.9670934446272,34.95918367346939,130.0079097711578,REORDER
22251,1099,12.632183908045977,23.262463497355228,101.55204393958763,189.9773312959095,37.896551724137936,152.08077957177156,REORDER
22252,319,8.179487179487179,6.789588759237789,29.6398795462156,86.89628980262584,24.538461538461537,62.35782826416431,REORDER
22253,937,18.01923076923077,38.497512211252115,168.06049161931486,294.1951070039303,54.05769230769231,240.13741469623795,REORDER
22254,712,12.067796610169491,9.675536885717758,42.23845626105858,126.71303253224502,36.20338983050847,90.50964270173655,REORDER
22255,485,11.829268292682928,7.371914402054565,32.18201612058147,114.98689416936196,35.487804878048784,79.49908929131317,REORDER
22256,592,15.578947368421053,22.936612510495404,100.12954482468912,209.1821764036365,46.73684210526316,162.44533429837335,REORDER
22257,39,4.333333333333333,4.527692569068709,19.765595108673054,50.09892844200638,13.0,37.09892844200638,REORDER
22258,391,13.482758620689655,25.857605526165763,112.88110964104271,207.2604199858703,40.44827586206897,166.81214412380132,REORDER
22259,94,6.266666666666667,4.963677592077797,21.66888321995391,65.53554988662057,18.8,46.735549886620575,REORDER
22260,782,14.481481481481481,40.78879828688668,178.0630772980613,279.43344766843165,43.44444444444444,235.9890032239872,REORDER
22261,1240,22.545454545454547,60.36212271437991,263.51022276185034,421.32840458003216,67.63636363636364,353.69204094366853,REORDER
22262,819,11.7,11.668550572533338,50.93893690958087,132.83893690958087,35.099999999999994,97.73893690958087,REORDER
22263,467,20.304347826086957,58.74168009375587,256.43619725161574,398.5666320342244,60.913043478260875,337.65358855596355,REORDER
22264,424,11.45945945945946,9.836424922463205,42.94081132241247,123.1570275386287,34.37837837837838,88.77864916025032,REORDER
22265,1273,19.584615384615386,33.58705680191976,146.62394928799213,283.7162569802998,58.753846153846155,224.96241082645366,REORDER
22266,616,17.6,18.30493343979415,79.90999771802097,203.109997718021,52.800000000000004,150.30999771802098,REORDER
22267,629,24.192307692307693,59.84113583866486,261.235859941224,430.5820137873779,72.57692307692308,358.0050907104548,REORDER
22268,509,12.119047619047619,22.37289560176405,97.66864448661944,182.50197781995277,36.357142857142854,146.1448349628099,REORDER
22269,560,10.566037735849056,17.17613442000071,74.98223726521856,148.94450141616196,31.698113207547166,117.24638820861479,REORDER
22270,421,6.790322580645161,10.214321506035633,44.59051495177788,92.122773016294,20.370967741935484,71.75180527435852,REORDER
22271,3168,14.465753424657533,24.691350967855545,107.78983742201359,209.05011139461632,43.3972602739726,165.65285112064373,REORDER
22272,1172,7.464968152866242,13.186788582060217,57.566789246533695,109.8215663165974,22.394904458598727,87.42666185799867,REORDER
22273,2774,13.209523809523809,27.71857727387802,121.00516256929309,213.47182923595977,39.628571428571426,173.84325780738834,REORDER
22274,2418,12.4,26.22590204634209,114.48890429288583,201.28890429288583,37.2,164.08890429288584,REORDER
22275,902,5.672955974842767,9.293727880445557,40.57167299520451,80.28236481910389,17.0188679245283,63.26349689457559,REORDER
22276,1571,9.75776397515528,17.136866836412782,74.81081503496439,143.11516286105135,29.27329192546584,113.8418709355855,REORDER
22277,984,9.553398058252426,20.49759821192823,89.48205311575913,156.35583952352613,28.66019417475728,127.69564534876885,REORDER
22278,589,4.788617886178862,8.314762727922227,36.298010741175524,69.81833594442756,14.365853658536587,55.45248228589097,REORDER
22279,599,9.983333333333333,16.170166782853872,70.5906959436834,140.4740292770167,29.949999999999996,110.52402927701672,REORDER
22280,406,7.96078431372549,16.552897975054066,72.2615050070392,127.98699520311763,23.88235294117647,104.10464226194117,REORDER
22281,315,7.682926829268292,24.63781547174003,107.556128767104,161.33661657198206,23.048780487804876,138.28783608417717,REORDER
22282,364,4.986301369863014,18.58575705471272,81.13593030614634,116.04003989518743,14.958904109589042,101.08113578559839,REORDER
22283,675,4.856115107913669,13.949994104761695,60.89855506682733,94.89136082222302,14.568345323741006,80.32301549848202,REORDER
22284,1479,14.79,30.625233868412316,133.6941418873691,237.22414188736911,44.37,192.8541418873691,REORDER
22285,1810,19.25531914893617,50.32003730322666,219.67160270192122,354.4588367444744,57.765957446808514,296.6928792976659,REORDER
22286,794,18.46511627906977,44.74336813705538,195.32671110159882,324.5825250550872,55.395348837209305,269.1871762178779,REORDER
22287,536,18.482758620689655,54.480416330520065,237.83369434080004,367.21300468562765,55.44827586206897,311.7647288235587,REORDER
22288,813,23.228571428571428,49.91291575999008,217.89431781323285,380.49431781323284,69.68571428571428,310.8086035275186,REORDER
22289,601,21.464285714285715,55.89042331195407,243.9890652433698,394.2390652433698,64.39285714285714,329.8462081005126,REORDER
22290,657,15.642857142857142,45.40270832610042,198.20505388144457,307.70505388144454,46.92857142857143,260.7764824528731,REORDER
22291,1875,28.40909090909091,50.025217417042555,218.38456953626203,417.2482058998984,85.22727272727273,332.02093317262563,REORDER
22292,1558,21.943661971830984,48.70608273070027,212.62590069859158,366.2315345014085,65.83098591549296,300.40054858591554,REORDER
22293,1088,20.923076923076923,41.41840367392167,180.81161310709314,327.2731515686316,62.769230769230774,264.5039207994008,REORDER
22294,11132,47.98275862068966,65.57484508184965,286.26630837446584,622.1456187192935,143.94827586206898,478.1973428572245,REORDER
22295,5570,29.010416666666668,35.30035515644325,154.10333554473894,357.17625221140565,87.03125,270.14500221140565,REORDER
22296,6508,30.55399061032864,39.23445666925931,171.27761503313948,385.15554930544,91.66197183098592,293.49357747445407,REORDER
22297,9216,43.06542056074766,49.47788827099001,215.99520980677056,517.4531537320042,129.19626168224298,388.2568920497613,REORDER
22299,2527,38.28787878787879,56.37041372141546,246.08445841433576,514.0996099294873,114.86363636363637,399.23597356585094,REORDER
22300,2557,14.365168539325843,13.480109650374628,58.847279338275634,159.40345911355652,43.09550561797753,116.307953495579,REORDER
22301,2717,14.529411764705882,14.762745219853672,64.44661165856161,166.15249401150277,43.588235294117645,122.56425871738512,REORDER
22302,2521,22.508928571428573,56.409697513960076,246.2559514046228,403.8184514046228,67.52678571428572,336.2916656903371,REORDER
22303,2546,15.524390243902438,16.72859908161106,73.0285263715365,181.69925807885357,46.573170731707314,135.12608734714627,REORDER
22304,1632,18.545454545454547,44.966375455779115,196.30024724631787,326.11842906449965,55.63636363636364,270.482065428136,REORDER
22305,1570,21.506849315068493,56.15136371344651,245.12819786881104,395.6761430742905,64.52054794520548,331.15559512908504,REORDER
22306,522,11.106382978723405,14.924788313338476,65.15400910817164,142.89868995923547,33.319148936170215,109.57954102306525,REORDER
22307,478,12.91891891891892,18.26255789918326,79.72500773350922,170.15744016594164,38.75675675675676,131.40068340918486,REORDER
22308,370,6.7272727272727275,11.733861328799728,51.22405034096126,98.31495943187036,20.181818181818183,78.13314125005218,REORDER
22309,916,10.409090909090908,19.46327893111182,84.96674298684812,157.83037935048446,31.227272727272727,126.60310662321174,REORDER
22310,988,17.333333333333332,28.088719986432107,122.62101675487772,243.95435008821104,52.0,191.95435008821104,REORDER
22311,897,12.458333333333334,29.203481125700662,127.4874949853547,214.69582831868803,37.375,177.32082831868803,REORDER
22312,529,6.6125,13.426304948010156,58.61239546626893,104.89989546626893,19.8375,85.06239546626892,REORDER
22313,436,9.083333333333334,15.567059238447492,67.95783619274529,131.54116952607862,27.25,104.29116952607862,REORDER
22314,541,6.848101265822785,11.54044016357699,50.37967224352636,98.31638110428585,20.544303797468356,77.7720773068175,REORDER
22315,1226,9.218045112781954,16.878953339778928,73.68489633139495,138.21121212086865,27.654135338345863,110.55707678252278,REORDER
22316,601,11.784313725490197,22.230891772927322,97.04872823968984,179.53892431812122,35.352941176470594,144.18598314165064,REORDER
22317,279,5.470588235294118,2.995683168671017,13.077623907225027,51.37174155428385,16.411764705882355,34.959976848401496,REORDER
22318,1099,7.685314685314685,6.95095451994213,30.34432010657393,84.14152290377672,23.055944055944053,61.085578847832664,REORDER
22319,1647,19.376470588235293,12.78948272399392,55.832354629994,191.46764874764105,58.12941176470588,133.33823698293517,REORDER
22320,398,4.738095238095238,7.4851162317540965,32.67619753799651,65.84286420466317,14.214285714285715,51.62857849037746,REORDER
22321,1537,17.872093023255815,19.41484969060775,84.75532563802824,209.85997680081894,53.616279069767444,156.2436977310515,REORDER
22322,670,13.958333333333334,10.44327806474522,45.59002244215938,143.29835577549272,41.875,101.42335577549272,REORDER
22323,569,9.031746031746032,13.406748726605228,58.52702298387336,121.74924520609558,27.095238095238095,94.65400711085749,REORDER
22324,327,9.083333333333334,15.750510195818148,68.75868945086141,132.34202278419474,27.25,105.09202278419474,REORDER
22325,287,3.776315789473684,5.728522053050045,25.007803808327303,51.44201433464309,11.328947368421051,40.113066966222036,REORDER
22326,6811,31.53240740740741,53.90887113208338,235.33861968494074,456.0654715367926,94.59722222222223,361.46824931457036,REORDER
22327,1826,10.258426966292134,15.748753400500533,68.7510201790619,140.56000894310682,30.775280898876403,109.78472804423042,REORDER
22328,7605,33.950892857142854,105.90384969567985,462.3221611455684,699.9784111455683,101.85267857142856,598.1257325741398,REORDER
22329,3406,20.395209580838323,32.13543592319675,140.2869133469594,283.05338041282766,61.185628742514965,221.8677516703127,REORDER
22330,115,8.214285714285714,6.852047099265259,29.912540783989684,87.41254078398967,24.64285714285714,62.76968364113253,REORDER
22331,1761,11.89864864864865,24.890710740246526,108.6601404476556,191.95068098819615,35.69594594594595,156.25473504225022,REORDER
22332,3103,20.825503355704697,76.35149262630817,333.3116518343589,479.09017532429175,62.47651006711409,416.6136652571777,REORDER
22333,5542,28.275510204081634,81.21636573893788,354.54920512059874,552.4777765491701,84.82653061224491,467.6512459369252,REORDER
22334,1528,12.126984126984127,39.083906483765745,170.620389754566,255.50927864345488,36.38095238095238,219.1283262625025,REORDER
22335,6062,42.39160839160839,81.82840470404484,357.2210548962834,653.9623136375421,127.17482517482517,526.787488462717,REORDER
22336,2212,30.301369863013697,51.49667867701837,224.80821845656897,436.91780749766485,90.9041095890411,346.0136979086237,REORDER
22337,1554,35.31818181818182,72.78952541795299,317.76192080542546,564.9891935326982,105.95454545454547,459.0346480781527,REORDER
22338,1386,25.666666666666668,42.61056649891538,186.015987596522,365.6826542631887,77.0,288.6826542631887,REORDER
22339,1049,24.976190476190474,24.088746583474077,105.1591742109632,279.99250754429653,74.92857142857142,205.0639361157251,REORDER
22340,365,14.038461538461538,7.9873939140661845,34.868885568214395,133.13811633744518,42.11538461538461,91.02273172206057,REORDER
22341,2939,34.174418604651166,104.29631902144347,455.3045026038215,694.5254328363797,102.5232558139535,592.0021770224262,REORDER
22342,775,12.301587301587302,11.719345628317532,51.160682200551314,137.27179331166244,36.904761904761905,100.36703140690054,REORDER
22343,1292,20.50793650793651,42.541392752074145,185.71401031971783,329.26956587527343,61.52380952380953,267.7457563514639,REORDER
22344,310,8.61111111111111,8.643008000782327,37.730962086859115,98.00873986463688,25.833333333333332,72.17540653130355,REORDER
22345,342,9.0,8.31475406341854,36.297972916374235,99.29797291637423,27.0,72.29797291637423,REORDER
22346,259,9.592592592592593,13.714841089012518,59.87199700729069,127.02014515543884,28.77777777777778,98.24236737766105,REORDER
22347,2641,44.76271186440678,105.83336593080243,462.01446499856854,775.353448049416,134.28813559322035,641.0653124561957,REORDER
22348,8115,36.88636363636363,66.18440266155048,288.9273256878095,547.131871142355,110.6590909090909,436.4727802332641,REORDER
22349,1057,7.141891891891892,7.458739233558145,32.561049025024346,82.55429226826759,21.425675675675677,61.12861659259191,REORDER
22350,1247,9.592307692307692,21.583332700193154,94.22181580132082,161.36796964747467,28.776923076923076,132.59104657055158,REORDER
22352,3913,16.236514522821576,22.083696727091752,96.40614978861208,210.0617514483631,48.709543568464724,161.3522078798984,REORDER
22353,2740,15.054945054945055,23.979209520405046,104.68099129439186,210.06560667900726,45.16483516483517,164.9007715141721,REORDER
22354,1409,11.455284552845528,11.739838321365784,51.25014284022574,131.43713471014445,34.36585365853659,97.07128105160785,REORDER
22355,10807,41.09125475285171,44.557785188883315,194.516550659677,482.155333929639,123.27376425855513,358.88156967108387,REORDER
22356,9397,36.70703125,50.80871576242084,221.80492346418956,478.7541422141895,110.12109375,368.6330484641895,REORDER
22357,1565,11.178571428571429,59.64032094847067,260.35920461385325,338.60920461385325,33.535714285714285,305.073490328139,REORDER
22358,1854,11.51552795031056,13.32014714167139,58.14896466002306,138.75766031219698,34.54658385093168,104.21107646126529,REORDER
22359,1074,14.513513513513514,81.45412075202897,355.5871221726353,457.1817167672299,43.54054054054054,413.64117622668937,REORDER
22360,1418,12.660714285714286,22.026009838259615,96.15431827170997,184.77931827170997,37.98214285714286,146.7971754145671,REORDER
22361,999,9.699029126213592,19.289250766336004,84.20702483240377,152.10022871589894,29.097087378640776,123.00314133725816,REORDER
22362,326,4.591549295774648,3.8119266399354403,16.64092634373053,48.78177141415307,13.774647887323944,35.007123526829126,REORDER
22363,282,4.548387096774194,4.758693233475192,20.774026121344956,52.61273579876432,13.645161290322582,38.967574508441736,REORDER
22364,1380,14.081632653061224,72.00610991678553,314.341928533044,412.91335710447254,42.244897959183675,370.66845914528886,REORDER
22365,1515,9.64968152866242,34.80971464795833,151.96144947657305,219.50922017720998,28.94904458598726,190.56017559122273,REORDER
22366,1665,9.624277456647398,32.28493943242156,140.9395693711009,208.30951156763268,28.872832369942195,179.4366791976905,REORDER
22367,4225,17.827004219409282,21.949470783647286,95.82018781996442,220.6092173558294,53.48101265822785,167.12820469760155,REORDER
22371,718,4.662337662337662,5.349510733502021,23.35323381058317,55.9895974469468,13.987012987012985,42.002584459933814,REORDER
22372,311,3.2736842105263158,3.963777763010342,17.303830851867918,40.21962032555213,9.821052631578947,30.39856769397318,REORDER
22374,460,3.4586466165413534,3.0859193370010662,13.471548967321736,37.68207528311121,10.37593984962406,27.30613543348715,REORDER
22375,233,2.7093023255813953,2.4536468851356146,10.711370114341218,29.676486393410986,8.127906976744185,21.5485794166668,REORDER
22376,265,3.0813953488372094,2.595086380877022,11.328822770976553,32.89859021283702,9.24418604651163,23.654404166325392,REORDER
22377,2174,17.253968253968253,49.81661353531557,217.47391144686765,338.2516892246454,51.76190476190476,286.48978446274066,REORDER
22378,1382,10.014492753623188,11.735519424558106,51.23128874085515,121.33273801621746,30.043478260869563,91.2892597553479,REORDER
22379,8411,35.34033613445378,69.09387709025549,301.6286062318306,549.010959173007,106.02100840336134,442.98995076964565,REORDER
22380,3517,19.218579234972676,30.616311894385515,133.65519310197928,268.18524774678804,57.655737704918025,210.52951004187003,REORDER
22381,5664,25.285714285714285,42.09969559265524,183.7857859359848,360.7857859359848,75.85714285714286,284.9286430788419,REORDER
22382,9732,37.28735632183908,35.62990577697889,155.54198537220705,416.5534796250806,111.86206896551724,304.6914106595634,REORDER
22383,12516,48.32432432432432,68.64120727570648,299.6524808355486,637.9227511058189,144.97297297297297,492.9497781328459,REORDER
22384,10219,40.07450980392157,41.29810887329746,180.28646739842466,460.8080360258757,120.22352941176472,340.584506614111,REORDER
22385,8307,38.63720930232558,54.72948351672424,238.92099456763071,509.3814596839098,115.91162790697675,393.469831776933,REORDER
22386,17532,69.02362204724409,79.00492450423474,344.8951812696028,828.0605356003114,207.07086614173227,620.9896694585791,REORDER
22389,307,7.309523809523809,12.473363024203442,54.45233734820689,105.61900401487355,21.928571428571427,83.69043258630212,REORDER
22390,542,13.21951219512195,23.69653159760089,103.44696374435951,195.98354911021318,39.65853658536585,156.32501252484732,REORDER
22391,159,5.678571428571429,4.338062132886419,18.93776539968043,58.68776539968043,17.035714285714285,41.652051113966145,REORDER
22393,315,9.0,10.79215401276752,47.11303678700957,110.11303678700958,27.0,83.11303678700958,REORDER
22394,177,6.103448275862069,10.834286935420106,47.29696762533222,90.0211055563667,18.310344827586206,71.7107607287805,REORDER
22395,80,4.444444444444445,2.9350262494511563,12.812826753365735,43.92393786447685,13.333333333333334,30.590604531143512,REORDER
22396,667,14.5,25.83946163869863,112.80190268785366,214.30190268785367,43.5,170.80190268785367,REORDER
22398,1719,15.486486486486486,16.660167446973016,72.72978877788438,181.1351941832898,46.45945945945946,134.67573472383035,REORDER
22399,2914,25.787610619469028,74.43482903657517,324.9444767454392,505.4577510817224,77.36283185840708,428.0949192233153,REORDER
22400,1066,16.4,41.168404146869726,179.7202427559289,294.52024275592885,49.199999999999996,245.32024275592886,REORDER
22402,1709,22.786666666666665,87.72905052664314,382.9802632413743,542.486929908041,68.36,474.126929908041,REORDER
22403,392,6.030769230769231,6.046613801255912,26.396430047087225,68.61181466247184,18.092307692307692,50.51950697016415,REORDER
22405,1280,12.8,12.609119675453123,55.0449816059557,144.6449816059557,38.400000000000006,106.2449816059557,REORDER
22406,2116,25.19047619047619,91.26282397961597,398.4069147226178,574.740248055951,75.57142857142857,499.1688194845225,REORDER
22407,334,8.789473684210526,13.003446309795,56.766410452121924,118.2927262415956,26.368421052631575,91.92430518896403,REORDER
22408,502,11.409090909090908,12.91892101084942,56.39741613329132,136.26105249692768,34.22727272727273,102.03377976965496,REORDER
22409,1446,22.246153846153845,93.7108302787808,409.0936609172088,564.8167378402857,66.73846153846154,498.07827630182413,REORDER
22410,1105,12.277777777777779,9.72316563997662,42.44637909544943,128.3908235398939,36.833333333333336,91.55749020656054,REORDER
22411,14137,54.37307692307692,65.45076287677905,285.7246287908361,666.3361672523745,163.11923076923077,503.21693648314374,REORDER
22412,1415,10.179856115107913,13.858106923940909,60.4974225287684,131.7564153345238,30.53956834532374,101.21684698920006,REORDER
22413,3178,15.732673267326733,31.504052045818653,137.53061355671846,247.6593264280056,47.1980198019802,200.46130662602542,REORDER
22414,872,10.765432098765432,47.07766763682604,205.51707143879264,280.87509613015067,32.2962962962963,248.57879983385436,REORDER
22415,307,2.3257575757575757,2.5064686149802675,10.941962829973379,27.22226586027641,6.977272727272727,20.244993133003682,REORDER
22416,1094,14.025641025641026,27.70342674616,120.9390230971472,219.11851027663437,42.07692307692308,177.04158719971127,REORDER
22417,12936,58.8,123.36579604859361,538.5521074495541,950.152107449554,176.39999999999998,773.752107449554,REORDER
22418,6039,45.75,39.475642311150075,172.33050845973952,492.5805084597395,137.25,355.3305084597395,REORDER
22419,2956,33.21348314606742,49.76089919672061,217.23069107763618,449.72507310010815,99.64044943820225,350.0846236619059,REORDER
22420,620,12.653061224489797,10.642976988778724,46.4618060307911,135.0332346022197,37.95918367346939,97.0740509287503,REORDER
22421,1879,21.848837209302324,36.40895734709523,158.94292694869372,311.88478741381,65.54651162790697,246.33827578590302,REORDER
22422,1127,17.075757575757574,22.53565421627939,98.37916553589211,217.90946856619513,51.22727272727272,166.6821958389224,REORDER
22423,12484,58.06511627906977,59.51356903207043,259.80587043301006,666.2616843864985,174.1953488372093,492.0663355492892,REORDER
22424,614,4.834645669291339,9.626982401107375,42.0264921603872,75.86901184542657,14.503937007874017,61.365074837552555,REORDER
22425,381,4.430232558139535,5.75078653991203,25.104999195581012,56.11662710255776,13.290697674418604,42.825929428139155,REORDER
22426,535,5.815217391304348,6.133907468436623,26.777509648832382,67.48403138796282,17.445652173913043,50.03837921404977,REORDER
22427,1072,10.209523809523809,12.680007915320903,55.35444348434495,126.82111015101162,30.628571428571426,96.19253872244019,REORDER
22428,218,3.892857142857143,3.560789347773998,15.544589090741505,42.7945890907415,11.678571428571429,31.116017662170073,REORDER
22429,1002,8.21311475409836,17.956434656969865,78.38862988394405,135.88043316263258,24.63934426229508,111.2410889003375,REORDER
22430,757,8.411111111111111,22.279074902850915,97.25907119531463,156.1368489730924,25.233333333333334,130.90351563975906,REORDER
22431,1232,9.263157894736842,8.130465282487151,35.493462148164106,100.33556741132199,27.789473684210527,72.54609372711147,REORDER
22432,1763,14.21774193548387,25.20987046463013,110.05342892538003,209.57762247376712,42.65322580645161,166.9243966673155,REORDER
22433,1357,12.336363636363636,22.771814734196607,99.41012183572904,185.76466729027447,37.00909090909091,148.75557638118357,REORDER
22434,1779,17.271844660194176,48.41552055774669,211.35745453602937,332.2603671573886,51.81553398058253,280.44483317680607,REORDER
22435,2130,15.777777777777779,16.75711774216782,73.15302428940697,183.59746873385143,47.333333333333336,136.2641354005181,REORDER
22436,2116,24.6046511627907,65.51448498475779,286.00280699453816,458.23536513407305,73.81395348837209,384.42141164570097,REORDER
22437,3651,29.92622950819672,75.7410953261378,330.6469687299854,540.1305752873625,89.77868852459017,450.3518867627723,REORDER
22438,455,8.425925925925926,10.271047147386845,44.8381501527382,103.81963163421969,25.27777777777778,78.54185385644192,REORDER
22439,1999,18.339449541284402,18.472311704120564,80.64068580079176,209.01683258978255,55.01834862385321,153.99848396592935,REORDER
22440,2486,27.622222222222224,49.08867870526475,214.2961194707564,407.651675026312,82.86666666666667,324.7850083596453,REORDER
22441,1594,12.261538461538462,13.929809564886858,60.81043966664614,146.64120889741537,36.784615384615385,109.85659351279998,REORDER
22442,575,8.455882352941176,37.72620682363104,164.69336592244093,223.88454239302916,25.36764705882353,198.51689533420563,REORDER
22443,507,4.651376146788991,6.643537861027604,29.002295859769696,61.56192888729263,13.954128440366972,47.60780044692566,REORDER
22444,8438,54.438709677419354,43.271730352216174,188.90229156382546,569.973259305761,163.31612903225806,406.6571302735029,REORDER
22445,729,7.515463917525773,6.404935274949207,27.960678736618167,80.56892615929858,22.54639175257732,58.02253440672126,REORDER
22446,175,3.977272727272727,2.697877170335159,11.777554899834033,39.61846399074312,11.931818181818182,27.686645808924943,REORDER
22447,106,3.6551724137931036,2.7681332295167227,12.084256999972292,37.67046389652402,10.965517241379311,26.70494665514471,REORDER
22448,547,8.287878787878787,29.131936031951206,127.17516561813474,185.19031713328624,24.86363636363636,160.3266807696499,REORDER
22449,857,8.009345794392523,9.463430435403076,41.31250774469979,97.37792830544745,24.02803738317757,73.34989092226988,REORDER
22450,652,7.010752688172043,7.869167437946211,34.3527691087894,83.4280379259937,21.032258064516128,62.39577986147758,REORDER
22451,1087,8.983471074380166,15.628490794632295,68.22601501626781,131.11031253692897,26.950413223140497,104.15989931378847,REORDER
22452,589,7.551282051282051,11.74252725723668,51.2618813619753,104.12085572094966,22.653846153846153,81.4670095671035,REORDER
22453,419,7.224137931034483,12.402663980177913,54.14370140231132,104.7126669195527,21.67241379310345,83.04025312644926,REORDER
22454,1223,12.108910891089108,39.28915906203619,171.51641776336237,256.2787940009861,36.32673267326732,219.9520613277188,REORDER
22456,2595,17.773972602739725,46.89706564571556,204.72865531343626,329.14646353261435,53.321917808219176,275.8245457243952,REORDER
22457,5997,35.69642857142857,34.92554251694099,152.4670948413339,402.3420948413339,107.08928571428571,295.2528091270482,REORDER
22458,978,9.78,23.74382641718249,103.65342879036854,172.11342879036852,29.339999999999996,142.7734287903685,REORDER
22459,965,9.747474747474747,22.775453773271728,99.42600802319566,167.6583312555189,29.242424242424242,138.41590701309465,REORDER
22460,1933,21.719101123595507,23.28772050793222,101.66230315818625,253.6960110233548,65.15730337078652,188.5387076525683,REORDER
22461,166,2.2739726027397262,1.9738588403077832,8.616860364091238,24.534668583269323,6.821917808219179,17.712750775050143,REORDER
22464,4272,22.48421052631579,20.350819001443607,88.84128998960756,246.23076367381807,67.45263157894736,178.77813209487073,REORDER
22465,2475,17.678571428571427,17.565199348721574,76.68069618988514,200.4306961898851,53.03571428571428,147.39498190417083,REORDER
22466,2721,24.513513513513512,51.17631996163582,223.40969579603225,395.0042903906268,73.54054054054053,321.4637498500863,REORDER
22467,4114,32.65079365079365,45.79647452987052,199.92403617374273,428.4795917292983,97.95238095238096,330.52721077691734,REORDER
22468,1200,9.30232558139535,17.043420949868562,74.40287798318175,139.5191570529492,27.906976744186046,111.61218030876316,REORDER
22469,10391,66.18471337579618,67.73523319590196,295.69746035498355,758.9904539855568,198.55414012738854,560.4363138581682,REORDER
22470,8246,44.57297297297297,57.28301520335072,250.06841075039677,562.0792215612075,133.71891891891892,428.3603026422886,REORDER
22471,205,3.5964912280701755,3.7122367589346945,16.205731198690497,41.38116979518173,10.789473684210527,30.5916961109712,REORDER
22472,764,8.127659574468085,22.263444188886893,97.19083547507537,154.08445249635196,24.382978723404257,129.7014737729477,REORDER
22473,312,4.0519480519480515,9.263533632782199,40.439860319140315,68.80349668277668,12.155844155844154,56.64765252693253,REORDER
22474,658,8.123456790123457,23.01704950468749,100.48069169137808,157.34488922224227,24.370370370370374,132.9745188518719,REORDER
22475,417,5.415584415584416,13.373531054947632,58.382011581614684,96.29110249070558,16.246753246753247,80.04434924395234,REORDER
22476,422,4.795454545454546,9.816897338478794,42.85556385638015,76.42374567456197,14.386363636363637,62.03738203819833,REORDER
22477,978,11.372093023255815,10.44204905700466,45.5846572215719,125.1893083843626,34.116279069767444,91.07302931459516,REORDER
22478,1129,12.01063829787234,8.489708736282102,37.06173573229855,121.13620381740495,36.03191489361702,85.10428892378792,REORDER
22479,757,9.831168831168831,7.765311864484254,33.89938867636965,102.71757049455147,29.493506493506494,73.22406400104498,REORDER
22480,1706,13.758064516129032,18.77222085684703,81.94993610693518,178.25638771983841,41.274193548387096,136.9821941714513,REORDER
22481,447,6.876923076923077,6.8499719258268055,29.90348163579465,78.04194317425619,20.630769230769232,57.41117394348696,REORDER
22482,1831,16.20353982300885,23.512215401192222,102.64233329416668,216.06711205522862,48.610619469026545,167.45649258620207,REORDER
22483,1102,9.839285714285714,11.98163276893111,52.305694001705014,121.180694001705,29.51785714285714,91.66283685884787,REORDER
22485,541,4.546218487394958,5.0451317349545155,22.024470438711646,53.84799985047635,13.638655462184873,40.20934438829148,REORDER
22486,35,2.1875,1.42448821218944,6.218588565743838,21.531088565743836,6.5625,14.968588565743836,REORDER
22487,804,4.568181818181818,3.8360558748960716,16.746262269533457,48.72353499680618,13.704545454545455,35.01898954226073,REORDER
22488,3583,20.01675977653631,24.14876060753783,105.42116481266396,245.53848324841815,60.050279329608934,185.4882039188092,REORDER
22489,7906,55.67605633802817,59.442391122425526,259.495144004203,649.2275383704002,167.0281690140845,482.19936935631574,REORDER
22491,3535,37.6063829787234,62.86616918213401,274.441611733145,537.6862925842088,112.81914893617021,424.86714364803856,REORDER
22492,18661,121.9673202614379,172.06453112822823,751.1459320533694,1604.9171738834348,365.9019607843137,1239.015213099121,REORDER
22493,2214,21.49514563106796,42.61291201410343,186.02622691883042,336.49224633630615,64.48543689320388,272.00680944310227,REORDER
22494,1700,12.878787878787879,23.21227311029722,101.33293832369107,191.48445347520624,38.63636363636364,152.8480898388426,REORDER
22495,650,6.770833333333333,12.072133345385641,52.70077333273603,100.09660666606936,20.3125,79.78410666606936,REORDER
22496,457,5.506024096385542,6.184901943296497,27.000125501716358,65.54229417641515,16.518072289156628,49.02422188725853,REORDER
22497,670,5.929203539823009,10.305786181765713,44.98980304823066,86.49422782699173,17.787610619469028,68.7066172075227,REORDER
22498,764,5.617647058823529,12.98777705926524,56.69800650090327,96.02153591266797,16.852941176470587,79.16859473619738,REORDER
22499,1441,8.281609195402298,9.290806304545667,40.55891888581312,98.53018325362922,24.844827586206897,73.68535566742233,REORDER
22500,326,4.17948717948718,4.208042978348214,18.370168124518536,47.62657838092879,12.53846153846154,35.08811684246725,REORDER
22501,872,7.8558558558558556,9.60572447397606,41.93369089923319,96.92468189022418,23.567567567567565,73.35711432265661,REORDER
22502,1635,11.275862068965518,11.067019797717233,48.31296052999044,127.24399501274905,33.827586206896555,93.4164088058525,REORDER
22503,48,2.4,2.7796251167151453,12.134424714748317,28.934424714748317,7.199999999999999,21.734424714748318,REORDER
22504,117,3.774193548387097,4.930920653855997,21.525883144746704,47.94523798345638,11.322580645161292,36.622657338295085,REORDER
22505,2279,12.18716577540107,22.304641640209713,97.37068252297766,182.68084295078515,36.56149732620321,146.11934562458194,REORDER
22507,2650,14.804469273743017,50.63363431291103,221.0406072061265,324.6718921223276,44.41340782122905,280.2584843010986,REORDER
22508,1220,6.931818181818182,6.100670603973126,26.632414460577923,75.1551417333052,20.795454545454547,54.35968718785065,REORDER
22509,174,2.25974025974026,2.499487302178701,10.91148598110218,26.729667799283998,6.779220779220779,19.95044702006322,REORDER
22510,107,2.6097560975609757,2.85375234367392,12.458026357802721,30.72631904072955,7.829268292682928,22.897050748046624,REORDER
22511,150,3.061224489795918,3.4303071003513788,14.974970188379578,36.403541616951,9.183673469387754,27.219868147563247,REORDER
22512,258,8.32258064516129,21.46219481906762,93.6929896334385,151.95105414956754,24.967741935483872,126.98331221408367,REORDER
22513,426,5.3924050632911396,13.70047511951636,59.809282515952546,97.55611795899053,16.17721518987342,81.3789027691171,REORDER
22514,772,9.772151898734178,24.878653895838877,108.60750641802252,177.01256970916177,29.31645569620253,147.69611401295924,REORDER
22515,759,10.690140845070422,26.03985492021017,113.67671748687835,188.5077034023713,32.070422535211264,156.43728086716004,REORDER
22516,617,10.283333333333333,28.638655674979866,125.02175531868883,197.00508865202215,30.85,166.15508865202216,REORDER
22517,593,11.403846153846153,29.49061639751328,128.74098104640905,208.5679041233321,34.21153846153846,174.35636566179366,REORDER
22518,980,11.01123595505618,24.86623046972014,108.55327207971895,185.63192376511222,33.03370786516854,152.59821589994368,REORDER
22519,962,11.31764705882353,24.304228401808672,106.09985786152262,185.32338727328732,33.95294117647059,151.37044609681675,REORDER
22520,1480,12.758620689655173,15.957345692790526,69.66162767488886,158.97197250247507,38.275862068965516,120.69611043350955,REORDER
22521,1599,13.325,16.22590650832202,70.83402713904735,164.10902713904733,39.974999999999994,124.13402713904733,REORDER
22522,1264,12.392156862745098,15.792689662848176,68.94282347818267,155.68792151739837,37.1764705882353,118.51145092916306,REORDER
22523,1280,11.962616822429906,15.650019732126244,68.31999937035854,152.0583171273679,35.88785046728972,116.17046666007818,REORDER
22524,1156,11.115384615384615,9.68965787598032,42.30010129808474,120.10779360577705,33.34615384615385,86.7616397596232,REORDER
22525,1296,11.469026548672566,9.851641266868915,43.00723811662815,123.29042395733612,34.4070796460177,88.88334431131841,REORDER
22526,406,5.2727272727272725,11.29582638764886,49.311813333221956,86.22090424231286,15.818181818181817,70.40272242413104,REORDER
22528,5363,39.72592592592593,42.5478535912019,185.74221504614601,463.8236965276275,119.17777777777778,344.64591874984967,REORDER
22529,1608,26.360655737704917,44.93181233338849,196.14936229279175,380.67395245672617,79.08196721311475,301.5919852436114,REORDER
22530,6309,51.71311475409836,122.09848886700674,533.0196910481659,895.0114943268545,155.13934426229508,739.8721500645595,REORDER
22531,4548,40.24778761061947,106.00602501184369,462.76820643212153,744.5027197064578,120.7433628318584,623.7593568745995,REORDER
22532,1829,24.716216216216218,37.25826938468361,162.65058986966517,335.6641033831787,74.14864864864865,261.51545473453007,REORDER
22533,2856,31.043478260869566,37.19326213453605,162.36680139110928,379.6711492171962,93.1304347826087,286.5407144345875,REORDER
22534,8188,55.70068027210884,106.29897195123866,464.0470632679329,853.9518251726947,167.1020408163265,686.8497843563682,REORDER
22535,2576,26.556701030927837,24.69183783500336,107.79196283551475,293.68887005200963,79.6701030927835,214.01876695922613,REORDER
22536,5365,42.57936507936508,76.5532863487496,334.19258024378695,632.2481357993425,127.73809523809524,504.5100405612473,REORDER
22537,3924,36.67289719626168,116.57209087820183,508.8942577529961,765.604538126828,110.01869158878503,655.5858465380429,REORDER
22538,1023,30.08823529411765,36.38295275725842,158.82940418056393,369.44705123938746,90.26470588235294,279.18234535703454,REORDER
22539,2764,40.64705882352941,60.15298027526556,262.59721360574844,547.1266253704543,121.94117647058823,425.1854488998661,REORDER
22540,3732,54.08695652173913,132.33677394862866,577.7148187414604,956.3235143936342,162.2608695652174,794.0626448284169,REORDER
22541,727,45.4375,58.20534769245864,254.0948436976831,572.1573436976831,136.3125,435.84484369768313,REORDER
22543,1813,42.16279069767442,61.69160251280564,269.3140530793863,564.4535879631072,126.48837209302326,437.96521587008397,REORDER
22544,4949,46.25233644859813,57.43266663946309,250.72171254783683,574.4880676880236,138.7570093457944,435.7310583422293,REORDER
22545,2290,34.17910447761194,43.550710731818086,190.120177527229,429.37390887051265,102.53731343283583,326.8365954376768,REORDER
22546,2245,36.20967741935484,58.29437368368344,254.48348574213614,507.95122767762,108.62903225806451,399.3221954195555,REORDER
22547,1175,23.03921568627451,24.478530008408367,106.86076972342259,268.13527952734415,69.11764705882354,199.01763246852062,REORDER
22548,1493,13.212389380530974,12.900340061570931,56.316301191282584,148.8030268549994,39.63716814159292,109.16585871340646,REORDER
22549,3368,21.452229299363058,23.493437670722237,102.56035930590053,252.72596440144193,64.35668789808918,188.36927650335275,REORDER
22550,835,7.260869565217392,13.909536648053354,60.72193845776542,111.54802541428717,21.782608695652176,89.765416718635,REORDER
22551,7256,36.83248730964467,46.872790945564816,204.62268436084955,462.4500955283622,110.497461928934,351.9526335994282,REORDER
22553,3548,19.711111111111112,20.470578120584122,89.36409718629618,227.34187496407395,59.13333333333334,168.20854163074063,REORDER
22554,5742,31.37704918032787,38.05916328463015,166.14688391124704,385.7862281735421,94.1311475409836,291.6550806325585,REORDER
22555,5730,31.311475409836067,74.18143950135048,323.83830734863847,543.0186352174909,93.9344262295082,449.0842089879827,REORDER
22556,7345,37.666666666666664,77.2092261637882,337.05607872605646,600.722745392723,113.0,487.722745392723,REORDER
22557,5481,28.546875,55.860220939206485,243.85721709733437,443.68534209733434,85.640625,358.04471709733434,REORDER
22558,5446,61.19101123595506,58.73454852990047,256.4050644833222,684.7421431350076,183.5730337078652,501.1691094271424,REORDER
22559,1024,15.058823529411764,18.2526893156043,79.68192653390429,185.09369123978664,45.17647058823529,139.91722065155136,REORDER
22560,6749,41.15243902439025,53.647862811101,234.19919055766817,522.2662637284,123.45731707317074,398.8089466552292,REORDER
22561,5595,30.080645161290324,30.711366882601194,134.0701546704758,344.63467079950806,90.24193548387098,254.39273531563708,REORDER
22562,2574,23.18918918918919,77.88844161112313,340.0211867405213,502.3455110648456,69.56756756756756,432.77794349727805,REORDER
22563,3122,22.955882352941178,71.23168954033903,310.9612043846515,471.65238085523976,68.86764705882354,402.7847337964162,REORDER
22564,1905,18.861386138613863,64.11724100473607,279.9031528427059,411.9328558130029,56.584158415841586,355.34869739716135,REORDER
22565,1117,12.274725274725276,16.476289991018362,71.92707364460841,157.85015056768535,36.824175824175825,121.02597474350952,REORDER
22566,1973,20.552083333333332,77.37317225684698,337.77178370063586,481.6363670339692,61.65625,419.9801170339692,REORDER
22567,3221,22.683098591549296,35.21552077998868,153.7329919512377,312.51468209208275,68.04929577464789,244.46538631743488,REORDER
22568,2225,13.088235294117647,18.29503060386563,79.8667669901381,171.48441404896164,39.26470588235294,132.2197081666087,REORDER
22569,2848,16.952380952380953,37.21933846770744,162.4806373540246,281.14730402069125,50.85714285714286,230.2901611635484,REORDER
22570,2563,15.628048780487806,31.051541456813887,135.55518325790402,244.95152472131866,46.88414634146342,198.06737837985526,REORDER
22571,3321,38.172413793103445,34.62597724136905,151.15934572735398,418.3662422790781,114.51724137931033,303.84900089976776,REORDER
22572,2036,27.513513513513512,29.091373877172916,126.99809195073071,319.5926865453253,82.54054054054053,237.0521460047848,REORDER
22573,2221,30.013513513513512,37.30639272525619,162.86067181549615,372.95526641009076,90.04054054054053,282.91472586955024,REORDER
22574,2827,35.3375,39.863356400889074,174.02307031079405,421.38557031079404,106.01249999999999,315.37307031079405,REORDER
22575,2238,23.557894736842105,28.62996339556435,124.98380926275026,289.889072420645,70.67368421052632,219.21538821011868,REORDER
22576,1699,24.985294117647058,31.079336441493513,135.6765219762133,310.5735807997427,74.95588235294117,235.6176984468015,REORDER
22577,3349,33.49,28.938630642004185,126.33129293646924,360.76129293646926,100.47,260.2912929364693,REORDER
22578,2722,28.652631578947368,26.378492375842796,115.15503579903408,315.7234568516657,85.9578947368421,229.76556211482358,REORDER
22579,1979,23.843373493975903,17.17306592774863,74.96884179401032,241.87245625184164,71.53012048192771,170.34233576991392,REORDER
22580,960,11.294117647058824,10.778973722474877,47.055498365978316,126.11432189539008,33.88235294117647,92.23196895421361,REORDER
22581,1963,23.094117647058823,31.298342999427366,136.63259284105894,298.2914163704707,69.28235294117647,229.00906342929423,REORDER
22582,1444,12.134453781512605,18.244072345790535,79.64430924125371,164.58548571184195,36.403361344537814,128.18212436730414,REORDER
22583,1245,9.651162790697674,12.951020207636338,56.53754484506345,124.09568437994717,28.95348837209302,95.14219600785415,REORDER
22584,2824,16.41860465116279,24.451391147249016,106.7422953055589,221.67252786369843,49.25581395348837,172.41671391021006,REORDER
22585,11455,54.28909952606635,61.552121348647425,268.70514949903463,648.7288461814991,162.86729857819904,485.86154760330004,REORDER
22586,1209,13.285714285714286,19.821024591907854,86.5284779711281,179.5284779711281,39.85714285714286,139.67133511398524,REORDER
22587,1214,12.778947368421052,22.196021757488495,96.89650354773404,186.3491351266814,38.33684210526316,148.01229302141826,REORDER
22588,2078,19.24074074074074,23.804448798990183,103.91807517151203,238.6032603566972,57.72222222222222,180.88103813447498,REORDER
22589,953,11.765432098765432,12.766432161079965,55.73172763586088,138.0897523272189,35.2962962962963,102.79345603092258,REORDER
22591,914,15.491525423728813,22.25353352907162,97.14757059209576,205.58824855819745,46.474576271186436,159.113672287011,REORDER
22592,1325,17.666666666666668,50.40118331229217,220.0258447657112,343.6925114323779,53.0,290.6925114323779,REORDER
22593,3319,37.29213483146067,37.77390942026924,164.90161111497554,425.94655493520025,111.87640449438202,314.0701504408182,REORDER
22594,2783,31.269662921348313,29.18505378884565,127.40705063679282,346.294691086231,93.80898876404494,252.48570232218606,REORDER
22595,6001,56.08411214953271,56.79475153391044,247.93690074851153,640.5256857952405,168.25233644859813,472.27334934664236,REORDER
22596,2816,42.02985074626866,47.03543800970992,205.33271843813404,499.54167366201466,126.08955223880596,373.4521214232087,REORDER
22597,1677,29.42105263157895,29.248288941663542,127.68310304277377,333.6304714638264,88.26315789473685,245.36731356908953,REORDER
22598,756,22.235294117647058,29.846129461795666,130.2929696536865,285.9400284772159,66.70588235294117,219.23414612427473,REORDER
22599,1088,23.652173913043477,28.073093002457668,122.55279731786943,288.1180147091738,70.95652173913044,217.16149297004335,REORDER
22600,3124,35.10112359550562,38.28572156817622,167.1359217561926,412.84378692473194,105.30337078651687,307.54041613821505,REORDER
22601,2815,32.35632183908046,42.08517857965273,183.722412065781,410.2166649393442,97.06896551724137,313.14769942210285,REORDER
22602,4206,43.8125,47.63420100372377,207.94661209924203,514.634112099242,131.4375,383.196612099242,REORDER
22603,2719,32.75903614457831,57.26523449691344,249.99078926023944,479.3040422722876,98.27710843373492,381.0269338385526,REORDER
22604,771,10.41891891891892,9.50127137384062,41.47770197029682,114.41013440272926,31.256756756756758,83.1533776459725,REORDER
22605,1014,7.511111111111111,18.017349295106936,78.65455210707246,131.23232988485023,22.53333333333333,108.6989965515169,REORDER
22606,721,6.4375,19.36272133449938,84.52775983827459,129.5902598382746,19.3125,110.27775983827459,REORDER
22607,1150,11.979166666666666,10.115105084831944,44.15738669058786,128.0115533572545,35.9375,92.07405335725451,REORDER
22608,504,36.0,0.0,0.0,252.0,108.0,144.0,REORDER
22609,1194,36.18181818181818,8.281962876692281,36.154823329674834,289.4275506024021,108.54545454545453,180.88209605694757,REORDER
22610,3096,64.5,166.04869831698758,724.8838761000187,1176.3838761000188,193.5,982.8838761000188,REORDER
22611,677,7.052083333333333,7.176525756229442,31.329049006914204,80.69363234024753,21.15625,59.53738234024753,REORDER
22612,988,14.529411764705882,51.897278158356535,226.55703135145666,328.2629137043978,43.588235294117645,284.6746784102802,REORDER
22613,1483,19.012820512820515,30.30386953549841,132.29122921389413,265.38097280363775,57.03846153846155,208.3425112651762,REORDER
22614,2617,29.738636363636363,26.708943922878042,116.5976186118236,324.76807315727814,89.2159090909091,235.55216406636904,REORDER
22615,1765,30.43103448275862,27.603783156029642,120.50403003442334,333.5212714137337,91.29310344827586,242.22816796545783,REORDER
22616,12698,100.77777777777777,191.79100662497768,837.2616569269134,1542.7061013713578,302.3333333333333,1240.3727680380246,REORDER
22617,2145,11.785714285714286,25.735012036418432,112.3459290287682,194.84592902876818,35.35714285714286,159.48878617162532,REORDER
22618,652,5.09375,6.326344742050941,27.617592577620965,63.27384257762097,15.28125,47.99259257762097,REORDER
22619,1615,13.458333333333334,19.376367756908937,84.58733315424394,178.79566648757728,40.375,138.42066648757728,REORDER
22620,3196,23.32846715328467,25.942841438397036,113.25320613482657,276.55247620781927,69.98540145985402,206.56707474796525,REORDER
22621,2497,28.0561797752809,26.36128340033482,115.07991019433878,311.4731686213051,84.1685393258427,227.3046292954624,REORDER
22622,1822,12.921985815602836,21.351504102918376,93.2097704562705,183.66367116549037,38.76595744680851,144.89771371868187,REORDER
22623,1313,9.654411764705882,13.74442846121621,60.001160374808826,127.58204272775001,28.963235294117645,98.61880743363236,REORDER
22624,1223,7.236686390532545,7.864375881292436,34.331851617746445,84.98865635147425,21.710059171597635,63.27859717987661,REORDER
22625,962,6.166666666666667,7.212742606940752,31.48715329433013,74.6538199609968,18.5,56.1538199609968,REORDER
22626,324,3.5217391304347827,4.22311343111671,18.435958030300004,43.088131943343484,10.565217391304348,32.52291455203914,REORDER
22627,715,5.107142857142857,6.135984707018815,26.786577812391055,62.53657781239106,15.32142857142857,47.21514924096249,REORDER
22628,741,8.616279069767442,19.16809150317644,83.67810532147293,143.99205880984502,25.848837209302324,118.14322160054269,REORDER
22629,6723,51.715384615384615,70.15975509041525,306.2816856238206,668.289377931513,155.14615384615385,513.1432240853591,REORDER
22630,6271,49.37795275590551,82.08850519204508,358.3565208880564,704.002190179395,148.13385826771653,555.8683319116785,REORDER
22631,2545,22.92792792792793,33.930868678886625,148.12485648299582,308.6203519784913,68.78378378378379,239.83656819470752,REORDER
22632,6613,122.46296296296296,268.08522391512224,1170.3232738732902,2027.5640146140308,367.3888888888889,1660.175125725142,REORDER
22633,4564,84.51851851851852,79.89562548318092,348.7835271862449,940.4131568158746,253.55555555555554,686.857601260319,REORDER
22634,928,7.083969465648855,9.333181639009966,40.74390797039406,90.33169422993605,21.251908396946565,69.07978583298949,REORDER
22635,970,7.185185185185185,9.567657884290371,41.76751159544488,92.06380789174118,21.555555555555557,70.50825233618562,REORDER
22636,1039,7.583941605839416,10.691284476678694,46.67269186987632,99.76028311075223,22.751824817518248,77.00845829323399,REORDER
22637,1780,13.587786259541986,14.569657737919492,63.603690252073704,158.7181940688676,40.76335877862596,117.95483529024165,REORDER
22638,111,5.55,7.148610464904866,31.207185091189967,70.05718509118996,16.65,53.407185091189966,REORDER
22639,856,12.056338028169014,10.223065411039409,44.628686378688364,129.02305257587147,36.16901408450704,92.85403849136443,REORDER
22640,115,4.107142857142857,3.2470988272072647,14.175176365745859,42.925176365745855,12.32142857142857,30.603747794317286,REORDER
22641,157,6.038461538461538,8.287246921533203,36.17789077280807,78.44712154203884,18.115384615384613,60.33173692665423,REORDER
22642,713,11.5,14.223911984090298,62.094340737617514,142.59434073761753,34.5,108.09434073761753,REORDER
22643,226,5.947368421052632,6.2986372117675025,27.49663564057424,69.12821458794267,17.842105263157897,51.28610932478477,REORDER
22644,2722,20.014705882352942,21.94166855943534,95.78612729081675,235.88906846728736,60.044117647058826,175.84495082022852,REORDER
22645,3110,21.901408450704224,23.35307468606602,101.94760614727997,255.25746530220954,65.70422535211267,189.55323995009687,REORDER
22646,4915,31.305732484076433,33.719176317688444,147.20071566839476,366.34084305692977,93.9171974522293,272.4236456047005,REORDER
22647,321,11.464285714285714,18.17911325478112,79.36073100091757,159.61073100091755,34.39285714285714,125.21787385806041,REORDER
22649,1487,11.527131782945736,11.46330934941172,50.042958471569314,130.73288095218948,34.581395348837205,96.15148560335227,REORDER
22650,947,10.406593406593407,13.324145185821301,58.166418080432734,131.0125719265866,31.21978021978022,99.79279170680637,REORDER
22651,977,18.09259259259259,27.882684502006523,121.72157097735376,248.3697191255019,54.27777777777777,194.09194134772412,REORDER
22652,4707,43.99065420560748,86.47122930048924,377.4892576803748,685.4238371196271,131.97196261682242,553.4518745028047,REORDER
22653,1169,14.6125,25.784645489864207,112.56260335673744,214.85010335673746,43.837500000000006,171.01260335673746,REORDER
22654,1086,11.804347826086957,12.684886854641242,55.37574244351554,138.00617722612424,35.413043478260875,102.59313374786336,REORDER
22655,16,1.1428571428571428,0.3631365196012815,1.585268722670363,9.585268722670364,3.4285714285714284,6.156697294098935,REORDER
22656,19,1.2666666666666666,0.4577377082170634,1.9982492337043443,10.864915900371011,3.8,7.064915900371012,REORDER
22657,59,8.428571428571429,6.876460883747852,30.019118907789412,89.01911890778942,25.285714285714285,63.733404622075135,REORDER
22659,4941,40.5,64.33489985103712,280.85334028634946,564.3533402863495,121.5,442.8533402863495,REORDER
22660,510,9.444444444444445,30.32569535463512,132.38650960172754,198.49762071283865,28.333333333333336,170.1642873795053,REORDER
22661,3046,33.108695652173914,41.02088894877966,179.07626668349346,410.83713624871086,99.32608695652175,311.5110492921891,REORDER
22662,3268,30.542056074766354,39.635433064661235,173.0280733424765,386.82246586584097,91.62616822429906,295.1962976415419,REORDER
22663,2291,23.377551020408163,32.10823040779499,140.16814795068947,303.8110050935466,70.13265306122449,233.67835203232212,REORDER
22664,669,11.946428571428571,19.6481964408091,85.77399846398676,169.39899846398674,35.839285714285715,133.55971274970102,REORDER
22665,1365,12.297297297297296,14.707199594134838,64.20412780364693,150.285208884728,36.89189189189189,113.39331699283612,REORDER
22666,2418,19.5,16.894940792741593,73.75468939204526,210.25468939204526,58.5,151.75468939204526,REORDER
22667,2086,17.529411764705884,24.368924198663333,106.38228669394779,229.088169046889,52.58823529411765,176.49993375277134,REORDER
22668,1336,14.365591397849462,13.474440333813146,58.82252999542875,159.38166978037498,43.096774193548384,116.2848955868266,REORDER
22669,1163,13.067415730337078,11.533348635398953,50.34871425056845,141.82062436292802,39.20224719101124,102.61837717191678,REORDER
22670,2584,39.753846153846155,123.22883068315817,537.9541865625216,816.2311096394446,119.26153846153846,696.9695711779061,REORDER
22671,727,11.918032786885245,13.219045706816628,57.70760739122419,141.13383689942088,35.75409836065573,105.37973853876515,REORDER
22672,1356,19.652173913043477,23.445071027802868,102.3492152261896,239.91443261749396,58.95652173913043,180.95791087836352,REORDER
22673,536,13.4,18.002563919961723,78.59000670470866,172.39000670470864,40.2,132.19000670470865,REORDER
22674,1013,16.60655737704918,18.65500709239979,81.43824062984936,197.68414226919361,49.81967213114754,147.86447013804607,REORDER
22675,973,17.07017543859649,24.183716222404996,105.57376318803935,225.06499125821477,51.210526315789465,173.8544649424253,REORDER
22676,652,10.688524590163935,10.465086372643336,45.68522638486172,120.50489851600926,32.0655737704918,88.43932474551747,REORDER
22677,561,10.788461538461538,9.734387275321577,42.49536702855267,118.01459779778344,32.36538461538461,85.64921318239882,REORDER
22678,539,9.981481481481481,9.002076785000604,39.298473152762114,109.16884352313248,29.944444444444443,79.22439907868804,REORDER
22679,509,9.980392156862745,9.102725297576393,39.73785319403387,109.60059829207307,29.941176470588236,79.65942182148484,REORDER
22680,519,9.79245283018868,9.317804484232648,40.67677916016338,109.22394897148413,29.37735849056604,79.8465904809181,REORDER
22681,446,10.878048780487806,9.431847968323122,41.17463481112211,117.32097627453675,32.63414634146342,84.68682993307333,REORDER
22682,478,9.958333333333334,9.459787981370527,41.29660664927181,111.00493998260515,29.875,81.12993998260515,REORDER
22683,472,10.26086956521739,9.452653437254057,41.26546087067931,113.09154782720105,30.782608695652172,82.30893913154888,REORDER
22684,472,9.833333333333334,9.379319335947239,40.94532160946019,109.77865494279354,29.5,80.27865494279354,REORDER
22685,486,10.8,9.531288189193239,41.608740067442554,117.20874006744256,32.400000000000006,84.80874006744256,REORDER
22686,389,10.236842105263158,9.433792652599129,41.18312431022731,112.84101904706942,30.710526315789473,82.13049273127996,REORDER
22687,269,6.255813953488372,6.05959696622919,26.45310791957443,70.24380559399303,18.767441860465116,51.47636373352792,REORDER
22688,190,3.8,4.347178301343697,18.977561938849185,45.577561938849186,11.399999999999999,34.17756193884919,REORDER
22689,392,7.538461538461538,10.152680585782411,44.32142215157882,97.09065292080959,22.615384615384613,74.47526830542498,REORDER
22690,907,12.597222222222221,28.3408130143812,123.72152626256853,211.9020818181241,37.791666666666664,174.11041515145743,REORDER
22691,376,6.064516129032258,18.133268915595703,79.16059801208479,121.6122109153106,18.193548387096776,103.41866252821382,REORDER
22692,559,8.734375,18.01431722269817,78.64131562631376,139.78194062631377,26.203125,113.57881562631377,REORDER
22693,1326,44.2,34.36558021404957,150.02258519624806,459.42258519624806,132.60000000000002,326.82258519624804,REORDER
22694,2992,29.333333333333332,29.414192483764484,128.40735324091307,333.7406865742464,88.0,245.7406865742464,REORDER
22695,719,11.412698412698413,11.355878001359985,49.57396803213974,129.46285692102862,34.23809523809524,95.22476168293338,REORDER
22696,725,8.841463414634147,9.247581615385338,40.370221952086226,102.26046585452525,26.524390243902438,75.7360756106228,REORDER
22697,2478,27.533333333333335,25.91264495452608,113.12138369662124,305.8547170299546,82.60000000000001,223.25471702995458,REORDER
22698,2246,31.633802816901408,48.00245215064382,209.5542086746039,430.9908283929137,94.90140845070422,336.0894199422095,REORDER
22699,3230,33.645833333333336,43.64449182504783,190.52957792033234,426.0504112536657,100.9375,325.1129112536657,REORDER
22700,192,4.8,4.115013163202923,17.964047428127103,51.564047428127104,14.399999999999999,37.164047428127105,REORDER
22701,117,3.9,2.7461571896642814,11.988320825157144,39.28832082515714,11.7,27.588320825157144,REORDER
22702,218,6.411764705882353,11.977548813481107,52.287865536402826,97.1702184775793,19.235294117647058,77.93492435993224,REORDER
22703,143,4.46875,3.4825312911082924,15.202954353300822,46.484204353300825,13.40625,33.077954353300825,REORDER
22704,3525,40.98837209302326,32.74518166119442,142.948752063403,429.8673567145658,122.96511627906978,306.902240435496,REORDER
22705,1950,30.46875,12.17331031917712,53.14246036598231,266.4237103659823,91.40625,175.0174603659823,REORDER
22706,2215,49.22222222222222,68.45665147604821,298.84680439984635,643.4023599554018,147.66666666666666,495.7356932887352,REORDER
22707,900,28.125,8.400268812903088,36.671286671305005,233.546286671305,84.375,149.171286671305,REORDER
22708,2575,51.5,114.9988908553434,502.02646931497264,862.5264693149727,154.5,708.0264693149727,REORDER
22709,1450,51.785714285714285,60.449156562358496,263.89016812555434,626.3901681255543,155.35714285714286,471.0330252684114,REORDER
22710,2704,51.0188679245283,68.0504593795713,297.0735770013799,654.205652473078,153.0566037735849,501.14904869949305,REORDER
22711,2475,41.25,50.174483690012416,219.03618990798478,507.78618990798475,123.75,384.03618990798475,REORDER
22712,2810,28.6734693877551,44.37603502732613,193.7231222081039,394.43740792238964,86.0204081632653,308.41699975912434,REORDER
22713,2460,36.1764705882353,62.52568216853706,272.95521919481445,526.1905133124615,108.52941176470588,417.6611015477556,REORDER
22714,1766,22.935064935064936,20.140517987339834,87.92322308636516,248.46867763181973,68.80519480519482,179.66348282662491,REORDER
22715,1140,21.11111111111111,17.43415284820548,76.10861404647619,223.88639182425396,63.33333333333333,160.55305849092065,REORDER
22716,2040,21.25,16.284962388657828,71.09183497420784,219.84183497420784,63.75,156.09183497420784,REORDER
22717,1176,22.615384615384617,39.16688970123588,170.98265213265563,329.29034444034795,67.84615384615385,261.4441905941941,REORDER
22718,972,17.05263157894737,12.410279513128822,54.1769469326887,173.5453679853203,51.15789473684211,122.38747324847819,REORDER
22719,790,12.34375,13.738162292483054,59.973805479976015,146.38005547997602,37.03125,109.34880547997602,REORDER
22722,6,6.0,0.0,0.0,42.0,18.0,24.0,REORDER
22725,547,9.945454545454545,15.936701389511292,69.57150518231823,139.18968700050004,29.836363636363636,109.3533233641364,REORDER
22726,1331,20.476923076923075,15.250110340080013,66.5741990531415,209.91266059160301,61.43076923076923,148.4818913608338,REORDER
22727,1620,24.545454545454547,22.61189735731838,98.71200417999204,270.53018599817386,73.63636363636364,196.89382236181024,REORDER
22728,900,14.0625,15.35389408235134,67.02726590724107,165.4647659072411,42.1875,123.27726590724109,REORDER
22729,703,11.524590163934427,9.427984156006078,41.15776737839129,121.8298985259323,34.57377049180328,87.256128034129,REORDER
22730,885,15.0,18.88166415810085,82.42770970727142,187.42770970727142,45.0,142.42770970727142,REORDER
22731,1713,28.55,34.21191436832734,149.3517585351521,349.20175853515207,85.65,263.5517585351521,REORDER
22732,2019,33.65,49.123788638189254,214.44939152001595,449.99939152001593,100.94999999999999,349.04939152001594,REORDER
22733,1878,34.14545454545455,35.561328445490915,155.24261174046256,394.2607935586444,102.43636363636364,291.8244299222808,REORDER
22734,6011,100.18333333333334,186.9489635482139,816.1237679262579,1517.4071012595912,300.55,1216.8571012595912,REORDER
22735,688,14.040816326530612,18.909828995870406,82.5506630154217,180.836377301136,42.12244897959184,138.71392832154416,REORDER
22736,1319,19.984848484848484,20.892760928308622,91.20713186942211,231.1010712633615,59.95454545454545,171.14652580881602,REORDER
22737,1861,27.776119402985074,29.21644456804503,127.54408675890927,321.9769225798048,83.32835820895522,238.64856437084958,REORDER
22738,2157,32.68181818181818,34.55348544855289,150.8428835551441,379.61561082787136,98.04545454545453,281.57015628241686,REORDER
22739,2164,30.914285714285715,44.347031617127634,193.59650812068318,409.9965081206832,92.74285714285715,317.25365097782606,REORDER
22740,6214,126.81632653061224,176.53997109594707,770.6834189709713,1658.397704685257,380.44897959183675,1277.9487250934203,REORDER
22741,2017,61.121212121212125,32.30301608959832,141.01848283115228,568.8669676796371,183.36363636363637,385.50333131600075,REORDER
22742,344,6.254545454545455,4.418891187458606,19.290623801906115,63.072441983724296,18.763636363636365,44.30880562008793,REORDER
22743,464,6.925373134328358,5.950078769114006,25.975007362129592,74.45261930242809,20.776119402985074,53.676499899443016,REORDER
22744,595,8.880597014925373,10.448317811624902,45.612023405068065,107.77620250954567,26.64179104477612,81.13441146476956,REORDER
22745,1635,25.546875,38.32647130610614,167.31381431590606,346.14193931590603,76.640625,269.50131431590603,REORDER
22746,1323,21.338709677419356,39.45777720442867,172.25251852101428,321.62348626294977,64.01612903225806,257.6073572306917,REORDER
22747,1032,17.79310344827586,39.64348074574473,173.06320541105967,297.6149295489907,53.37931034482759,244.2356192041631,REORDER
22748,1699,26.546875,38.88890554137966,169.7691151562542,355.5972401562542,79.640625,275.9566151562542,REORDER
22749,1285,16.265822784810126,16.762831947235792,73.17796959256492,187.0387290862358,48.79746835443038,138.24126073180543,REORDER
22750,1178,15.102564102564102,16.357681974343418,71.4092915738346,177.12724029178332,45.30769230769231,131.819547984091,REORDER
22751,741,10.291666666666666,11.039541606119313,48.193004768604744,120.2346714352714,30.875,89.3596714352714,REORDER
22752,1920,20.0,30.902903968465655,134.90630783894738,274.9063078389474,60.0,214.90630783894738,REORDER
22753,1283,16.0375,16.739586787695355,73.0764930888704,185.3389930888704,48.112500000000004,137.2264930888704,REORDER
22754,1904,21.636363636363637,22.037158701528732,96.20298851906834,247.6575339736138,64.9090909090909,182.7484430645229,REORDER
22755,2007,23.06896551724138,23.726049418527836,103.57582348649792,265.0585821071876,69.20689655172414,195.85168555546346,REORDER
22756,582,10.392857142857142,15.572328104602812,67.98083737348342,140.73083737348344,31.178571428571427,109.55226594491201,REORDER
22757,1531,23.553846153846155,48.89850162876631,213.4659034091141,378.3428264860372,70.66153846153847,307.6812880244987,REORDER
22758,1186,19.442622950819672,39.467085269527196,172.2931527829868,308.3915134387245,58.32786885245902,250.06364458626547,REORDER
22759,3763,40.03191489361702,35.99296589811983,157.1269205781885,437.35032483350767,120.09574468085106,317.2545801526566,REORDER
22760,79,2.7241379310344827,2.491364395612199,10.876025516450518,29.944991033691895,8.172413793103448,21.772577240588447,REORDER
22761,16,1.7777777777777777,1.3017082793177757,5.682594037937252,18.127038482381696,5.333333333333333,12.793705149048364,REORDER
22762,42,2.8,2.5128242505765725,10.969708291472475,30.569708291472473,8.399999999999999,22.169708291472475,REORDER
22763,465,20.217391304347824,86.28597090317498,376.68051406186794,518.2022531923027,60.65217391304347,457.5500792792592,REORDER
22764,178,12.714285714285714,27.0225790815714,117.96678965513328,206.96678965513328,38.14285714285714,168.82393251227614,REORDER
22765,300,10.344827586206897,27.398221868879638,119.60665436020427,192.02044746365254,31.03448275862069,160.98596470503185,REORDER
22766,1128,24.52173913043478,50.987466490603694,222.5852579203714,394.23743183341486,73.56521739130434,320.67221444211054,REORDER
22767,233,5.9743589743589745,4.1198312400744825,17.985080692906667,59.80559351341948,17.923076923076923,41.88251659034256,REORDER
22768,312,7.090909090909091,6.083978891673938,26.55954696307377,76.19591059943741,21.272727272727273,54.92318332671014,REORDER
22769,162,7.043478260869565,20.472771853165824,89.37367390320556,138.6780217292925,21.130434782608695,117.54758694668382,REORDER
22770,19,2.111111111111111,1.2692955176439846,5.541096461892717,20.318874239670496,6.333333333333334,13.985540906337162,REORDER
22771,1080,27.0,19.26069466489615,84.08236346674519,273.08236346674516,81.0,192.08236346674516,REORDER
22772,639,18.794117647058822,12.739295950682404,55.61326478987037,187.17208831928212,56.382352941176464,130.78973537810566,REORDER
22773,364,16.545454545454547,12.28908641932528,53.64787973443126,169.4660615526131,49.63636363636364,119.82969791624946,REORDER
22774,632,23.40740740740741,14.71853687141924,64.25362057044146,228.1054724222933,70.22222222222223,157.88325020007107,REORDER
22775,590,19.666666666666668,12.866243814146282,56.16745437559443,193.83412104226113,59.0,134.83412104226113,REORDER
22776,495,11.25,11.01399743666593,48.08149196089953,126.83149196089953,33.75,93.08149196089953,REORDER
22777,114,4.75,6.764678082896287,29.53113224614204,62.781132246142036,14.25,48.531132246142036,REORDER
22778,207,8.625,8.586199746509308,37.48296624004261,97.8579662400426,25.875,71.9829662400426,REORDER
22779,483,16.1,36.919623788571506,161.17223602033044,273.87223602033043,48.300000000000004,225.57223602033042,REORDER
22780,502,16.733333333333334,38.71997910135277,169.0316685284661,286.16500186179945,50.2,235.96500186179946,REORDER
22781,255,7.083333333333333,5.683937267171661,24.81316938643671,74.39650271977004,21.25,53.14650271977004,REORDER
22782,13,1.625,1.7677669529663687,7.717168360221254,19.092168360221255,4.875,14.217168360221255,REORDER
22783,26,2.1666666666666665,1.80067327475704,7.860820567854224,23.02748723452089,6.5,16.52748723452089,REORDER
22784,302,8.882352941176471,5.666299663065637,24.736172608027246,86.91264319626254,26.647058823529413,60.26558437273312,REORDER
22785,158,5.448275862068965,10.462812401536869,45.675299387501894,83.81323042198466,16.344827586206897,67.46840283577777,REORDER
22786,111,4.44,3.189566323708183,13.924018816419347,45.00401881641935,13.32,31.684018816419346,REORDER
22788,261,12.428571428571429,43.04831173062589,187.92695988069406,274.9269598806941,37.285714285714285,237.6412455949798,REORDER
22789,391,13.033333333333333,14.062626755495142,61.39025173934939,152.62358507268272,39.1,113.52358507268272,REORDER
22790,200,200.0,0.0,0.0,1400.0,600.0,800.0,REORDER
22791,1789,52.61764705882353,39.194166778328324,171.10172993074653,539.4252593425113,157.85294117647058,381.57231816604065,REORDER
22792,747,24.9,16.5056938973944,72.05543609395238,246.35543609395236,74.69999999999999,171.65543609395237,REORDER
22794,72,3.0,3.2704207946246067,14.276988173433073,35.276988173433075,9.0,26.276988173433075,REORDER
22795,416,9.244444444444444,8.744233308965182,38.17286012339134,102.88397123450244,27.73333333333333,75.1506379011691,REORDER
22796,229,5.585365853658536,6.196674954183483,27.051520459048902,66.14908143465865,16.756097560975608,49.39298387368305,REORDER
22797,82,3.037037037037037,2.4881485467879907,10.861986761649842,32.1212460209091,9.11111111111111,23.010134909797987,REORDER
22798,632,17.08108108108108,12.83307008037,56.02263478370245,175.59020235127002,51.24324324324324,124.34695910802678,REORDER
22799,45,3.0,3.070597894314954,13.404663367649334,34.404663367649334,9.0,25.404663367649334,REORDER
22800,312,8.666666666666666,5.9329587896765315,25.900270268860133,86.5669369355268,26.0,60.5669369355268,REORDER
22801,305,9.838709677419354,7.501541060313533,32.7478999572935,101.61886769922897,29.516129032258064,72.10273866697091,REORDER
22802,24,2.0,0.8528028654224418,3.7229020937972575,17.72290209379726,6.0,11.72290209379726,REORDER
22803,24,3.0,4.174754056057845,18.224845678358978,39.224845678358975,9.0,30.224845678358975,REORDER
22804,2147,34.62903225806452,57.23670548508036,249.8662461539792,492.26947196043085,103.88709677419357,388.38237518623725,REORDER
22805,381,14.11111111111111,12.074554724496958,52.7113438382173,151.4891216159951,42.33333333333333,109.15578828266176,REORDER
22806,179,11.1875,14.77032497949859,64.47970102094148,142.7922010209415,33.5625,109.22970102094149,REORDER
22807,554,11.08,11.720973700584603,51.16778953320424,128.72778953320426,33.24,95.48778953320425,REORDER
22808,81,10.125,15.486745484906947,67.60722733184672,138.48222733184673,30.375,108.10722733184673,REORDER
22809,1329,22.15,29.12499363497421,127.14485865589344,282.1948586558934,66.44999999999999,215.74485865589344,REORDER
22810,1265,20.403225806451612,25.3406041548299,110.62414549858653,253.4467261437478,61.20967741935483,192.237048724393,REORDER
22811,122,8.714285714285714,11.795883059053152,51.494805563279876,112.49480556327987,26.14285714285714,86.35194842042273,REORDER
22812,2881,41.15714285714286,38.70199624641546,168.95316456112144,457.05316456112143,123.47142857142858,333.58173598969285,REORDER
22813,1596,25.333333333333332,28.486555968873148,124.35776562389559,301.6910989572289,76.0,225.69109895722892,REORDER
22814,593,16.942857142857143,13.241962839093485,57.80765189529029,176.4076518952903,50.82857142857143,125.57908046671886,REORDER
22815,828,19.714285714285715,14.47333243991778,63.183183159337126,201.18318315933712,59.142857142857146,142.04032601647998,REORDER
22816,2942,47.45161290322581,37.22139232398788,162.48960344238668,494.65089376496735,142.35483870967744,352.2960550552899,REORDER
22817,732,22.181818181818183,18.76408561830043,81.91442180715188,237.18714907987916,66.54545454545455,170.64169453442463,REORDER
22818,2724,46.16949152542373,30.2114117183037,131.88760556864335,455.07404624660944,138.5084745762712,316.5655716703383,REORDER
22819,744,24.0,18.846750383023593,82.27529398306638,250.27529398306638,72.0,178.27529398306638,REORDER
22820,423,19.227272727272727,15.256323648094623,66.60132318505391,201.19223227596302,57.68181818181818,143.51041409414483,REORDER
22821,514,17.133333333333333,8.82681390299812,38.53336485302771,158.46669818636104,51.4,107.06669818636104,REORDER
22822,170,8.095238095238095,16.943744456007245,73.96774127956051,130.63440794622718,24.285714285714285,106.34869366051291,REORDER
22823,8,1.6,0.5477225575051662,2.391077163121258,13.591077163121259,4.800000000000001,8.791077163121258,REORDER
22824,8,1.3333333333333333,0.5163977794943223,2.254329168511112,11.587662501844445,4.0,7.587662501844445,REORDER
22825,29,3.2222222222222223,1.3944333775567928,6.087384495824131,28.64294005137969,9.666666666666668,18.97627338471302,REORDER
22827,14,1.5555555555555556,0.8819171036881969,3.85,14.738888888888889,4.666666666666667,10.072222222222223,REORDER
22828,8,2.0,1.4142135623730951,6.173734688177003,20.173734688177003,6.0,14.173734688177003,REORDER
22829,19,2.111111111111111,1.9649710204252662,8.578060678265222,23.355838456043003,6.333333333333334,17.022505122709667,REORDER
22830,175,14.583333333333334,28.2085039831909,123.14393255455178,225.22726588788512,43.75,181.47726588788512,REORDER
22831,69,6.2727272727272725,4.002272081978163,17.47187740341604,61.38096831250695,18.818181818181817,42.56278649432514,REORDER
22832,28,3.5,2.7774602993176543,12.12497422677673,36.62497422677673,10.5,26.12497422677673,REORDER
22833,116,14.5,25.8622725771952,112.90148360406961,214.4014836040696,43.5,170.9014836040696,REORDER
22834,2574,36.77142857142857,42.73211853455602,186.546621751659,443.946621751659,110.31428571428572,333.6323360373733,REORDER
22835,1847,24.95945945945946,18.263999463867222,79.73130086923598,254.4475170854522,74.87837837837839,179.56913870707382,REORDER
22837,2660,48.36363636363637,66.32617595008486,289.54623551343224,628.0916900588868,145.0909090909091,483.0007809679777,REORDER
22838,227,5.675,5.254485263526332,22.9384011036582,62.6634011036582,17.025,45.638401103658204,REORDER
22839,135,3.857142857142857,3.7270304939081207,16.270313095797945,43.270313095797945,11.571428571428571,31.698884524369376,REORDER
22840,424,9.636363636363637,11.727707024424678,51.197183788827445,118.6517292433729,28.90909090909091,89.74263833428199,REORDER
22841,245,5.833333333333333,6.621902558625803,28.907847170773206,69.74118050410654,17.5,52.24118050410654,REORDER
22842,251,6.275,8.602288008103365,37.553199379731225,81.47819937973122,18.825000000000003,62.65319937973122,REORDER
22843,147,4.741935483870968,5.603378397214095,24.461490472353326,57.6550388594501,14.225806451612904,43.4292324078372,REORDER
22844,228,6.162162162162162,6.681290267578535,29.167103600330847,72.30223873546598,18.486486486486488,53.81575224897949,REORDER
22845,190,4.871794871794871,6.477408055287998,28.277057910054623,62.379622012618725,14.615384615384613,47.76423739723411,REORDER
22846,177,4.538461538461538,3.8719378654632477,16.90290472845153,48.6721354976823,13.615384615384615,35.056750882297685,REORDER
22847,276,6.4186046511627906,5.737232442727295,25.045828924426274,69.97606148256581,19.25581395348837,50.72024752907744,REORDER
22848,74,3.217391304347826,2.66213382866811,11.621517711256283,34.14325684169106,9.652173913043478,24.491082928647586,REORDER
22849,88,4.0,2.861900800250804,12.493598360760604,40.4935983607606,12.0,28.4935983607606,REORDER
22850,8,8.0,0.0,0.0,56.0,24.0,32.0,REORDER
22851,2406,30.846153846153847,39.37765102947865,171.90272853251363,387.82580545559057,92.53846153846155,295.287343917129,REORDER
22852,174,7.909090909090909,12.297537852327888,53.68477437784385,109.04841074148021,23.727272727272727,85.32113801420749,REORDER
22853,170,8.947368421052632,9.186183370273026,40.10218854770634,102.73376749507477,26.842105263157897,75.89166223191688,REORDER
22854,354,8.428571428571429,10.184021097498066,44.458238831514684,103.45823883151468,25.285714285714285,78.1725245458004,REORDER
22855,2300,34.32835820895522,25.118137874730778,109.65297125239069,349.95147871507726,102.98507462686567,246.9664040882116,REORDER
22856,308,102.66666666666667,160.5158351482287,700.7302191285887,1419.3968857952555,308.0,1111.3968857952555,REORDER
22857,84,21.0,11.489125293076057,50.155657706783195,197.1556577067832,63.0,134.1556577067832,REORDER
22858,8,4.0,2.8284271247461903,12.347469376354006,40.347469376354006,12.0,28.347469376354006,REORDER
22859,52,8.666666666666666,7.7631608682718065,33.88999852463851,94.55666519130517,26.0,68.55666519130517,REORDER
22860,22,7.333333333333333,5.033222956847167,21.972482790982,73.30581612431533,22.0,51.30581612431533,REORDER
22862,581,10.563636363636364,9.24514614663972,40.35958993845204,114.30504448390658,31.690909090909095,82.6141353929975,REORDER
22863,419,9.976190476190476,12.442037507124287,54.31558612720168,124.14891946053501,29.92857142857143,94.22034803196358,REORDER
22864,378,189.0,199.4041122946064,870.4965910329573,2193.4965910329574,567.0,1626.4965910329574,REORDER
22865,6481,85.27631578947368,79.24268188027807,345.933108637083,942.8673191633989,255.82894736842104,687.0383717949778,REORDER
22866,6408,84.3157894736842,76.54910589964514,334.17433053643373,924.3848568522233,252.9473684210526,671.4374884311707,REORDER
22867,6438,82.53846153846153,75.25432072122362,328.5219592238968,906.2911899931275,247.61538461538458,658.675805377743,REORDER
22868,58,14.5,22.575798250929395,98.55441390419813,200.05441390419813,43.5,156.55441390419813,REORDER
22869,64,9.142857142857142,17.372665996027315,75.84019382886623,139.84019382886623,27.428571428571427,112.4116224002948,REORDER
22870,59,14.75,22.381167678802342,97.70475615342376,200.95475615342377,44.25,156.70475615342377,REORDER
22871,56,28.0,28.284271247461902,123.47469376354007,319.4746937635401,84.0,235.47469376354007,REORDER
22872,60,12.0,20.334699407662754,88.77092006958135,172.77092006958134,36.0,136.77092006958134,REORDER
22873,60,12.0,20.334699407662754,88.77092006958135,172.77092006958134,36.0,136.77092006958134,REORDER
22874,60,10.0,18.825514601200148,82.18258939702496,152.18258939702497,30.0,122.18258939702497,REORDER
22875,59,14.75,22.381167678802342,97.70475615342376,200.95475615342377,44.25,156.70475615342377,REORDER
22876,57,19.0,25.357444666211933,110.69766257694874,243.69766257694874,57.0,186.69766257694874,REORDER
22877,62,8.857142857142858,17.449246129165306,76.17450360849094,138.17450360849094,26.571428571428573,111.60307503706237,REORDER
22878,46,9.2,15.122830422906949,66.01855989038233,130.4185598903823,27.599999999999998,102.81855989038232,REORDER
22879,9,4.5,4.949747468305833,21.608071408619512,53.10807140861951,13.5,39.60807140861951,REORDER
22880,11,3.6666666666666665,3.7859388972001824,16.52747712144839,42.194143788115056,11.0,31.194143788115056,REORDER
22881,10,5.0,4.242640687119285,18.521204064531005,53.521204064531005,15.0,38.521204064531005,REORDER
22882,16,2.6666666666666665,2.6583202716502514,11.604869667514581,30.271536334181246,8.0,22.271536334181246,REORDER
22883,8,8.0,0.0,0.0,56.0,24.0,32.0,REORDER
22884,11,3.6666666666666665,3.7859388972001824,16.52747712144839,42.194143788115056,11.0,31.194143788115056,REORDER
22885,14,2.8,2.949576240750525,12.876344589983601,32.4763445899836,8.399999999999999,24.0763445899836,REORDER
22886,8,8.0,0.0,0.0,56.0,24.0,32.0,REORDER
22887,12,4.0,3.4641016151377544,15.12249979335427,43.12249979335427,12.0,31.122499793354272,REORDER
22888,3,1.5,0.7071067811865476,3.0868673440885015,13.586867344088501,4.5,9.086867344088501,REORDER
22889,24,8.0,6.0,26.192937979539444,82.19293797953944,24.0,58.19293797953944,REORDER
22890,437,10.404761904761905,15.234843766054,66.5075529820376,139.34088631537094,31.214285714285715,108.12660060108522,REORDER
22891,233,8.03448275862069,8.764713175246236,38.26226476794615,94.50364407829099,24.10344827586207,70.40019580242893,REORDER
22892,1058,30.228571428571428,24.8087813133193,108.30247838128828,319.9024783812883,90.68571428571428,229.216764095574,REORDER
22893,590,25.652173913043477,14.23698351494245,62.15140437043552,241.71662176173987,76.95652173913044,164.76010002260944,REORDER
22894,257,5.976744186046512,10.294446889771901,44.94030148624303,86.7775107885686,17.930232558139537,68.84727823042907,REORDER
22895,806,15.5,18.60897948967269,81.23730760591974,189.73730760591974,46.5,143.23730760591974,REORDER
22896,484,11.0,16.80946577184664,73.3815490718617,150.38154907186168,33.0,117.38154907186168,REORDER
22897,603,14.023255813953488,13.164686479353307,57.47030274563045,155.63309344330486,42.06976744186046,113.5633260014444,REORDER
22898,801,15.705882352941176,15.247680633653182,66.56359219485041,176.50476866543863,47.11764705882353,129.3871216066151,REORDER
22899,742,14.26923076923077,21.01550817159574,91.74298369118527,191.62759907580067,42.80769230769231,148.81990676810835,REORDER
22900,1055,18.189655172413794,22.88296454888821,99.89534520283812,227.22293140973466,54.56896551724138,172.65396589249326,REORDER
22902,467,11.974358974358974,12.835983917522805,56.03535510967343,139.85586793018626,35.92307692307692,103.93279100710934,REORDER
22903,552,26.285714285714285,56.82529617797241,248.0702430764319,432.0702430764319,78.85714285714286,353.213100219289,REORDER
22904,1461,21.80597014925373,36.285166351425346,158.4025186366926,311.0443096814687,65.41791044776119,245.6263992337075,REORDER
22905,469,9.196078431372548,12.307753016441525,53.7293685711904,118.10191759079825,27.588235294117645,90.5136822966806,REORDER
22906,1396,22.516129032258064,23.596152739678253,103.00876087768872,260.62166410349516,67.54838709677419,193.07327700672096,REORDER
22907,2084,34.16393442622951,54.373149111140286,237.3654204033913,476.51296138699786,102.49180327868854,374.02115810830935,REORDER
22908,1242,25.346938775510203,34.85717944962951,152.1686565776371,329.5972280062085,76.0408163265306,253.55641167967792,REORDER
22909,7740,106.02739726027397,128.4135001343035,560.5878074588986,1302.7795882808164,318.0821917808219,984.6973964999945,REORDER
22910,7854,110.61971830985915,93.02079125461039,406.0813026899492,1180.4193308589633,331.85915492957747,848.5601759293859,REORDER
22911,391,8.319148936170214,14.975496482992423,65.37537509863861,123.60941765183011,24.95744680851064,98.65197084331948,REORDER
22912,49,3.5,4.345643264767069,18.970860752541192,43.47086075254119,10.5,32.97086075254119,REORDER
22913,108,10.8,14.030126316054483,61.248371406919894,136.8483714069199,32.400000000000006,104.4483714069199,REORDER
22914,128,9.846153846153847,12.61511100391216,55.0711366884128,123.99421361148973,29.53846153846154,94.45575207302818,REORDER
22915,300,30.0,32.49615361854384,141.86162271735088,351.8616227173509,90.0,261.8616227173509,REORDER
22916,80,6.666666666666667,5.757735244999996,25.135333695815543,71.80200036248222,20.0,51.80200036248222,REORDER
22917,82,8.2,5.391351098441528,23.53588749123347,80.93588749123346,24.599999999999998,56.335887491233464,REORDER
22918,82,6.833333333333333,5.605732996160486,24.471769449714913,72.30510278304824,20.5,51.80510278304824,REORDER
22919,68,6.181818181818182,5.363174094101026,23.412881070043476,66.68560834277075,18.545454545454547,48.1401537973162,REORDER
22920,81,6.75,5.658862719021135,24.703706705674758,71.95370670567476,20.25,51.70370670567476,REORDER
22921,68,6.181818181818182,5.363174094101026,23.412881070043476,66.68560834277075,18.545454545454547,48.1401537973162,REORDER
22922,522,47.45454545454545,55.346840264578134,241.6160590689286,573.7978772507468,142.36363636363637,431.4342408871104,REORDER
22923,300,33.333333333333336,44.30575583375144,193.4163191150116,426.74965244834493,100.0,326.74965244834493,REORDER
22924,264,37.714285714285715,45.26114700901236,197.58706941497968,461.5870694149797,113.14285714285714,348.4442122721225,REORDER
22925,54,4.909090909090909,5.889898903284257,25.71229277991366,60.07592914355003,14.727272727272727,45.3486564162773,REORDER
22926,158,9.875,10.378664011647487,45.30795046126012,114.43295046126012,29.625,84.80795046126012,REORDER
22927,55,5.0,3.82099463490856,16.68051258205215,51.680512582052145,15.0,36.680512582052145,REORDER
22928,12,3.0,1.1547005383792515,5.0408332644514235,26.04083326445142,9.0,17.04083326445142,REORDER
22929,4,1.0,0.0,0.0,7.0,3.0,4.0,REORDER
22930,91,45.5,41.71930009000631,182.12517330122162,500.6251733012216,136.5,364.1251733012216,REORDER
22931,87,43.5,44.54772721475249,194.47264267757558,498.97264267757555,130.5,368.47264267757555,REORDER
22932,79,39.5,47.37615433949868,206.82011205392962,483.3201120539296,118.5,364.8201120539296,REORDER
22933,12,12.0,0.0,0.0,84.0,36.0,48.0,REORDER
22935,81,40.5,48.79036790187178,212.99384674210663,496.4938467421066,121.5,374.9938467421066,REORDER
22936,9,4.5,2.1213203435596424,9.260602032265503,40.7606020322655,13.5,27.260602032265503,REORDER
22937,50,25.0,18.384776310850235,80.25855094630104,255.25855094630106,75.0,180.25855094630106,REORDER
22938,1369,29.76086956521739,31.12497017052293,135.87573554858707,344.2018225051088,89.28260869565217,254.9192138094566,REORDER
22939,227,6.305555555555555,11.04230680983551,48.205076236844604,92.34396512573349,18.916666666666664,73.42729845906683,REORDER
22940,1546,20.342105263157894,18.53612878072007,80.91927858902616,223.31401543113142,61.026315789473685,162.28769964165775,REORDER
22941,996,23.714285714285715,33.41993396257266,145.89437626032827,311.8943762603283,71.14285714285714,240.75151911747113,REORDER
22942,643,15.30952380952381,24.72432207779894,107.93377246165758,215.10043912832424,45.92857142857143,169.1718676997528,REORDER
22943,1181,29.525,50.868854760210446,222.0674596373987,428.7424596373987,88.57499999999999,340.16745963739874,REORDER
22944,1511,50.36666666666667,84.05026547511187,366.92056512557184,719.4872317922385,151.1,568.3872317922385,REORDER
22945,4680,73.125,73.9275707316676,322.7300458587642,834.6050458587642,219.375,615.2300458587642,REORDER
22946,505,8.706896551724139,9.780052417413534,42.694717734326254,103.64299359639523,26.120689655172416,77.52230394122282,REORDER
22947,243,5.926829268292683,7.817896916378596,34.128948176856206,75.61675305490499,17.78048780487805,57.83626525002694,REORDER
22948,596,19.225806451612904,14.172060959082735,61.86798562391773,196.44863078520808,57.67741935483871,138.77121143036936,REORDER
22949,1039,28.86111111111111,73.9351657207768,322.7632017052129,524.7909794829907,86.58333333333333,438.20764614965736,REORDER
22950,3036,92.0,152.35833584021586,665.1187402214359,1309.118740221436,276.0,1033.118740221436,REORDER
22951,3628,56.6875,91.05028699518064,397.47908671400563,794.2915867140057,170.0625,624.2290867140057,REORDER
22952,15985,222.01388888888889,258.2215171457597,1127.2633639302444,2681.3605861524666,666.0416666666666,2015.3189194858,REORDER
22953,334,15.904761904761905,31.34310891073947,136.8280179641582,248.16135129749154,47.714285714285715,200.4470655832058,REORDER
22954,40,4.444444444444445,4.558264777059114,19.899057766638098,51.01016887774921,13.333333333333334,37.67683554441587,REORDER
22955,437,16.185185185185187,18.763788851928922,81.91312627662467,195.20942257292097,48.55555555555556,146.65386701736543,REORDER
22956,550,18.96551724137931,21.732928864843206,94.87487631176346,227.63349700141862,56.89655172413793,170.73694527728068,REORDER
22959,4812,100.25,71.66574302555061,312.85606038764314,1014.6060603876431,300.75,713.8560603876431,REORDER
22960,549,49.90909090909091,58.568685396642714,255.68099068957005,605.0446270532065,149.72727272727272,455.3173543259337,REORDER
22961,1561,120.07692307692308,156.53778113630244,683.3640654596484,1523.9025269981098,360.2307692307692,1163.6717577673405,REORDER
22962,714,71.4,104.99968253920262,458.3750287701109,958.1750287701109,214.20000000000002,743.9750287701108,REORDER
22963,650,65.0,92.1845974119321,402.43090711325834,857.4309071132584,195.0,662.4309071132584,REORDER
22964,211,13.1875,7.713354220657401,33.67256811931635,125.98506811931635,39.5625,86.42256811931635,REORDER
22965,506,33.733333333333334,62.37612485864244,272.302328304405,508.43566163773835,101.2,407.23566163773836,REORDER
22966,1004,55.77777777777778,56.46295563887108,246.48844919840622,636.9328936428507,167.33333333333334,469.5995603095173,REORDER
22968,360,10.285714285714286,9.975179280628106,43.546542038713156,115.54654203871316,30.85714285714286,84.6893991815703,REORDER
22969,2496,146.8235294117647,159.84845764587376,697.8167895405683,1725.5814954229213,440.4705882352941,1285.1109071876272,REORDER
22972,179,16.272727272727273,11.163251399936392,48.733058594756805,162.64214950384772,48.81818181818182,113.8239676856659,REORDER
22973,160,14.545454545454545,6.455441679136081,28.181163922024226,129.99934574020602,43.63636363636363,86.3629821038424,REORDER
22974,129,11.727272727272727,7.417424203736889,32.38068868940252,114.47159778031161,35.18181818181818,79.28977959849342,REORDER
22975,104,11.555555555555555,8.589399151150083,37.49693320793048,118.38582209681937,34.666666666666664,83.71915543015271,REORDER
22976,136,15.11111111111111,7.304869000270376,31.889330112123712,137.66710788990147,45.33333333333333,92.33377455656814,REORDER
22977,105,11.666666666666666,11.757976016304847,51.329322759997524,132.99598942666418,35.0,97.99598942666418,REORDER
22983,1554,34.53333333333333,28.864574072098076,126.00799974604789,367.7413330793812,103.6,264.1413330793812,REORDER
22984,576,17.454545454545453,9.045340337332908,39.48733974326454,161.66915792508271,52.36363636363636,109.30552156144635,REORDER
22985,990,35.357142857142854,17.04724217017127,74.41955948091426,321.91955948091424,106.07142857142856,215.8481309094857,REORDER
22986,1740,47.027027027027025,71.88396764790328,313.8087177207918,642.9979069099809,141.08108108108107,501.91682582889985,REORDER
22987,150,25.0,0.0,0.0,175.0,75.0,100.0,REORDER
22988,568,40.57142857142857,32.90011523410796,143.62511297444843,427.6251129744484,121.71428571428571,305.9108272601627,REORDER
35001B,16,3.2,1.9235384061671343,8.397187028999651,30.79718702899965,9.600000000000001,21.19718702899965,REORDER
35001G,487,14.323529411764707,25.375627280779646,110.7770385928951,211.04174447524804,42.970588235294116,168.07115623995392,REORDER
35001P,2,1.0,0.0,0.0,7.0,3.0,4.0,REORDER
35001W,744,8.454545454545455,18.92386991776726,82.611958514825,141.7937766966432,25.363636363636367,116.43014033300682,REORDER
35004B,779,11.128571428571428,13.868869768450649,60.54440761522291,138.4444076152229,33.385714285714286,105.05869332950861,REORDER
35004C,2703,18.387755102040817,28.47480236250025,124.30645537676872,253.02074109105445,55.163265306122454,197.85747578493198,REORDER
35004G,225,5.357142857142857,5.954385260692544,25.99380730660061,63.49380730660061,16.07142857142857,47.42237873517204,REORDER
35004P,83,4.368421052631579,4.1527838897645175,18.128935144505434,48.70788251292649,13.105263157894736,35.60261935503175,REORDER
35004S,136,12.363636363636363,8.200886870000431,35.80088686052344,122.346341405978,37.09090909090909,85.2554323150689,REORDER
35015,2064,62.54545454545455,48.78530190352604,212.97173117869423,650.7899129968761,187.63636363636363,463.15354936051244,REORDER
35051B,14,7.0,1.4142135623730951,6.173734688177003,55.17373468817701,21.0,34.17373468817701,REORDER
35071,48,12.0,9.201449161228174,40.16883120032247,124.16883120032247,36.0,88.16883120032247,REORDER
35085E,39,4.333333333333333,2.0615528128088303,8.999687494574465,39.333020827907795,13.0,26.333020827907795,REORDER
35095A,854,19.86046511627907,53.885938352778716,235.23850687393647,374.2617626878899,59.581395348837205,314.68036733905274,REORDER
35095B,1052,22.382978723404257,53.735889226236125,234.5834689630341,391.2643200268639,67.14893617021278,324.11538385665114,REORDER
35096A,710,44.375,131.65504168090186,574.7387235735905,885.3637235735905,133.125,752.2387235735905,REORDER
35096B,288,16.0,31.856294973078153,139.06832641462503,251.06832641462503,48.0,203.06832641462503,REORDER
35160,2176,43.52,76.99516019775238,336.12157596407206,640.7615759640721,130.56,510.2015759640721,REORDER
35233,10,1.25,0.4629100498862757,2.0208290377961218,10.770829037796123,3.75,7.020829037796123,REORDER
35240,48,1.4545454545454546,0.7941547822570977,3.4668744929691355,13.648692674787316,4.363636363636363,9.285056311150953,REORDER
35241,184,3.2280701754385963,3.7369656515282226,16.313684923691326,38.910176151761505,9.68421052631579,29.225965625445717,REORDER
35265,4,1.0,0.0,0.0,7.0,3.0,4.0,REORDER
35271S,414,25.875,35.44361719689456,154.72874450146617,335.85374450146617,77.625,258.22874450146617,REORDER
35400,1229,12.29,14.575678510464071,63.62997387238188,149.6599738723819,36.87,112.78997387238189,REORDER
35443,8,2.0,1.4142135623730951,6.173734688177003,20.173734688177003,6.0,14.173734688177003,REORDER
35471A,360,7.826086956521739,12.908746987692899,56.35300154036779,111.13561023601997,23.47826086956522,87.65734936645475,REORDER
35471D,300,5.172413793103448,5.321712991049466,23.231883053244673,59.438779604968815,15.517241379310345,43.921538225658466,REORDER
35537,13,4.333333333333333,2.081665999466133,9.08749140302207,39.4208247363554,13.0,26.4208247363554,REORDER
35591T,14,2.3333333333333335,1.2110601416389968,5.286870529907083,21.62020386324042,7.0,14.62020386324042,REORDER
35594,138,6.9,5.139117270095076,22.4347633208634,70.73476332086341,20.700000000000003,50.034763320863405,REORDER
35596,29,7.25,8.539125638299666,37.27746470724639,88.0274647072464,21.75,66.2774647072464,REORDER
35597A,10,2.5,2.3804761428476167,10.39194399523015,27.89194399523015,7.5,20.39194399523015,REORDER
35597B,18,3.0,4.427188724235731,19.326846612937146,40.326846612937146,9.0,31.326846612937146,REORDER
35597D,12,2.4,1.949358868961793,8.509905992430234,25.309905992430235,7.199999999999999,18.109905992430235,REORDER
35598A,1,1.0,0.0,0.0,7.0,3.0,4.0,REORDER
35598B,391,16.291666666666668,24.37297000093888,106.39994860196127,220.44161526862794,48.875,171.56661526862794,REORDER
35598C,1,1.0,0.0,0.0,7.0,3.0,4.0,REORDER
35598D,1007,38.73076923076923,62.79780740905382,274.14317911940157,545.2585637347862,116.19230769230771,429.06625604247847,REORDER
35599B,40,3.076923076923077,2.8711652240144145,12.534042106936674,34.072503645398214,9.230769230769232,24.84173441462898,REORDER
35599D,136,7.555555555555555,8.514501278768112,37.169967320247075,90.05885620913597,22.666666666666664,67.39218954246931,REORDER
35600D,140,12.727272727272727,13.327347141054812,58.18039618290684,147.27130527381593,38.18181818181818,109.08948709199774,REORDER
35603B,48,48.0,0.0,0.0,336.0,144.0,192.0,REORDER
35603C,80,4.2105263157894735,3.1194541432832095,13.617944817505744,43.09162902803206,12.631578947368421,30.46005008066364,REORDER
35607A,521,20.84,22.797441376903098,99.5219946795682,245.4019946795682,62.519999999999996,182.8819946795682,REORDER
35607B,214,23.77777777777778,28.433157482848163,124.12465508511998,290.5690995295644,71.33333333333334,219.23576619623108,REORDER
35609A,427,23.72222222222222,12.337439697954094,53.85896547246992,219.91452102802546,71.16666666666666,148.7478543613588,REORDER
35610A,130,18.571428571428573,20.222571076704885,88.28142499982654,218.28142499982653,55.71428571428572,162.5671392855408,REORDER
35610B,155,12.916666666666666,16.91937207803976,73.86134391547448,164.27801058214112,38.75,125.52801058214112,REORDER
35610C,67,13.4,19.51409746824075,85.18859078538628,178.9885907853863,40.2,138.7885907853863,REORDER
35611B,59,29.5,26.16295090390226,114.21409173127456,320.71409173127455,88.5,232.21409173127455,REORDER
35633B,130,11.818181818181818,12.375929717141917,54.0269932533729,136.75426598064564,35.45454545454545,101.29972052610019,REORDER
35637A,375,19.736842105263158,54.97053969098474,239.9733228046291,378.1312175414712,59.21052631578947,318.9206912256817,REORDER
35637C,69,7.666666666666667,15.22333734763833,66.45732183138288,120.12398849804956,23.0,97.12398849804956,REORDER
35638A,1,1.0,0.0,0.0,7.0,3.0,4.0,REORDER
35638B,59,14.75,22.261701043121867,97.18322579025661,200.4332257902566,44.25,156.1832257902566,REORDER
35644,21,3.5,3.391164991562634,14.804095717064248,39.30409571706425,10.5,28.80409571706425,REORDER
35645,47,2.238095238095238,1.2611408289624877,5.505497252746568,21.172163919413236,6.714285714285714,14.457878205127521,REORDER
35646,24,3.4285714285714284,1.618347187425374,7.064877918265821,31.06487791826582,10.285714285714285,20.779163632551537,REORDER
35647,512,22.26086956521739,36.15649997052504,157.84082688086372,313.66691383738544,66.78260869565217,246.88430514173325,REORDER
35648,67,7.444444444444445,5.433946795633702,23.721838567025113,75.83294967813623,22.333333333333336,53.499616344802895,REORDER
35649,1760,117.33333333333333,445.580787394652,1945.1783215170788,2766.511654850412,352.0,2414.511654850412,REORDER
35650,2,1.0,0.0,0.0,7.0,3.0,4.0,REORDER
35651,7,1.75,0.9574271077563382,4.179638142231933,16.429638142231934,5.25,11.179638142231934,REORDER
35652,18,9.0,9.899494936611665,43.216142817239025,106.21614281723902,27.0,79.21614281723902,REORDER
35653,141,3.9166666666666665,2.5227535976162465,11.013054753337059,38.42972142000372,11.75,26.679721420003723,REORDER
35654,12,2.4,1.6733200530681511,7.304861394988956,24.10486139498896,7.199999999999999,16.90486139498896,REORDER
35751C,31,15.5,4.949747468305833,21.608071408619512,130.1080714086195,46.5,83.60807140861951,REORDER
35751D,28,28.0,0.0,0.0,196.0,84.0,112.0,REORDER
35793,101,20.2,21.93627133311402,95.76256575510077,237.1625657551008,60.599999999999994,176.5625657551008,REORDER
35809A,649,10.639344262295081,15.523136266967494,67.76609091476985,142.24150075083543,31.91803278688524,110.32346796395018,REORDER
35809B,73,4.5625,3.3260336739125176,14.519765623108384,46.457265623108384,13.6875,32.769765623108384,REORDER
35810A,515,11.444444444444445,13.28628061291995,58.001120678828265,138.1122317899394,34.333333333333336,103.77889845660604,REORDER
35810B,161,5.75,4.926308812743931,21.5057502000434,61.7557502000434,17.25,44.5057502000434,REORDER
35811A,391,9.30952380952381,10.132026246771815,44.23125584812667,109.39792251479335,27.92857142857143,81.46935108622192,REORDER
35815B,93,46.5,2.1213203435596424,9.260602032265503,334.7606020322655,139.5,195.26060203226552,REORDER
35815P,6,3.0,2.8284271247461903,12.347469376354006,33.347469376354006,9.0,24.347469376354006,REORDER
35816B,137,68.5,95.45941546018392,416.72709145194773,896.2270914519477,205.5,690.7270914519477,REORDER
35816P,214,42.8,62.84663873271187,274.3563517580739,573.9563517580739,128.39999999999998,445.5563517580739,REORDER
35817B,142,71.0,98.99494936611666,432.16142817239023,929.1614281723903,213.0,716.1614281723903,REORDER
35817P,400,57.142857142857146,82.92854066690705,362.0236870703352,762.0236870703352,171.42857142857144,590.5951156417638,REORDER
35818B,372,74.4,46.784612855083026,204.2377438183256,725.0377438183257,223.20000000000002,501.83774381832563,REORDER
35818P,288,96.0,41.569219381653056,181.46999752025127,853.4699975202512,288.0,565.4699975202512,REORDER
35819B,115,16.428571428571427,25.44836041121407,111.09455432198286,226.09455432198286,49.28571428571428,176.80884003626858,REORDER
35821B,150,50.0,24.24871130596428,105.8574985534799,455.8574985534799,150.0,305.8574985534799,REORDER
35821P,2,1.0,0.0,0.0,7.0,3.0,4.0,REORDER
35822B,229,229.0,0.0,0.0,1603.0,687.0,916.0,REORDER
35822P,114,114.0,0.0,0.0,798.0,342.0,456.0,REORDER
35823P,2,1.0,0.0,0.0,7.0,3.0,4.0,REORDER
35824B,527,105.4,142.67375371805426,622.8407970741802,1360.6407970741802,316.20000000000005,1044.4407970741802,REORDER
35824C,235,29.375,32.96291205929129,143.8992518656716,349.5242518656716,88.125,261.3992518656716,REORDER
35824P,324,108.0,156.0,681.0163874680256,1437.0163874680256,324.0,1113.0163874680256,REORDER
35832,1687,26.77777777777778,25.295954314069636,110.42922708028155,297.873671524726,80.33333333333334,217.54033819139264,REORDER
35833G,126,5.04,4.495182606598609,19.623673203556972,54.90367320355698,15.120000000000001,39.78367320355697,REORDER
35833P,126,4.064516129032258,3.776554725063288,16.486510614986557,44.938123518212365,12.193548387096774,32.74457513111559,REORDER
35837,2,2.0,0.0,0.0,14.0,6.0,8.0,REORDER
35838A,171,12.214285714285714,19.88110262933728,86.790748022515,172.290748022515,36.64285714285714,135.64789087965787,REORDER
35838B,97,5.705882352941177,7.1042654958337605,31.013597587092622,70.95477405768086,17.11764705882353,53.837126998857336,REORDER
35840,36,7.2,2.6832815729997477,11.71383797053724,62.11383797053724,21.6,40.51383797053724,REORDER
35909A,12,6.0,0.0,0.0,42.0,18.0,24.0,REORDER
35909B,8,2.0,1.1547005383792515,5.0408332644514235,19.04083326445142,6.0,13.040833264451422,REORDER
35910A,32,4.0,2.2677868380553634,9.9,37.9,12.0,25.9,REORDER
35910B,14,4.666666666666667,2.3094010767585034,10.081666528902849,42.74833319556952,14.0,28.748333195569522,REORDER
35911A,55,3.9285714285714284,2.5256921584232868,11.025883010165044,38.525883010165046,11.785714285714285,26.74016872445076,REORDER
35911B,40,5.0,3.703280399090206,16.166632302368978,51.16663230236898,15.0,36.16663230236898,REORDER
35912B,34,4.25,4.832922806867792,21.098074556698297,50.84807455669829,12.75,38.09807455669829,REORDER
35913B,63,7.0,5.172040216394301,22.578488102616614,71.57848810261662,21.0,50.57848810261662,REORDER
35914,40,4.444444444444445,4.0034707164881045,17.47711002997921,48.58822114109033,13.333333333333334,35.254887807756994,REORDER
35915A,288,288.0,0.0,0.0,2016.0,864.0,1152.0,REORDER
35915B,343,20.176470588235293,69.03553006796359,301.3738929091335,442.60918702678055,60.529411764705884,382.0797752620747,REORDER
35915C,339,22.6,73.44268902640053,320.61329978651855,478.81329978651854,67.80000000000001,411.01329978651853,REORDER
35916A,31,7.75,5.315072906367325,23.202895832201637,77.45289583220163,23.25,54.202895832201634,REORDER
35916B,31,7.75,5.315072906367325,23.202895832201637,77.45289583220163,23.25,54.202895832201634,REORDER
35916C,31,10.333333333333334,8.621678104251709,37.63784664403637,109.97117997736972,31.0,78.97117997736972,REORDER
35918B,10,2.5,1.7320508075688772,7.561249896677135,25.061249896677136,7.5,17.561249896677136,REORDER
35920,998,124.75,337.52280346243697,1473.452309628649,2346.702309628649,374.25,1972.452309628649,REORDER
35921,100,7.6923076923076925,5.375633534518132,23.46727262839431,77.31342647454815,23.076923076923077,54.23650339762507,REORDER
35922,48,4.8,5.633234713140695,24.59182791091382,58.19182791091382,14.399999999999999,43.791827910913824,REORDER
35923,188,7.833333333333333,6.012065164004119,26.245608328284927,81.07894166161826,23.5,57.57894166161826,REORDER
35924,1281,22.473684210526315,32.071964427762126,140.0098291897281,297.32561866341234,67.42105263157895,229.90456603183338,REORDER
35930,1,1.0,0.0,0.0,7.0,3.0,4.0,REORDER
35931,156,11.142857142857142,14.580583204844949,63.65138526500304,141.65138526500306,33.42857142857143,108.22281383643163,REORDER
35932,37,3.7,3.1989581637360205,13.96501879697983,39.86501879697983,11.100000000000001,28.76501879697983,REORDER
35933,90,12.857142857142858,16.077194732794354,70.18482742017679,160.1848274201768,38.57142857142857,121.61339884874822,REORDER
35936,36,4.0,2.8284271247461903,12.347469376354006,40.347469376354006,12.0,28.347469376354006,REORDER
35937,188,12.533333333333333,13.048627003124379,56.96364630183009,144.69697963516342,37.6,107.09697963516342,REORDER
35945,1,1.0,0.0,0.0,7.0,3.0,4.0,REORDER
35950,1,1.0,0.0,0.0,7.0,3.0,4.0,REORDER
35951,1339,39.38235294117647,29.148537783256998,127.24764039185213,402.92411098008745,118.14705882352942,284.77705215655806,REORDER
35953,333,15.136363636363637,11.226225480015021,49.007971290393144,154.9625167449386,45.40909090909091,109.55342583584769,REORDER
35954,1036,31.393939393939394,30.0488554211506,131.17796773372422,350.9355434913,94.18181818181819,256.7537253094818,REORDER
35955,135,45.0,76.2102355330306,332.694995453794,647.694995453794,135.0,512.694995453794,REORDER
35957,2929,57.431372549019606,54.44749944743497,237.68999602794543,639.7096038710827,172.2941176470588,467.4154862240239,REORDER
35958,1100,19.29824561403509,33.25333759418567,145.1671015361988,280.25482083444444,57.89473684210527,222.36008399233918,REORDER
35961,8013,52.372549019607845,121.02244693666836,528.322241124043,894.9300842612979,157.11764705882354,737.8124372024744,REORDER
35962,520,10.4,10.167976942442428,44.3881982384636,117.1881982384636,31.200000000000003,85.9881982384636,REORDER
35963,101,9.181818181818182,9.948046861753134,43.42809574457531,107.70082301730258,27.545454545454547,80.15536847184804,REORDER
35964,384,21.333333333333332,32.09361307176242,140.1043361213349,289.43766945466825,64.0,225.43766945466825,REORDER
35965,195,4.0625,4.382781833007968,19.132988788304985,47.570488788304985,12.1875,35.382988788304985,REORDER
35966,217,13.5625,12.537776251526159,54.73353262626121,149.6710326262612,40.6875,108.9835326262612,REORDER
35967,429,14.3,10.518128848933094,45.91678276681819,146.0167827668182,42.900000000000006,103.1167827668182,REORDER
35968,580,16.571428571428573,19.134640152914102,83.53207379768071,199.5320737976807,49.71428571428572,149.817788083395,REORDER
35969,450,12.5,16.66218987494055,72.73861766627134,160.23861766627135,37.5,122.73861766627135,REORDER
35970,3224,38.38095238095238,56.351287337772604,246.0009623842474,514.667629050914,115.14285714285714,399.5247719080569,REORDER
35971,1444,24.47457627118644,48.41428826293963,211.35207496578704,382.6741088640921,73.42372881355932,309.2503800505328,REORDER
35972,293,10.10344827586207,12.268847971259236,53.55952899859859,124.28366692963309,30.310344827586206,93.97332210204688,REORDER
35973,47,4.7,4.78539444560216,20.890589986881654,53.790589986881656,14.100000000000001,39.690589986881655,REORDER
35974,1,1.0,0.0,0.0,7.0,3.0,4.0,REORDER
35976B,1,1.0,0.0,0.0,7.0,3.0,4.0,REORDER
35979,83,5.533333333333333,4.533473387192314,19.790831210436814,58.52416454377015,16.6,41.92416454377015,REORDER
35980B,4,2.0,0.0,0.0,14.0,6.0,8.0,REORDER
35980C,375,15.625,18.623996909083864,81.302865995128,190.677865995128,46.875,143.802865995128,REORDER
35981C,563,12.795454545454545,14.68360824018995,64.10113999185829,153.66932181004012,38.38636363636363,115.28295817367649,REORDER
35991,387,9.214285714285714,10.785120088854386,47.08233026487465,111.58233026487466,27.64285714285714,83.93947312201752,REORDER
35995,4,1.0,0.0,0.0,7.0,3.0,4.0,REORDER
35999,1,1.0,0.0,0.0,7.0,3.0,4.0,REORDER
37112,9,3.0,1.0,4.365489663256574,25.365489663256575,9.0,16.365489663256575,REORDER
37326,1,1.0,0.0,0.0,7.0,3.0,4.0,REORDER
37327,167,20.875,22.509918448795602,98.26681630896567,244.39181630896567,62.625,181.76681630896567,REORDER
37330,498,24.9,17.764245580734116,77.54963045824606,251.84963045824605,74.69999999999999,177.14963045824607,REORDER
37333,108,5.142857142857143,10.160146230668701,44.354013347159466,80.35401334715947,15.42857142857143,64.92544191858804,REORDER
37340,11045,334.6969696969697,1206.2224215720046,5265.7515129609,7608.630300839688,1004.090909090909,6604.539391748779,REORDER
37342,36,4.5,1.4142135623730951,6.173734688177003,37.67373468817701,13.5,24.173734688177007,REORDER
37343,912,14.950819672131148,22.069908797204853,96.34595872321313,201.00169642813117,44.852459016393446,156.14923741173772,REORDER
37345,318,63.6,121.06527165128735,528.5091919730442,973.7091919730442,190.8,782.9091919730442,REORDER
37348,13,2.1666666666666665,1.8348478592697182,8.010009363290408,23.176676029957072,6.5,16.676676029957072,REORDER
37351,5391,898.5,2187.6396184015316,9550.118141062443,15839.618141062443,2695.5,13144.118141062443,REORDER
37352,4643,663.2857142857143,1739.4582216201413,7593.58688614939,12236.586886149391,1989.8571428571431,10246.729743292248,REORDER
37370,4753,30.664516129032258,43.02314046923791,187.8170749992937,402.4686879025195,91.99354838709678,310.4751395154227,REORDER
37379A,24,6.0,0.0,0.0,42.0,18.0,24.0,REORDER
37379B,1122,374.0,637.3946971853469,2782.5399619771865,5400.539961977187,1122.0,4278.539961977187,REORDER
37399,143,28.6,33.17077026540083,144.80665471586588,345.0066547158659,85.80000000000001,259.2066547158659,REORDER
37408,5,5.0,0.0,0.0,35.0,15.0,20.0,REORDER
37409,7,2.3333333333333335,2.3094010767585034,10.081666528902849,26.414999862236186,7.0,19.414999862236186,REORDER
37410,25685,1510.8823529411766,4770.996566263081,20827.73619345409,31403.912664042327,4532.64705882353,26871.265605218796,REORDER
37422,344,14.333333333333334,45.6838537423631,199.43239129001128,299.7657246233446,43.0,256.7657246233446,REORDER
37423,6013,286.3333333333333,886.2195175763923,3868.7821433559684,5873.115476689301,859.0,5014.115476689301,REORDER
37424,5153,122.69047619047619,460.3632440719509,2009.7109833393652,2868.5443166726986,368.07142857142856,2500.47288810127,REORDER
37432,6,6.0,0.0,0.0,42.0,18.0,24.0,REORDER
37438,1,1.0,0.0,0.0,7.0,3.0,4.0,REORDER
37441,674,18.72222222222222,33.60749160624,146.71315721502282,277.76871277057836,56.166666666666664,221.6020461039117,REORDER
37444A,2639,188.5,474.28760343195853,2070.4976301929482,3389.9976301929482,565.5,2824.4976301929482,REORDER
37444B,1994,142.42857142857142,356.5412295256305,1556.4770520189297,2553.4770520189295,427.2857142857142,2126.1913377332153,REORDER
37444C,1578,143.45454545454547,308.8541285579209,1348.299505673721,2352.481323855539,430.3636363636364,1922.1176874919024,REORDER
37446,2312,24.86021505376344,32.811249196979574,143.2371692079499,317.258674584294,74.58064516129032,242.6780294230037,REORDER
37447,1964,14.656716417910447,12.43938958298083,54.30402664172433,156.90104156709745,43.97014925373134,112.93089231336612,REORDER
37448,3065,18.46385542168675,18.780919255349037,81.98790887568258,211.23489682748982,55.39156626506025,155.84333056242957,REORDER
37449,1747,11.344155844155845,18.348970112371546,80.1022393569618,159.5113302660527,34.032467532467535,125.47886273358517,REORDER
37450,1690,11.575342465753424,10.516217765375767,45.908439951303066,126.93583721157704,34.726027397260275,92.20980981431677,REORDER
37451,1,1.0,0.0,0.0,7.0,3.0,4.0,REORDER
37461,710,11.09375,24.14948075290482,105.4243085998196,183.0805585998196,33.28125,149.7993085998196,REORDER
37462B,119,23.8,19.00526242912736,82.96727668183402,249.56727668183402,71.4,178.167276681834,REORDER
37462E,54,10.8,12.11197754291181,52.874712765177264,128.4747127651773,32.400000000000006,96.07471276517728,REORDER
37464,273,6.825,8.664361133179634,37.82417896561771,85.59917896561771,20.475,65.12417896561772,REORDER
37467,84,6.0,5.56085217597779,24.275842693128872,66.27584269312888,18.0,48.27584269312888,REORDER
37471,1372,457.3333333333333,392.59818304894554,1713.8833099134845,4915.2166432468175,1372.0,3543.2166432468175,REORDER
37474,58,1.5675675675675675,1.3237266531471865,5.778715021291264,16.751687994264238,4.702702702702703,12.048985291561536,REORDER
37475,38,1.7272727272727273,1.315903389919538,5.744562646538029,17.835471737447122,5.181818181818182,12.65365355562894,REORDER
37476,27,1.6875,1.4476993242152645,6.319916435365266,18.132416435365265,5.0625,13.069916435365265,REORDER
37477B,11,1.375,1.0606601717798212,4.630301016132751,14.255301016132751,4.125,10.130301016132751,REORDER
37477C,6,6.0,0.0,0.0,42.0,18.0,24.0,REORDER
37479B,1116,124.0,187.12495824982835,816.8920709769437,1684.8920709769436,372.0,1312.8920709769436,REORDER
37479P,9,3.0,2.6457513110645907,11.55,32.55,9.0,23.549999999999997,REORDER
37481,6,6.0,0.0,0.0,42.0,18.0,24.0,REORDER
37482B,1249,178.42857142857142,231.72674794741695,1011.6007228645103,2260.6007228645103,535.2857142857142,1725.315008578796,REORDER
37482P,160,6.153846153846154,3.874968982506133,16.91613703857037,59.99306011549345,18.461538461538463,41.53152165395498,REORDER
37483,143,17.875,42.11018709460761,183.83158647930992,308.9565864793099,53.625,255.33158647930992,REORDER
37484,1,1.0,0.0,0.0,7.0,3.0,4.0,REORDER
37485,49,3.2666666666666666,5.787507070858583,25.265302293857477,48.13196896052415,9.8,38.33196896052415,REORDER
37488A,3,1.5,0.7071067811865476,3.0868673440885015,13.586867344088501,4.5,9.086867344088501,REORDER
37489A,11,1.375,0.5175491695067657,2.2593555497088103,11.884355549708811,4.125,7.759355549708811,REORDER
37489B,8,1.3333333333333333,0.5163977794943222,2.2543291685111115,11.587662501844443,4.0,7.587662501844443,REORDER
37489C,3,1.0,0.0,0.0,7.0,3.0,4.0,REORDER
37489D,7,1.4,0.5477225575051661,2.391077163121257,12.191077163121257,4.199999999999999,7.991077163121258,REORDER
37491A,7,1.75,0.9574271077563381,4.179638142231933,16.429638142231934,5.25,11.179638142231934,REORDER
37491B,6,1.5,0.5773502691896257,2.5204166322257118,13.02041663222571,4.5,8.52041663222571,REORDER
37491C,8,1.3333333333333333,0.5163977794943222,2.2543291685111115,11.587662501844443,4.0,7.587662501844443,REORDER
37491D,12,3.0,3.366501646120693,14.696428137476127,35.696428137476126,9.0,26.696428137476126,REORDER
37492A,107,10.7,17.301573467301882,75.52984012958058,150.42984012958055,32.099999999999994,118.32984012958056,REORDER
37492B,488,12.2,27.066110894887707,118.15682733618843,203.5568273361884,36.599999999999994,166.9568273361884,REORDER
37492C,241,10.478260869565217,21.529830395011118,93.98825204108824,167.33607812804476,31.43478260869565,135.9012955193491,REORDER
37492D,359,17.95,37.320059513688655,162.920334039128,288.570334039128,53.849999999999994,234.720334039128,REORDER
37494A,192,9.6,11.887189035171215,51.893400858216836,119.09340085821684,28.799999999999997,90.29340085821684,REORDER
37495,1092,7.328859060402684,8.799142274707368,38.412564645758955,89.71457806857774,21.98657718120805,67.72800088736969,REORDER
37500,489,4.613207547169812,11.87359676297992,51.83406393446556,84.12651676465424,13.839622641509436,70.2868941231448,REORDER
37501,337,3.5104166666666665,3.719068337399249,16.235554383861235,40.8084710505279,10.53125,30.2772210505279,REORDER
37502,806,8.06,12.012468270068144,52.44030606318007,108.86030606318008,24.18,84.68030606318007,REORDER
37503,2384,13.780346820809248,20.881400032585855,91.15753599657906,187.61996374224378,41.34104046242774,146.27892327981604,REORDER
37506,28,1.2727272727272727,0.6310850959010188,2.7549954627911815,11.664086371882089,3.8181818181818183,7.8459045537002705,REORDER
37508,87,2.289473684210526,2.3005039957417805,10.04282641369119,26.069142203164873,6.868421052631579,19.200721150533294,REORDER
37509,28,2.0,1.1094003924504583,4.843075945655262,18.84307594565526,6.0,12.843075945655261,REORDER
40001,1402,37.891891891891895,49.23626925560273,214.9404244926512,480.18366773589446,113.67567567567568,366.5079920602188,REORDER
40002,78,78.0,0.0,0.0,546.0,234.0,312.0,REORDER
40003,983,27.305555555555557,35.811266738232334,156.33371477387723,347.4726036627661,81.91666666666667,265.55593699609943,REORDER
40005B,22,2.2,1.0327955589886444,4.508658337022223,19.908658337022224,6.6000000000000005,13.308658337022223,REORDER
40016,10023,99.23762376237623,172.39455609240406,752.5866526230956,1447.2500189597292,297.7128712871287,1149.5371476726004,REORDER
40018E,334,8.146341463414634,12.606666838640889,55.034273772206234,112.05866401610868,24.4390243902439,87.61963962586478,REORDER
40018F,1064,14.985915492957746,40.5608864927589,177.06813071666215,281.9695391673664,44.95774647887324,237.01179268849316,REORDER
40046A,271,10.423076923076923,10.889161866454467,47.536523569534644,120.49806203107312,31.26923076923077,89.22883126184234,REORDER
40046C,3,1.0,0.0,0.0,7.0,3.0,4.0,REORDER
44089A,24,4.0,3.03315017762062,13.241185747507659,41.24118574750766,12.0,29.241185747507657,REORDER
44089C,44,4.4,2.3664319132398464,10.330634056049028,41.13063405604903,13.200000000000001,27.93063405604903,REORDER
44091A,9,3.0,2.6457513110645907,11.55,32.55,9.0,23.549999999999997,REORDER
44091C,48,4.8,7.036413227711339,30.71738921197568,64.31738921197568,14.399999999999999,49.91738921197568,REORDER
44092B,1,1.0,0.0,0.0,7.0,3.0,4.0,REORDER
44092C,3,1.5,0.7071067811865476,3.0868673440885015,13.586867344088501,4.5,9.086867344088501,REORDER
44217M,72,72.0,0.0,0.0,504.0,216.0,288.0,REORDER
44228,12,12.0,0.0,0.0,84.0,36.0,48.0,REORDER
44230,207,5.175,6.287502867410265,27.448028775375587,63.673028775375585,15.524999999999999,48.148028775375586,REORDER
44234,521,24.80952380952381,46.99640310451328,205.1623119629919,378.8289786296586,74.42857142857143,304.40040720108715,REORDER
44235,283,28.3,66.55165078510241,290.5305435750259,488.63054357502585,84.9,403.7305435750259,REORDER
44236,12,2.0,1.2649110640673518,5.521956175124899,19.5219561751249,6.0,13.521956175124899,REORDER
44241C,68,11.333333333333334,18.107088851239084,79.04630921175259,158.37964254508591,34.0,124.37964254508591,REORDER
44242A,2,2.0,0.0,0.0,14.0,6.0,8.0,REORDER
44242B,54,10.8,16.407315441594946,71.62596596207271,147.22596596207273,32.400000000000006,114.82596596207273,REORDER
44265,6,2.0,1.0,4.365489663256574,18.365489663256575,6.0,12.365489663256575,REORDER
45008C,68,3.4,4.147288270665544,18.104944076135666,41.90494407613566,10.2,31.704944076135664,REORDER
45013,45,7.5,8.384509526501834,36.60248966942003,89.10248966942004,22.5,66.60248966942004,REORDER
45014,1,1.0,0.0,0.0,7.0,3.0,4.0,REORDER
45016,73,12.166666666666666,12.188792666489435,53.21004839313717,138.37671505980381,36.5,101.87671505980381,REORDER
46000M,1497,11.088888888888889,10.018242067815752,43.734532191051834,121.35675441327405,33.266666666666666,88.09008774660738,REORDER
46000P,197,5.184210526315789,5.496216207822382,23.993675042271857,60.28314872648238,15.552631578947368,44.73051714753501,REORDER
46000R,144,6.0,6.587207629020517,28.756386814213915,70.75638681421391,18.0,52.75638681421391,REORDER
46000S,1915,13.776978417266188,13.60415706152363,59.38880702940034,155.82765595026365,41.330935251798564,114.49672069846508,REORDER
46000U,144,6.0,5.687514930701854,24.828787639596378,66.82878763959638,18.0,48.828787639596385,REORDER
46037A,6,3.0,1.4142135623730951,6.173734688177003,27.173734688177003,9.0,18.173734688177003,REORDER
46115B,280,14.0,14.664672910738492,64.0184780068676,162.0184780068676,42.0,120.01847800686761,REORDER
46118,131,8.1875,6.493265742290238,28.346284478746064,85.65878447874607,24.5625,61.09628447874607,REORDER
46126A,249,9.222222222222221,15.343084970443734,66.98007884093943,131.53563439649497,27.666666666666664,103.86896772982831,REORDER
46137D,43,14.333333333333334,14.011899704655802,61.16880332326275,161.5021366565961,43.0,118.5021366565961,REORDER
46138B,16,2.2857142857142856,1.1126972805283737,4.857468476480316,20.857468476480317,6.857142857142857,14.00032561933746,REORDER
46138D,1,1.0,0.0,0.0,7.0,3.0,4.0,REORDER
46307,12,3.0,2.0,8.730979326513149,29.73097932651315,9.0,20.73097932651315,REORDER
46775A,5,1.25,0.5,2.182744831628287,10.932744831628288,3.75,7.182744831628288,REORDER
46775B,5,1.25,0.5,2.182744831628287,10.932744831628288,3.75,7.182744831628288,REORDER
46775D,28,1.6470588235294117,0.8617697249402124,3.7620468263339584,15.291458591039842,4.9411764705882355,10.350282120451606,REORDER
46775E,15,1.875,0.8345229603962802,3.6431013573602367,16.768101357360237,5.625,11.143101357360237,REORDER
46776A,176,12.571428571428571,31.558771268160047,137.76948975623128,225.76948975623128,37.714285714285715,188.05520404194556,REORDER
46776B,179,14.916666666666666,33.730100755403875,147.2484061883184,251.66507285498506,44.75,206.91507285498506,REORDER
46776C,91,8.272727272727273,17.42464294664834,76.06709866952991,133.97618957862082,24.81818181818182,109.158007760439,REORDER
46776D,11,2.75,2.362907813126304,10.315249633431078,29.56524963343108,8.25,21.31524963343108,REORDER
46776E,79,13.166666666666666,23.31022665412472,101.76055350674935,193.927220173416,39.5,154.427220173416,REORDER
46776F,153,17.0,38.7556447501522,169.18736654963337,288.18736654963334,51.0,237.18736654963334,REORDER
47013A,127,6.0476190476190474,6.192545441708042,27.033493115023074,69.3668264483564,18.142857142857142,51.22396930549927,REORDER
47013C,95,6.333333333333333,4.937707198786941,21.555509736491967,65.8888430698253,19.0,46.8888430698253,REORDER
47016,29,7.25,11.176612486199325,48.791386278727515,99.54138627872751,21.75,77.79138627872751,REORDER
47021G,115,4.107142857142857,4.901543866490666,21.397639083163664,50.14763908316366,12.32142857142857,37.82621051173509,REORDER
47310M,309,8.82857142857143,13.322881057183748,58.16089953993247,119.96089953993248,26.485714285714288,93.47518525421819,REORDER
47341A,2,1.0,0.0,0.0,7.0,3.0,4.0,REORDER
47341B,3,1.0,0.0,0.0,7.0,3.0,4.0,REORDER
47343A,47,4.2727272727272725,4.002272081978163,17.47187740341604,47.38096831250695,12.818181818181817,34.56278649432514,REORDER
47344B,10,2.5,1.2909944487358056,5.635822921277779,23.13582292127778,7.5,15.635822921277779,REORDER
47347B,236,33.714285714285715,53.18744928932728,232.1892600875415,468.18926008754147,101.14285714285714,367.04640294468436,REORDER
47348A,7,3.5,3.5355339059327378,15.43433672044251,39.93433672044251,10.5,29.43433672044251,REORDER
47351B,12,2.4,2.073644135332772,9.052472038067833,25.852472038067834,7.199999999999999,18.652472038067835,REORDER
47367B,96,3.6923076923076925,5.453580334196834,23.807548576675615,49.65370242282946,11.076923076923077,38.57677934590639,REORDER
47369A,17,2.8333333333333335,1.9407902170679516,8.472499631159627,28.305832964492964,8.5,19.805832964492964,REORDER
47369B,20,2.5,1.7728105208558367,7.739186003708658,25.23918600370866,7.5,17.73918600370866,REORDER
47420,160,10.0,12.591002078203836,54.965889422440895,124.9658894224409,30.0,94.9658894224409,REORDER
47421,491,28.88235294117647,36.88645136249416,161.02742213718463,363.2038927254199,86.64705882352942,276.5568339018905,REORDER
47422,558,29.36842105263158,39.23605276091505,171.28458275476422,376.8635301231852,88.10526315789474,288.7582669652905,REORDER
47469,739,49.266666666666666,97.54227410766696,425.81978934755955,770.6864560142262,147.8,622.8864560142263,REORDER
47471,121,6.368421052631579,8.091219701460957,35.322135969865755,79.90108333828681,19.105263157894736,60.79582018039207,REORDER
47480,963,21.886363636363637,39.518153561217275,172.51609088248,325.72063633702544,65.6590909090909,260.06154542793456,REORDER
47481,95,5.9375,4.986231041578399,21.76734007061956,63.32984007061956,17.8125,45.51734007061956,REORDER
47502,617,11.865384615384615,31.493559158606086,137.48480696605426,220.54249927374656,35.59615384615385,184.94634542759272,REORDER
47503A,116,4.461538461538462,4.835127871986586,21.107700745681196,52.338469976450426,13.384615384615385,38.95385459183504,REORDER
47503E,6828,310.3636363636364,1426.2606635953612,6226.3261840350115,8398.871638580466,931.0909090909091,7467.7807294895565,REORDER
47503F,2567,256.7,789.6371951725678,3447.153013248759,5244.053013248759,770.0999999999999,4473.95301324876,REORDER
47503G,235,10.681818181818182,8.598927749525428,37.538530205643376,112.31125747837063,32.04545454545455,80.26580293291609,REORDER
47503H,53,3.533333333333333,4.580496957858653,19.996112122110137,44.72944545544347,10.6,34.12944545544347,REORDER
47503J,280,7.368421052631579,6.890734290419738,30.081429317074996,81.66037668549605,22.105263157894736,59.55511352760131,REORDER
47503K,3141,104.7,524.3383449643941,2288.993624991122,3021.893624991122,314.1,2707.793624991122,REORDER
47504E,4372,132.4848484848485,725.9162366111929,3168.9798273162764,4096.373766710216,397.4545454545455,3698.9192212556704,REORDER
47504F,526,75.14285714285714,179.5266262252191,783.7216310655206,1309.7216310655206,225.42857142857142,1084.2930596369492,REORDER
47504G,256,7.111111111111111,7.432660657156656,32.4472032693112,82.22498104708897,21.333333333333332,60.891647713755646,REORDER
47504H,44,2.75,3.6606010435446255,15.980316016900293,35.23031601690029,8.25,26.98031601690029,REORDER
47504J,3,3.0,0.0,0.0,21.0,9.0,12.0,REORDER
47504K,639,7.7926829268292686,19.612126385351836,85.61653500973497,140.16531549753984,23.378048780487806,116.78726671705203,REORDER
47505,716,8.95,9.968177213614599,43.51597458754425,106.16597458754424,26.849999999999998,79.31597458754425,REORDER
47518F,73,24.333333333333332,23.501772982763097,102.59674702445493,272.93008035778826,73.0,199.93008035778826,REORDER
47552A,12,1.3333333333333333,1.0,4.365489663256574,13.698822996589907,4.0,9.698822996589907,REORDER
47554,1,1.0,0.0,0.0,7.0,3.0,4.0,REORDER
47556,1,1.0,0.0,0.0,7.0,3.0,4.0,REORDER
47556B,2541,11.55,17.651684437195204,77.0582459496426,157.9082459496426,34.650000000000006,123.2582459496426,REORDER
47559B,3064,15.474747474747474,16.09826641002032,70.27681560929423,178.60004793252654,46.42424242424242,132.1758055082841,REORDER
47562,104,3.0588235294117645,1.5558526157235564,6.792058511491889,28.20382321737424,9.176470588235293,19.027352629138946,REORDER
47563A,27,1.5,0.9235481451827989,4.031739881315291,14.531739881315291,4.5,10.031739881315291,REORDER
47563B,8,1.3333333333333333,0.816496580927726,3.564407384124323,12.897740717457655,4.0,8.897740717457655,REORDER
47566,8312,41.148514851485146,52.345272803263114,228.5127473429906,516.5523513033866,123.44554455445544,393.10680674893115,REORDER
47566B,3351,20.30909090909091,41.39733380448231,180.7196328098495,322.8832691734858,60.92727272727272,261.9559964462131,REORDER
47567B,1563,11.408759124087592,20.73982909642471,90.53950953815001,170.40082340676315,34.22627737226277,136.1745460345004,REORDER
47568,2262,13.962962962962964,17.91522094412683,78.20871184654337,175.9494525872841,41.88888888888889,134.0605636983952,REORDER
47569,1,1.0,0.0,0.0,7.0,3.0,4.0,REORDER
47570,207,3.9056603773584904,7.719266981300242,33.69838021478399,61.03800285629342,11.716981132075471,49.32102172421794,REORDER
47570B,752,6.319327731092437,13.330818615822256,58.19555087012038,102.43084498776744,18.95798319327731,83.47286179449013,REORDER
47574A,21,1.9090909090909092,1.1361818036340359,4.959989919344594,18.323626282980957,5.7272727272727275,12.59635355570823,REORDER
47574B,45,2.142857142857143,1.6818357317441643,7.3420365022247065,22.34203650222471,6.428571428571429,15.91346507365328,REORDER
47578A,96,4.8,2.8764012603470883,12.556899969423396,46.1568999694234,14.399999999999999,31.7568999694234,REORDER
47579,170,4.473684210526316,3.95745510708698,17.27622936279015,48.59201883647437,13.421052631578949,35.17096620489542,REORDER
47580,1230,8.482758620689655,17.316138686318936,75.59342444264259,134.9727347874702,25.448275862068964,109.52445892540122,REORDER
47581B,33,1.32,0.5567764362830021,2.4306017773382784,11.670601777338279,3.96,7.710601777338279,REORDER
47583A,70,14.0,29.068883707497267,126.89991134748676,224.89991134748675,42.0,182.89991134748675,REORDER
47583B,27,5.4,7.700649323271382,33.617105021104955,71.41710502110496,16.200000000000003,55.217105021104956,REORDER
47585A,811,17.25531914893617,52.60619408277119,229.6517964916068,350.43903053416,51.765957446808514,298.6730730873515,REORDER
47586A,180,10.0,18.288537072037613,79.83841954406486,149.83841954406486,30.0,119.83841954406486,REORDER
47587A,2676,334.5,836.0606608203908,3649.814172666877,5991.314172666876,1003.5,4987.814172666876,REORDER
47589,135,2.4545454545454546,1.5494106623724393,6.763936230726405,23.945754412544588,7.363636363636363,16.582118048908224,REORDER
47590A,2806,19.351724137931033,42.48717633894614,185.4773291286287,320.93939809414593,58.0551724137931,262.8842256803528,REORDER
47590B,3398,15.953051643192488,34.76155505703347,151.7512092802039,263.42257078255136,47.859154929577464,215.5634158529739,REORDER
47591A,98,2.8823529411764706,3.6412177939767494,15.895698641271407,36.0721692295067,8.647058823529411,27.425110405977286,REORDER
47591B,631,6.0673076923076925,13.746148214658449,60.00866794068427,102.47982178683812,18.201923076923077,84.27789870991504,REORDER
47591C,995,9.851485148514852,14.580388292918581,63.65053437900324,132.6109304186072,29.554455445544555,103.05647497306265,REORDER
47591D,6138,23.698841698841697,28.214743359442146,123.17117048708177,289.06306237897365,71.09652509652508,217.96653728244857,REORDER
47592A,194,5.705882352941177,6.1522570963573315,26.857614759844836,66.79879123043307,17.11764705882353,49.68114417160954,REORDER
47592B,47,2.764705882352941,1.7149858514250884,7.486753007027499,26.839694183498086,8.294117647058822,18.545576536439263,REORDER
47593A,157,5.233333333333333,6.641994576482502,28.995558667040594,65.62889200037392,15.7,49.92889200037392,REORDER
47593B,169,5.633333333333334,5.898470481657809,25.749711916701195,65.18304525003452,16.900000000000002,48.28304525003452,REORDER
47594A,229,5.204545454545454,3.669988565057564,16.021297145028623,52.4531153268468,15.613636363636363,36.83947896321044,REORDER
47594B,222,4.723404255319149,4.1791518156490035,18.24404405239567,51.30787383962971,14.170212765957448,37.13766107367226,REORDER
47597,124,3.5428571428571427,3.211586167968363,14.020146218923681,38.82014621892368,10.628571428571428,28.191574790352256,REORDER
47598,120,5.714285714285714,4.451324040584522,19.432209086977217,59.43220908697722,17.142857142857142,42.28935194412007,REORDER
47599A,3544,26.251851851851853,61.44075152565755,268.2189656879736,451.98192865093654,78.75555555555556,373.22637309538095,REORDER
47599B,2065,16.653225806451612,33.56538198141581,146.5293280831292,263.1019087282905,49.95967741935483,213.14223130893566,REORDER
48103,35,3.5,5.816642788871716,25.39249396967537,49.89249396967537,10.5,39.39249396967537,REORDER
48111,2994,14.325358851674642,39.01934157951017,170.33853233242908,270.6160442941516,42.97607655502392,227.63996773912768,REORDER
48116,1896,12.473684210526315,37.31234679597084,162.88666424965527,250.2024537233395,37.421052631578945,212.78140109176053,REORDER
48129,2204,11.360824742268042,34.22167466581459,149.39436701294298,228.92014020881928,34.08247422680412,194.83766598201515,REORDER
48138,6342,22.81294964028777,34.83205054341226,152.05895659729677,311.74960407931115,68.43884892086331,243.31075515844785,REORDER
48173A,1,1.0,0.0,0.0,7.0,3.0,4.0,REORDER
48173C,2270,12.752808988764045,40.96692365644402,178.8406817576276,268.11034467897593,38.258426966292134,229.85191771268381,REORDER
48175,38,38.0,0.0,0.0,266.0,114.0,152.0,REORDER
48179,28,5.6,9.181503144910424,40.08175707226419,79.28175707226418,16.799999999999997,62.48175707226419,REORDER
48184,2673,13.707692307692307,34.35085335316147,149.95829523726883,245.91214139111497,41.12307692307692,204.78906446803805,REORDER
48185,2996,11.749019607843136,29.591173485477814,129.17996197448542,211.4230992293874,35.24705882352941,176.17604040585798,REORDER
48187,3477,14.795744680851064,31.51639078000178,137.5844781732526,241.15469093921004,44.38723404255319,196.76745689665685,REORDER
48188,2747,13.666666666666666,43.923380258506214,191.74706249379673,287.4137291604634,41.0,246.4137291604634,REORDER
48189,1226,8.820143884892087,35.60354399363472,155.42690327951308,217.16791047375767,26.46043165467626,190.70747881908142,REORDER
48194,4276,15.549090909090909,38.64257359048547,168.6937555708958,277.53739193453214,46.64727272727273,230.8901192072594,REORDER
48195,253,4.6,16.247620908464878,70.92882112841482,103.12882112841481,13.799999999999999,89.32882112841482,REORDER
48197,785,7.85,24.306284260360627,106.10883269078029,161.0588326907803,23.549999999999997,137.5088326907803,REORDER
51008,2317,50.369565217391305,76.1169739270208,332.28786287677946,684.8748193985186,151.1086956521739,533.7661237463448,REORDER
51012C,170,9.444444444444445,12.622213016658707,55.10214045164617,121.21325156275728,28.333333333333336,92.87991822942394,REORDER
51012L,10,2.0,0.7071067811865476,3.0868673440885015,17.086867344088503,6.0,11.086867344088503,REORDER
51014A,2499,32.88157894736842,54.930736291020935,239.79956147352468,469.9706141051036,98.64473684210526,371.32587726299835,REORDER
51014C,1465,23.253968253968253,36.23888851014321,158.20049319893764,320.9782709767154,69.76190476190476,251.21636621481065,REORDER
51014L,1326,25.0188679245283,40.20595562755011,175.5186836934225,350.6507591651206,75.0566037735849,275.59415539153565,REORDER
51020A,978,31.548387096774192,67.76470994535794,295.82614080004004,516.6648504774594,94.64516129032258,422.0196891871368,REORDER
51020B,890,19.77777777777778,42.42795438306345,185.21879629238495,323.6632407368294,59.333333333333336,264.32990740349607,REORDER
62018,5149,93.61818181818182,180.9673073512626,790.0109096293124,1445.338182356585,280.8545454545455,1164.4836369020395,REORDER
62043B,37,7.4,11.717508267545622,51.152661221093865,102.95266122109388,22.200000000000003,80.75266122109387,REORDER
62074B,18,3.0,2.0976176963403033,9.157128370837663,30.15712837083766,9.0,21.15712837083766,REORDER
62086A,24,2.6666666666666665,2.1213203435596424,9.260602032265503,27.927268698932167,8.0,19.927268698932167,REORDER
62094B,238,10.347826086956522,14.658564656423946,63.9918124857969,136.42659509449254,31.043478260869563,105.38311683362298,REORDER
62095B,289,17.0,29.77414986191881,129.97874345445874,248.97874345445874,51.0,197.97874345445874,REORDER
62096A,243,5.785714285714286,4.881701594010194,21.31101784775465,61.81101784775465,17.357142857142858,44.453874990611794,REORDER
62096B,207,4.928571428571429,5.1674065634837065,22.5582599387323,57.0582599387323,14.785714285714286,42.272545653018014,REORDER
62097A,1,1.0,0.0,0.0,7.0,3.0,4.0,REORDER
62097B,2,2.0,0.0,0.0,14.0,6.0,8.0,REORDER
70006,1587,24.045454545454547,52.43587492376739,228.90826996352118,397.22645178170296,72.13636363636364,325.09008814533934,REORDER
70007,379,7.895833333333333,11.875667207833237,51.84310244007106,107.11393577340439,23.6875,83.42643577340439,REORDER
71028B,483,69.0,51.536394906900505,224.98159924758292,707.981599247583,207.0,500.98159924758295,REORDER
71038,485,5.843373493975903,4.586517696282579,20.022395593464957,60.92601005129628,17.53012048192771,43.39588956936857,REORDER
71050,18,9.0,4.242640687119285,18.521204064531005,81.521204064531,27.0,54.521204064531005,REORDER
71053,2920,14.747474747474747,22.462984073564385,98.06192477904239,201.29424801136562,44.24242424242424,157.05182376894138,REORDER
71101A,6,6.0,0.0,0.0,42.0,18.0,24.0,REORDER
71101E,431,17.24,18.296812108488552,79.8745441301545,200.5545441301545,51.72,148.8345441301545,REORDER
71143,68,6.181818181818182,3.6828842452127604,16.077593103446798,59.35032037617407,18.545454545454547,40.80486583071952,REORDER
71215,167,16.7,17.275866275112097,75.41761564780472,192.3176156478047,50.099999999999994,142.2176156478047,REORDER
71270,121,5.260869565217392,6.607278296107516,28.84400510391687,65.6700920604386,15.782608695652176,49.88748336478643,REORDER
71279,102,3.923076923076923,2.978900158421923,13.004357849464276,40.46589631100274,11.769230769230768,28.69666554177197,REORDER
71403,76,4.75,3.623994113313836,15.820508841374226,49.07050884137423,14.25,34.82050884137423,REORDER
71406C,81,6.75,4.454313537562111,19.445259705131225,66.69525970513122,20.25,46.44525970513122,REORDER
71434B,1,1.0,0.0,0.0,7.0,3.0,4.0,REORDER
71459,19183,88.40092165898618,136.8380043832526,597.3648936757471,1216.1713452886504,265.2027649769585,950.9685803116919,REORDER
71477,8831,45.05612244897959,106.56343681060353,465.2015818777849,780.5944390206421,135.1683673469388,645.4260716737033,REORDER
71495A,117,16.714285714285715,35.183870763529725,153.59482413154421,270.5948241315442,50.142857142857146,220.45196698868708,REORDER
71495B,140,20.0,35.21836642056717,153.74541456576844,293.74541456576844,60.0,233.74541456576844,REORDER
71496A,126,31.5,43.09292285283048,188.1217092735445,408.6217092735445,94.5,314.1217092735445,REORDER
71496B,2,1.0,0.0,0.0,7.0,3.0,4.0,REORDER
71510,125,15.625,24.5818603271367,107.31185716173215,216.68685716173215,46.875,169.81185716173215,REORDER
72008,3699,28.8984375,44.08007028084877,192.43109116666866,394.7201536666687,86.6953125,308.0248411666687,REORDER
72023F,613,21.137931034482758,61.044903927899696,266.49089709173677,414.4564143331161,63.41379310344827,351.0426212296678,REORDER
72024U,146,20.857142857142858,8.315218406202998,36.3,182.3,62.57142857142857,119.72857142857144,REORDER
72038P,1050,116.66666666666667,79.05694150420949,345.12226094530615,1161.788927611973,350.0,811.7889276119729,REORDER
72045D,536,178.66666666666666,281.7487060011693,1229.9710636840202,2480.637730350687,536.0,1944.637730350687,REORDER
72051S,100,7.142857142857143,10.712014411269841,46.76318818505395,96.76318818505395,21.42857142857143,75.33461675648252,REORDER
72083A,24,4.8,6.260990336999411,27.33228859792023,60.932288597920234,14.399999999999999,46.532288597920235,REORDER
72084B,2,2.0,0.0,0.0,14.0,6.0,8.0,REORDER
72122,241,5.239130434782608,4.835906361600093,21.111099234041916,57.785012277520174,15.717391304347824,42.06762097317235,REORDER
72127,217,7.0,9.926395787662978,43.33357820443633,92.33357820443632,21.0,71.33357820443632,REORDER
72128,507,11.790697674418604,26.191200030267236,114.3374130004169,196.87229672134714,35.372093023255815,161.50020369809133,REORDER
72129,73,4.294117647058823,4.0890815882413145,17.850843405680234,47.909666935092,12.882352941176471,35.02731399391553,REORDER
72130,587,20.964285714285715,31.107319780324115,135.7986829526217,282.5486829526217,62.892857142857146,219.65582580976454,REORDER
72131,623,18.323529411764707,31.419662429214217,137.16221155774562,265.4269174400986,54.970588235294116,210.45632920480446,REORDER
72132,532,38.0,49.48037684080116,216.00607363255747,482.00607363255745,114.0,368.00607363255745,REORDER
72133,66,4.4,5.7296222762562135,25.012606821361103,55.81260682136111,13.200000000000001,42.612606821361105,REORDER
72134,222,20.181818181818183,30.98973437065307,135.28536506215298,276.55809233488026,60.54545454545455,216.0126377894257,REORDER
72140E,185,10.277777777777779,22.556609975676114,98.4706476869242,170.41509213136865,30.833333333333336,139.5817587980353,REORDER
72140F,175,13.461538461538462,18.888335839062975,82.45683486154812,176.68760409231734,40.38461538461539,136.30298870770196,REORDER
72225C,1277,70.94444444444444,127.76194417386175,557.743446648557,1054.354557759668,212.83333333333331,841.5212244263348,REORDER
72225D,960,96.0,170.45820602130013,744.1335364032453,1416.1335364032452,288.0,1128.1335364032452,REORDER
72232,3061,57.75471698113208,122.7834093121795,536.0097041717206,940.2927230396451,173.26415094339623,767.0285720962489,REORDER
72267,247,11.227272727272727,15.972988563082476,69.72991646345204,148.32082555436114,33.68181818181818,114.63900737254295,REORDER
72349B,1257,10.652542372881356,15.335215669658554,66.94572548970467,141.51352209987417,31.95762711864407,109.5558949812301,REORDER
72351A,2429,14.72121212121212,28.98392907911671,126.52904279544563,229.57752764393047,44.163636363636364,185.4138912802941,REORDER
72351B,3649,19.618279569892472,39.088942090837875,170.64237264518758,307.97032963443485,58.854838709677416,249.11549092475744,REORDER
72369A,25,5.0,3.605551275463989,15.739996823379602,50.7399968233796,15.0,35.7399968233796,REORDER
72484,1805,50.138888888888886,88.27073703030364,385.3449900738298,736.317212296052,150.41666666666666,585.9005456293854,REORDER
72487,826,118.0,160.8591516410138,702.2289637290676,1528.2289637290676,354.0,1174.2289637290676,REORDER
72529W,443,16.40740740740741,30.89841825583068,134.88672550680707,249.73857735865892,49.22222222222223,200.5163551364367,REORDER
72586,1572,32.08163265306123,87.72823489207401,382.97670259709383,607.5481311685224,96.24489795918367,511.30323320933877,REORDER
72598,600,12.5,20.68507530625721,90.30048243314968,177.80048243314968,37.5,140.30048243314968,REORDER
72606A,226,14.125,23.145553928706626,101.04167642611637,199.91667642611637,42.375,157.54167642611637,REORDER
72708,44,8.8,7.694153624668537,33.588748115998605,95.1887481159986,26.400000000000002,68.7887481159986,REORDER
72709,48,6.857142857142857,6.148944934663492,26.843155552207346,74.84315555220735,20.57142857142857,54.27172698077878,REORDER
72715,82,6.833333333333333,2.4802248187442912,10.827395808780613,58.660729142113944,20.5,38.160729142113944,REORDER
72724,34,4.857142857142857,3.8913824205360674,16.987789732628553,50.987789732628556,14.57142857142857,36.41636116119999,REORDER
72728,614,14.279069767441861,22.772503868643817,99.41313024503492,199.36661861712795,42.83720930232558,156.52940931480236,REORDER
72739B,351,43.875,46.05101984290281,201.03525110661562,508.16025110661565,131.625,376.53525110661565,REORDER
72739C,291,29.1,38.63921439274987,168.67909102790424,372.3790910279042,87.30000000000001,285.0790910279042,REORDER
72740A,56,11.2,8.64291617453276,37.73056122031581,116.1305612203158,33.599999999999994,82.5305612203158,REORDER
72741,13881,55.083333333333336,81.94049074727576,357.71036535940334,743.2936986927367,165.25,578.0436986927367,REORDER
72750A,383,25.533333333333335,40.42783105497405,176.48727857837235,355.2206119117057,76.60000000000001,278.6206119117057,REORDER
72750B,495,13.75,23.725062095357547,103.57151333740374,199.82151333740376,41.25,158.57151333740376,REORDER
72750C,232,17.846153846153847,24.392096239855217,106.4834440002475,231.40652092332442,53.53846153846154,177.86805938486287,REORDER
72750D,110,10.0,8.590692637965812,37.50257991125411,107.50257991125412,30.0,77.50257991125412,REORDER
72751A,1,1.0,0.0,0.0,7.0,3.0,4.0,REORDER
72751B,1,1.0,0.0,0.0,7.0,3.0,4.0,REORDER
72751C,1,1.0,0.0,0.0,7.0,3.0,4.0,REORDER
72752A,1,1.0,0.0,0.0,7.0,3.0,4.0,REORDER
72752B,3,1.5,0.7071067811865476,3.0868673440885015,13.586867344088501,4.5,9.086867344088501,REORDER
72753A,312,28.363636363636363,47.48741460065546,207.30581757394074,405.8512721193953,85.0909090909091,320.76036302848615,REORDER
72753B,444,34.15384615384615,52.809162957839916,230.53785501768212,469.6147780946052,102.46153846153845,367.15323963306673,REORDER
72753C,42,8.4,4.979959839195493,21.739963201440794,80.5399632014408,25.200000000000003,55.339963201440796,REORDER
72753D,144,18.0,22.116574263272717,96.54967633296344,222.54967633296343,54.0,168.54967633296343,REORDER
72754A,292,73.0,75.33480824514875,328.873326677613,839.873326677613,219.0,620.873326677613,REORDER
72754B,170,24.285714285714285,15.43496340255121,67.38117318658082,237.38117318658084,72.85714285714286,164.52403032943798,REORDER
72754D,1,1.0,0.0,0.0,7.0,3.0,4.0,REORDER
72755C,588,49.0,63.21536061893357,275.9660033409912,618.9660033409912,147.0,471.96600334099116,REORDER
72755D,533,44.416666666666664,58.13379291589255,253.78247206022718,564.6991387268938,133.25,431.4491387268938,REORDER
72756,3994,166.41666666666666,261.07285617598023,1139.710854993112,2304.6275216597787,499.25,1805.3775216597787,REORDER
72760B,1261,8.083333333333334,12.083023726103965,52.748315177190804,109.33164851052413,24.25,85.08164851052413,REORDER
72771B,115,57.5,55.86143571373726,243.86252018299163,646.3625201829916,172.5,473.8625201829916,REORDER
72771C,49,16.333333333333332,13.051181300301263,56.97479705975266,171.308130393086,49.0,122.308130393086,REORDER
72772,454,64.85714285714286,98.68371796034131,430.80275068759715,884.8027506875972,194.57142857142858,690.2313221161686,REORDER
72779,48,3.4285714285714284,3.20370664445674,13.985748240482303,37.9857482404823,10.285714285714285,27.700033954768017,REORDER
72780,376,17.09090909090909,18.677486041983403,81.53637225189749,201.17273588826112,51.272727272727266,149.90000861553386,REORDER
72781,120,8.571428571428571,12.207905923333742,53.293487118322155,113.29348711832216,25.714285714285715,87.57920140403644,REORDER
72783,24,4.8,4.324349662087931,18.877903750151923,52.477903750151924,14.399999999999999,38.077903750151926,REORDER
72785A,8,2.0,0.816496580927726,3.564407384124323,17.564407384124323,6.0,11.564407384124323,REORDER
72785B,9,3.0,2.0,8.730979326513149,29.73097932651315,9.0,20.73097932651315,REORDER
72789,121,3.1842105263157894,3.4473277011048893,15.049273445031442,37.338747129241966,9.552631578947368,27.786115550294596,REORDER
72793,55,5.5,7.011894655987543,30.610353640557634,69.11035364055763,16.5,52.61035364055763,REORDER
72796A,11,2.2,1.6431676725154984,7.173231489363773,22.573231489363774,6.6000000000000005,15.973231489363773,REORDER
72796B,26,2.3636363636363638,1.9116865471476894,8.34544786095989,24.890902406414437,7.090909090909092,17.799993315505347,REORDER
72796C,1,1.0,0.0,0.0,7.0,3.0,4.0,REORDER
72798C,18,2.0,1.8027756377319943,7.869998411689799,21.8699984116898,6.0,15.8699984116898,REORDER
72799A,612,36.0,77.31429363319566,337.5147496776992,589.5147496776992,108.0,481.5147496776992,REORDER
72799B,313,52.166666666666664,92.43466160843921,403.5225597782607,768.6892264449273,156.5,612.1892264449273,REORDER
72799C,372,17.714285714285715,51.550114313299886,225.04149117440542,349.04149117440545,53.142857142857146,295.8986340315483,REORDER
72799D,65,5.0,7.516648189186454,32.81384997222971,67.81384997222972,15.0,52.81384997222972,REORDER
72799E,762,10.885714285714286,29.013012001935106,126.65600399438664,202.85600399438664,32.65714285714286,170.1988611372438,REORDER
72799F,945,21.477272727272727,72.64167829109641,317.1164957013909,467.45740479229994,64.43181818181819,403.02558661048175,REORDER
72800A,661,20.03030303030303,60.30105971730764,263.2436528793239,403.45577409144516,60.09090909090909,343.36486500053604,REORDER
72800B,836,22.0,56.736469990888814,247.68247327489195,401.68247327489195,66.0,335.68247327489195,REORDER
72800C,522,14.914285714285715,42.78631682632925,186.7832238341612,291.1832238341612,44.74285714285715,246.44036669130406,REORDER
72800D,545,12.976190476190476,40.78228219743381,178.0346313769099,268.86796471024326,38.92857142857143,229.9393932816718,REORDER
72800E,861,8.785714285714286,13.600523034211728,59.37294272073424,120.87294272073424,26.35714285714286,94.51579986359138,REORDER
72800F,816,17.361702127659573,67.81093458442885,296.02793398409193,417.55984887770893,52.08510638297872,365.4747424947302,REORDER
72801C,567,17.71875,45.04781286087469,196.65576139646504,320.68701139646504,53.15625,267.53076139646504,REORDER
72801D,474,14.8125,42.85943830258282,187.10243488290817,290.78993488290814,44.4375,246.35243488290814,REORDER
72801E,768,38.4,127.35255664575614,555.9562696263458,824.7562696263458,115.19999999999999,709.5562696263457,REORDER
72801F,234,15.6,12.321873697963772,53.791012260413915,162.99101226041392,46.8,116.19101226041393,REORDER
72801G,1265,31.625,97.10387974503624,423.9059832890651,645.280983289065,94.875,550.405983289065,REORDER
72802A,612,6.442105263157894,7.623753179503733,33.281415700343,78.37615254244827,19.326315789473682,59.049836752974585,REORDER
72802B,539,5.858695652173913,7.068863038254968,30.859048524478528,71.86991808969591,17.57608695652174,54.29383113317418,REORDER
72802C,804,7.052631578947368,9.336238375052774,40.757252119992245,90.12567317262382,21.157894736842103,68.96777843578172,REORDER
72803A,192,3.84,4.55962762532563,19.90500726665816,46.785007266658155,11.52,35.26500726665816,REORDER
72803B,88,2.75,2.81699908962849,12.297580407176353,31.547580407176355,8.25,23.297580407176355,REORDER
72805,10,3.3333333333333335,1.5275252316519468,6.668395609140179,30.001728942473513,10.0,20.001728942473513,REORDER
72807A,509,7.8307692307692305,11.120882989292644,48.548099736042914,103.36348435142753,23.49230769230769,79.87117665911984,REORDER
72807B,635,8.355263157894736,14.08706635877361,61.49694257483562,119.98378468009878,25.06578947368421,94.91799520641457,REORDER
72807C,1195,11.95,25.7377508376668,112.35788523730764,196.00788523730762,35.849999999999994,160.15788523730762,REORDER
72811,392,28.0,40.656156691491105,177.48403178444403,373.484031784444,84.0,289.484031784444,REORDER
72812,60,5.454545454545454,2.6594599588501557,11.609844960205109,49.79166314202329,16.363636363636363,33.42802677838692,REORDER
72814,259,7.4,8.755502471555346,38.22205553619225,90.02205553619225,22.200000000000003,67.82205553619225,REORDER
72815,258,6.142857142857143,5.941057754927717,25.93562621794726,68.93562621794726,18.42857142857143,50.50705478937583,REORDER
72816,467,11.675,11.29644259865093,49.31450339598187,131.03950339598188,35.025000000000006,96.01450339598188,REORDER
72817,204,9.272727272727273,6.53329799442691,28.521044861645585,93.43013577073648,27.81818181818182,65.61195395255467,REORDER
72818,563,14.075,12.96224794527831,56.58655941768123,155.11155941768124,42.224999999999994,112.88655941768124,REORDER
72819,465,13.676470588235293,25.893395189478394,113.03734904628544,208.7726431639325,41.029411764705884,167.74323139922663,REORDER
72821,50,5.0,4.853406592853679,21.187496312684043,56.18749631268405,15.0,41.18749631268405,REORDER
75011,9,3.0,1.7320508075688772,7.561249896677135,28.561249896677136,9.0,19.561249896677136,REORDER
75013B,340,6.538461538461538,12.816138016780188,55.94871803512353,101.7179488043543,19.615384615384613,82.10256418896968,REORDER
75049L,6757,84.4625,135.51971632444565,591.6099207818307,1182.8474207818308,253.38750000000002,929.4599207818308,REORDER
75131,724,16.454545454545453,34.20217220454739,149.30922921987295,264.4910474016911,49.36363636363636,215.12741103805473,REORDER
75149N,272,12.363636363636363,7.79832371820078,34.04350158253408,120.58895612798862,37.09090909090909,83.49804703707953,REORDER
75172,4,1.3333333333333333,0.5773502691896257,2.5204166322257118,11.853749965559043,4.0,7.853749965559043,REORDER
75178,20,2.857142857142857,4.059087394500207,17.719904062945712,37.719904062945716,8.571428571428571,29.148475491517146,REORDER
77079,61,6.1,5.1305187088853135,22.397226390783302,65.0972263907833,18.299999999999997,46.79722639078331,REORDER
77081,219,12.166666666666666,16.614132892351194,72.52882540553018,157.69549207219683,36.5,121.19549207219683,REORDER
77101A,671,14.27659574468085,21.338577157712127,93.15333801059514,193.0895082233611,42.829787234042556,150.25972098931854,REORDER
78026,11,11.0,0.0,0.0,77.0,33.0,44.0,REORDER
78027,4,1.3333333333333333,0.5773502691896258,2.520416632225712,11.853749965559045,4.0,7.853749965559045,REORDER
78033,36,6.0,5.513619500836088,24.069648938029818,66.06964893802981,18.0,48.069648938029815,REORDER
78034B,8,2.0,0.816496580927726,3.564407384124323,17.564407384124323,6.0,11.564407384124323,REORDER
78056,2,2.0,0.0,0.0,14.0,6.0,8.0,REORDER
78124,534,53.4,92.53972120122255,403.98119634458226,777.7811963445822,160.2,617.5811963445822,REORDER
79000,7717,46.76969696969697,53.35884321551449,232.9374785006567,560.3253572885355,140.3090909090909,420.01626637944463,REORDER
79026B,26,2.0,1.2909944487358056,5.635822921277779,19.63582292127778,6.0,13.635822921277779,REORDER
79029,2849,20.948529411764707,36.632574019618545,159.9191232211261,306.55882910347907,62.845588235294116,243.71324086818495,REORDER
79030A,151,9.4375,6.470123646422841,28.245257898450845,94.30775789845084,28.3125,65.99525789845084,REORDER
79030D,431,35.916666666666664,102.10374254856795,445.7328326755839,697.1494993422506,107.75,589.3994993422506,REORDER
79030G,336,8.4,4.81876673231988,21.0362763595871,79.8362763595871,25.200000000000003,54.6362763595871,REORDER
79051A,112,11.2,9.577751997902917,41.81157734408019,120.21157734408018,33.599999999999994,86.61157734408019,REORDER
79065A,4,4.0,0.0,0.0,28.0,12.0,16.0,REORDER
79066K,576,9.76271186440678,12.578496954026066,54.9112984321051,123.25028148295256,29.28813559322034,93.96214588973223,REORDER
79067,1348,7.976331360946745,10.593097855455722,46.244059189857346,102.07837871648456,23.928994082840237,78.14938463364433,REORDER
79071B,116,2.5217391304347827,2.8026902190160285,12.235115180424778,29.887289093468258,7.565217391304348,22.32207170216391,REORDER
79072,230,5.609756097560975,5.770086865812714,25.189254568797928,64.45754725172475,16.829268292682926,47.62827895904182,REORDER
79140,15,7.5,6.363961030678928,27.78180609679651,80.28180609679652,22.5,57.781806096796515,REORDER
79144B,156,6.782608695652174,7.674968295694839,33.50499476067775,80.98325563024297,20.347826086956523,60.63542954328644,REORDER
79144C,108,6.352941176470588,5.1713293318859055,22.575384743643447,67.04597297893756,19.058823529411764,47.98714944952579,REORDER
79149B,12,2.4,1.51657508881031,6.6205928737538295,23.42059287375383,7.199999999999999,16.22059287375383,REORDER
79151B,1,1.0,0.0,0.0,7.0,3.0,4.0,REORDER
79157B,1,1.0,0.0,0.0,7.0,3.0,4.0,REORDER
79160,385,4.935897435897436,8.146929536485564,35.565336678807405,70.11661873008946,14.807692307692308,55.30892642239715,REORDER
79161A,49,3.769230769230769,3.8112518974270153,16.63798076228464,43.02259614690003,11.307692307692307,31.71490383920772,REORDER
79163,306,13.909090909090908,9.288544357274517,40.54904437838209,137.91268074201844,41.72727272727273,96.18540801474572,REORDER
79164,1982,41.291666666666664,124.5987531670367,543.9345690053561,832.9762356720228,123.875,709.1012356720228,REORDER
79172D,24,6.0,4.546060565661952,19.845780407935585,61.845780407935585,18.0,43.845780407935585,REORDER
79190A,387,9.675,6.757284768003894,29.498856806402095,97.2238568064021,29.025000000000002,68.19885680640209,REORDER
79190B,749,13.140350877192983,39.24439841579361,171.32101562486972,263.3034717652206,39.421052631578945,223.88241913364163,REORDER
79190D,364,7.583333333333333,6.263142210952098,27.34168258141731,80.42501591475065,22.75,57.675015914750645,REORDER
79191B,302,11.185185185185185,27.205820979281167,118.7667302654608,197.06302656175708,33.55555555555556,163.5074710062015,REORDER
79191C,463,7.716666666666667,8.667280508465696,37.83692346825218,91.85359013491885,23.15,68.70359013491884,REORDER
79191D,80,3.4782608695652173,3.6664271091943954,16.005749646271816,40.35357573322834,10.434782608695652,29.918793124532687,REORDER
79192A,103,3.9615384615384617,5.1027895839885,22.27617518267511,50.006944413444344,11.884615384615385,38.12232902882896,REORDER
79301,1,1.0,0.0,0.0,7.0,3.0,4.0,REORDER
79302M,262,8.451612903225806,12.018981403533939,52.46873908000041,111.63002940258104,25.354838709677416,86.27519069290364,REORDER
79303A,2,2.0,0.0,0.0,14.0,6.0,8.0,REORDER
79303B,103,25.75,43.022281049087425,187.81332320951034,368.0633232095104,77.25,290.8133232095104,REORDER
79303D,64,10.666666666666666,15.305772331596556,66.81719090174325,141.48385756840992,32.0,109.48385756840992,REORDER
79308B,144,72.0,0.0,0.0,504.0,216.0,288.0,REORDER
79315W,191,31.833333333333332,53.14288914489563,231.9947332376319,454.82806657096523,95.5,359.32806657096523,REORDER
79320,862,9.369565217391305,10.790428594798087,47.10550449269921,112.69246101443834,28.108695652173914,84.58376536226442,REORDER
79321,6012,33.032967032967036,48.918683355169385,213.5540065271134,444.78477575788264,99.09890109890111,345.68587465898156,REORDER
79323B,223,5.868421052631579,7.605727047825954,33.20272280883514,74.28167017725619,17.605263157894736,56.67640701936145,REORDER
79323G,300,8.333333333333334,10.248344814094198,44.739043351417344,103.07237668475068,25.0,78.07237668475068,REORDER
79323GR,524,9.88679245283019,13.922395319659078,60.77807285574342,129.98562002555474,29.660377358490567,100.32524266706417,REORDER
79323LP,1420,17.75,19.135426751500088,83.53550768567696,207.78550768567698,53.25,154.53550768567698,REORDER
79323P,2230,25.0561797752809,26.068685302904314,113.80257622451737,289.19583465148366,75.1685393258427,214.02729532564098,REORDER
79323S,323,10.766666666666667,26.25299107206425,114.60716115466361,189.9738278213303,32.300000000000004,157.6738278213303,REORDER
79323W,2948,28.346153846153847,31.097644287133885,135.75644468711283,334.1795216101898,85.03846153846155,249.14106007172825,REORDER
79328,586,53.27272727272727,38.6188837464029,168.5903378014292,541.4994287105201,159.8181818181818,381.68124689233827,REORDER
79329,88,17.6,30.44339008717656,132.90030474005695,256.10030474005697,52.800000000000004,203.30030474005696,REORDER
79331,34,5.666666666666667,3.7237973450050514,16.256198817681828,55.9228654843485,17.0,38.9228654843485,REORDER
79336,796,66.33333333333333,86.41478549134489,377.24285281500033,841.5761861483336,199.0,642.5761861483336,REORDER
79337,553,55.3,87.32830774344212,381.2308247636857,768.3308247636857,165.89999999999998,602.4308247636857,REORDER
79338,547,54.7,71.66286811638693,312.8435100014063,695.7435100014063,164.10000000000002,531.6435100014063,REORDER
79341,703,15.622222222222222,44.50193503907692,194.27273740800587,303.6282929635614,46.86666666666667,256.76162629689475,REORDER
79342B,109,4.954545454545454,7.537065696102119,32.90298238761952,67.5848005694377,14.863636363636363,52.721164205801344,REORDER
79403,108,9.818181818181818,9.96813103664054,43.51577300244132,112.24304572971405,29.454545454545453,82.7885002751686,REORDER
79406,105,11.666666666666666,9.526279441628827,41.586874431724254,123.25354109839091,35.0,88.25354109839091,REORDER
79413,30,5.0,4.47213595499958,19.523063284228733,54.52306328422873,15.0,39.52306328422873,REORDER
79532,97,5.705882352941177,5.553880466421124,24.245407767124018,64.18658423771225,17.11764705882353,47.068937178888724,REORDER
79534,116,7.25,4.10690475500305,17.92865025594509,68.67865025594509,21.75,46.92865025594509,REORDER
81950B,80,5.333333333333333,4.15187851918806,18.12498275861249,55.45831609194582,16.0,39.45831609194582,REORDER
81950V,12,3.0,2.70801280154532,11.821801893112573,32.82180189311257,9.0,23.82180189311257,REORDER
81952B,48,6.857142857142857,6.986381310057719,30.498975392625898,78.4989753926259,20.57142857142857,57.927546821197325,REORDER
81952V,86,8.6,5.561774297230456,24.279868203925652,84.47986820392565,25.799999999999997,58.67986820392565,REORDER
81953B,3,1.0,0.0,0.0,7.0,3.0,4.0,REORDER
81953P,5,1.6666666666666667,1.1547005383792517,5.040833264451424,16.707499931118093,5.0,11.707499931118093,REORDER
81985A,23,3.2857142857142856,2.288688541085317,9.991246168521721,32.99124616852172,9.857142857142858,23.134103311378862,REORDER
82001S,1341,17.88,23.67114790717263,103.3361515061796,228.49615150617961,53.64,174.85615150617963,REORDER
82011A,19,1.4615384615384615,0.5188745216627708,2.2651413608460254,12.495910591615255,4.384615384615384,8.11129520699987,REORDER
82011B,44,2.2,2.2147828692435603,9.6686117220405,25.0686117220405,6.6000000000000005,18.4686117220405,REORDER
82011C,46,1.9166666666666667,2.0412414523193148,8.911018460310807,22.327685126977475,5.75,16.577685126977475,REORDER
82011E,2,2.0,0.0,0.0,14.0,6.0,8.0,REORDER
82069,5,2.5,2.1213203435596424,9.260602032265503,26.760602032265503,7.5,19.260602032265503,REORDER
82072,5,1.6666666666666667,0.5773502691896258,2.520416632225712,14.18708329889238,5.0,9.18708329889238,REORDER
82076,271,45.166666666666664,15.315569420255542,66.85995999101405,383.0266266576807,135.5,247.5266266576807,REORDER
82081,159,14.454545454545455,9.750524461418847,42.56581374765435,143.74763192947253,43.36363636363637,100.38399556583616,REORDER
82093,100,16.666666666666668,17.73884626086676,77.43874998991139,194.10541665657806,50.0,144.10541665657806,REORDER
82095,32,1.7777777777777777,0.7320844981409595,3.1959073092647357,15.64035175370918,5.333333333333333,10.307018420375847,REORDER
82482,7606,33.65486725663717,39.25195421297971,171.35400037938328,406.93807117584345,100.9646017699115,305.97346940593195,REORDER
82483,2643,11.6431718061674,12.119993157709224,52.90970484872003,134.41190749189184,34.9295154185022,99.48239207338963,REORDER
82484,4972,27.622222222222224,97.23990694881412,424.4998086410792,617.8553641966348,82.86666666666667,534.9886975299681,REORDER
82486,2670,10.68,11.165135062499488,48.741281704205065,123.50128170420506,32.04,91.46128170420505,REORDER
82494L,8395,30.750915750915752,28.07965706169567,122.58145265062191,337.8378629070322,92.25274725274726,245.58511565428495,REORDER
82545A,31,2.8181818181818183,1.662418829187267,7.257272214820111,26.98454494209284,8.454545454545455,18.529999487547386,REORDER
82551,2596,14.185792349726777,18.56258837402418,81.03478767008922,180.33533411817666,42.55737704918033,137.77795706899633,REORDER
82552,3908,20.04102564102564,38.76213955472741,169.21571955187133,309.5028990390508,60.12307692307692,249.3798221159739,REORDER
82553,86,6.142857142857143,8.985947515273654,39.22806099249323,82.22806099249323,18.42857142857143,63.799489563921796,REORDER
82567,413,3.6228070175438596,4.249706602839284,18.552050246568108,43.91169936937513,10.868421052631579,33.04327831674355,REORDER
82578,3472,17.18811881188119,33.57599618517088,146.57566427990565,266.892495963074,51.56435643564357,215.32813952743044,REORDER
82580,7195,27.673076923076923,45.49059945906008,198.58874171387188,392.3002801754103,83.01923076923077,309.28104940617953,REORDER
82581,4435,19.887892376681613,32.402188038496085,141.45141694895048,280.6666635857218,59.66367713004484,221.00298645567693,REORDER
82582,3190,17.624309392265193,23.736101551887632,103.6197059707738,226.98987171663015,52.87292817679558,174.11694353983455,REORDER
82583,5529,25.131818181818183,34.80468511950886,151.93949312211583,327.8622203948431,75.39545454545456,252.46676584938857,REORDER
82585,131,7.705882352941177,11.367523399373063,49.62480589679034,103.56598236737858,23.11764705882353,80.44833530855504,REORDER
82587,118,4.37037037037037,4.030156974878924,17.593608615135327,48.18620120772792,13.11111111111111,35.075090096616805,REORDER
82597,1153,9.373983739837398,10.2015736281976,44.534864222847496,110.15275040170928,28.12195121951219,82.03079918219709,REORDER
82599,1917,11.017241379310345,11.671057100747719,50.94987913259141,128.07056878776382,33.05172413793103,95.01884464983279,REORDER
82600,6756,25.984615384615385,32.184311057250824,140.50027723946275,322.39258493177044,77.95384615384616,244.4387387779243,REORDER
82605,204,2.5822784810126582,2.8357045655343813,12.379238968889815,30.455188335978423,7.746835443037975,22.708352892940447,REORDER
82607A,568,8.352941176470589,9.105951319292453,39.75193635848877,98.2225245937829,25.058823529411768,73.16370106437112,REORDER
82607C,90,5.294117647058823,4.510608410768343,19.691014392207368,56.74983792161913,15.882352941176471,40.86748498044266,REORDER
82607E,101,4.809523809523809,4.3083529059148304,18.808070076432617,52.474736743099285,14.428571428571427,38.046165314527855,REORDER
82613A,382,6.586206896551724,6.725271748917936,29.359104302492714,75.46255257835479,19.758620689655174,55.703931888699614,REORDER
82613B,239,5.085106382978723,4.6007078247196525,20.084342452477284,55.68008713332834,15.25531914893617,40.424767984392176,REORDER
82613C,166,4.882352941176471,3.6825938312829463,16.07632530443813,50.252795892673426,14.647058823529413,35.60573706914401,REORDER
82613D,383,5.394366197183099,4.274438553739916,18.660017322576984,56.42058070285868,16.183098591549296,40.23748211130938,REORDER
82615,567,9.610169491525424,16.900333550220488,73.77823141907582,141.0494178597538,28.83050847457627,112.21890938517751,REORDER
82616A,306,7.846153846153846,11.955043995028916,52.18962098407632,107.11269790715323,23.538461538461537,83.5742363686917,REORDER
82616B,229,8.481481481481481,15.095517343723065,65.89932492553338,125.26969529590374,25.444444444444443,99.8252508514593,REORDER
82616C,264,11.0,25.82045027054937,112.71890875671369,189.7189087567137,33.0,156.7189087567137,REORDER
84006,912,14.25,16.02280121358805,69.94737307433353,169.69737307433354,42.75,126.94737307433354,REORDER
84007,152,4.75,4.983844868915901,21.756923258526687,55.00692325852668,14.25,40.75692325852668,REORDER
84012,569,11.156862745098039,19.91619697534608,86.94395202725516,165.04199124294144,33.470588235294116,131.57140300764732,REORDER
84016,953,29.78125,51.36129732496277,224.2172125635725,432.6859625635725,89.34375,343.3422125635725,REORDER
84029C,191,9.55,11.334507163153543,49.48067385885439,116.3306738588544,28.650000000000002,87.68067385885439,REORDER
84029D,46,5.111111111111111,8.880377869838147,38.76719779659087,74.54497557436864,15.333333333333332,59.21164224103531,REORDER
84029E,6550,33.76288659793814,63.29964486732167,276.3339453561048,512.6741515416718,101.28865979381442,411.3854917478574,REORDER
84029G,3572,21.011764705882353,30.095309791121917,131.3807638056471,278.4631167468236,63.035294117647055,215.42782262917652,REORDER
84030B,5,1.6666666666666667,0.5773502691896257,2.5204166322257118,14.187083298892379,5.0,9.187083298892379,REORDER
84030C,20,5.0,4.8304589153964805,21.0873184639489,56.087318463948904,15.0,41.087318463948904,REORDER
84030E,707,9.95774647887324,13.608229253673056,59.40658414213546,129.11080949424814,29.87323943661972,99.23757005762843,REORDER
84031A,559,8.6,13.215521177766696,57.692221096088865,117.89222109608886,25.799999999999997,92.09222109608886,REORDER
84031B,456,8.444444444444445,12.116831684185973,52.895903468733614,112.00701457984474,25.333333333333336,86.67368124651139,REORDER
84032A,1876,14.0,25.38663433792512,110.82508978708651,208.8250897870865,42.0,166.8250897870865,REORDER
84032B,2211,15.570422535211268,28.50666162964381,124.44553667816287,233.43849442464176,46.71126760563381,186.72722681900797,REORDER
84033,358,11.548387096774194,9.67415357082096,42.232417414175586,123.07112709159495,34.645161290322584,88.42596580127235,REORDER
84050,7057,36.376288659793815,68.00013452165283,296.8538843543319,551.4879049728886,109.12886597938144,442.35903899350717,REORDER
84051,422,17.583333333333332,25.641197602544885,111.93638308742895,235.01971642076228,52.75,182.26971642076228,REORDER
84077,54610,228.49372384937237,481.5424173947301,2102.1684455562768,3701.624512501883,685.4811715481171,3016.143340953766,REORDER
84078A,650,6.074766355140187,17.118731291477207,74.73164450101062,117.25500898699192,18.22429906542056,99.03070992157137,REORDER
84081,94,7.230769230769231,9.90078991927619,43.22179605067511,93.83718066605972,21.692307692307693,72.14487297375203,REORDER
84086B,8,1.6,0.8944271909999159,3.904612656845746,15.104612656845747,4.800000000000001,10.304612656845746,REORDER
84086C,54,3.6,2.384473586709294,10.409394795087751,35.60939479508775,10.8,24.80939479508775,REORDER
84192,127,9.071428571428571,12.38773764478583,54.078540639446885,117.57854063944689,27.214285714285715,90.36425492516116,REORDER
84199,383,12.766666666666667,13.952340882158595,60.90879989929546,150.27546656596212,38.300000000000004,111.97546656596211,REORDER
84201B,15,3.75,2.217355782608345,9.679843748738923,35.929843748738925,11.25,24.679843748738925,REORDER
84201C,5,2.5,2.1213203435596424,9.260602032265503,26.760602032265503,7.5,19.260602032265503,REORDER
84205C,2,2.0,0.0,0.0,14.0,6.0,8.0,REORDER
84206A,55,9.166666666666666,8.232051182218601,35.93693434337437,100.10360101004102,27.5,72.60360101004102,REORDER
84206B,4,4.0,0.0,0.0,28.0,12.0,16.0,REORDER
84206C,2,1.0,0.0,0.0,7.0,3.0,4.0,REORDER
84212,14369,124.94782608695652,273.6899527502987,1194.7906596686091,2069.4254422773047,374.8434782608696,1694.581964016435,REORDER
84218,132,4.0,4.153311931459037,18.131240305064626,46.13124030506462,12.0,34.13124030506462,REORDER
84219,96,4.8,8.781559626494841,38.3358077767345,71.93580777673449,14.399999999999999,57.535807776734494,REORDER
84226,26,3.25,3.8078865529319543,16.623289385678156,39.373289385678156,9.75,29.623289385678156,REORDER
84227,111,11.1,12.556096350201983,54.81350882766036,132.51350882766036,33.3,99.21350882766036,REORDER
84228,38,9.5,10.969655114602888,47.88791601228852,114.38791601228851,28.5,85.88791601228851,REORDER
84231,99,7.615384615384615,7.136040703574842,31.152311928034145,84.46000423572644,22.846153846153847,61.6138503895726,REORDER
84247C,72,3.6,5.576265492433557,24.34312936679303,49.543129366793025,10.8,38.74312936679303,REORDER
84247E,225,5.921052631578948,10.09249541624294,44.05868441607291,85.50605283712554,17.763157894736842,67.74289494238869,REORDER
84247G,1068,18.413793103448278,12.55868258086688,54.82479899089476,183.7213507150327,55.24137931034483,128.4799714046879,REORDER
84247H,35,2.5,3.275785284595013,14.300406798947524,31.800406798947524,7.5,24.300406798947524,REORDER
84247J,2,1.0,0.0,0.0,7.0,3.0,4.0,REORDER
84247K,49,3.2666666666666666,5.945786823657652,25.956270918604623,48.82293758527129,9.8,39.02293758527129,REORDER
84247L,992,15.5,9.278751968623695,40.50629580694833,149.00629580694834,46.5,102.50629580694834,REORDER
84247N,76,3.4545454545454546,4.511649183500237,19.695557874810248,43.877376056628435,10.363636363636363,33.513739692992075,REORDER
84249A,78,11.142857142857142,2.2677868380553634,9.9,87.9,33.42857142857143,54.471428571428575,REORDER
84249D,809,16.510204081632654,11.800639899633255,51.51557150166208,167.08700007309068,49.530612244897966,117.55638782819271,REORDER
84250M,12,12.0,0.0,0.0,84.0,36.0,48.0,REORDER
84251B,74,9.25,5.092010548749034,22.229119415757342,86.97911941575734,27.75,59.22911941575734,REORDER
84251C,108,9.0,4.53270940447924,19.787496051799987,82.78749605179999,27.0,55.78749605179999,REORDER
84251F,312,10.4,5.739157693815597,25.05423358815143,97.85423358815143,31.200000000000003,66.65423358815143,REORDER
84251G,180,9.473684210526315,4.401621179275649,19.21523175969906,85.53102123338326,28.421052631578945,57.10996860180431,REORDER
84251J,60,15.0,6.0,26.192937979539444,131.19293797953944,45.0,86.19293797953944,REORDER
84255A,2,1.0,0.0,0.0,7.0,3.0,4.0,REORDER
84255B,60,4.615384615384615,4.891122255993702,21.352143650264683,53.659835957956986,13.846153846153845,39.81368211180314,REORDER
84270,22410,114.92307692307692,157.7113349964423,688.4872027053638,1492.9487411669022,344.7692307692308,1148.1795103976715,REORDER
84279B,598,6.571428571428571,15.21486324263428,66.42032821358237,112.42032821358237,19.714285714285715,92.70604249929664,REORDER
84279P,725,6.473214285714286,19.29288709027222,84.22289916695958,129.53539916695956,19.419642857142858,110.1157563098167,REORDER
84288B,57,3.5625,3.7765725201563387,16.486588299281326,41.42408829928132,10.6875,30.736588299281323,REORDER
84292,42,3.8181818181818183,2.4420557658735733,10.660769203017203,37.38804193028993,11.454545454545455,25.933496475744477,REORDER
84292B,7,1.75,1.5,6.548234494884861,18.79823449488486,5.25,13.54823449488486,REORDER
84306,33,2.0625,1.3889444433333777,6.063422610209518,20.500922610209518,6.1875,14.313422610209518,REORDER
84311,11,11.0,0.0,0.0,77.0,33.0,44.0,REORDER
84313A,34,2.125,1.3601470508735443,5.937707891097371,20.81270789109737,6.375,14.437707891097372,REORDER
84313B,82,2.6451612903225805,2.8583023760823973,12.47788947724941,30.994018509507477,7.935483870967742,23.058534638539733,REORDER
84313C,36,1.565217391304348,0.5897678246195885,2.57462534209813,13.531147081228566,4.695652173913044,8.835494907315521,REORDER
84327A,949,11.297619047619047,21.400810570115006,93.42501732914909,172.50835066248243,33.89285714285714,138.6154935196253,REORDER
84340,15,2.5,1.8708286933869707,8.167083322704624,25.667083322704624,7.5,18.167083322704624,REORDER
84341B,1097,21.94,34.24843806955408,149.51120237532132,303.09120237532136,65.82000000000001,237.27120237532137,REORDER
84347,21579,205.5142857142857,990.6032167154682,4324.468102960089,5763.068102960089,616.5428571428571,5146.525245817232,REORDER
84352,174,2.6769230769230767,2.610721238396659,11.397076579865018,30.135538118326554,8.03076923076923,22.104768887557324,REORDER
84356,324,7.043478260869565,15.064242462406915,65.76279475442816,115.06714258051511,21.130434782608695,93.93670779790642,REORDER
84358,82,7.454545454545454,15.135148736392624,66.07233536057281,118.25415354239098,22.363636363636363,95.89051717875462,REORDER
84360,137,7.2105263157894735,9.058936333001801,39.54669292181878,90.02037713234509,21.63157894736842,68.38879818497666,REORDER
84366,2,1.0,0.0,0.0,7.0,3.0,4.0,REORDER
84367,73,10.428571428571429,4.157609203101499,18.15,91.15,31.285714285714285,59.86428571428572,REORDER
84371,28,7.0,10.099504938362077,44.08928441242837,93.08928441242837,21.0,72.08928441242837,REORDER
84375,3426,25.377777777777776,35.97840701232169,157.0633639127282,334.70780835717267,76.13333333333333,258.57447502383934,REORDER
84378,5111,25.81313131313131,30.297516764989187,132.26349625990306,312.9554154518222,77.43939393939394,235.51602151242827,REORDER
84380,4379,22.926701570680628,41.609271096335796,181.64484286669446,342.13175386145883,68.78010471204189,273.35164914941697,REORDER
84388,47,3.1333333333333333,3.2263793654069586,14.084725769428385,36.01805910276172,9.4,26.61805910276172,REORDER
84396,516,22.434782608695652,27.879327771595346,121.70691720544143,278.750395466311,67.30434782608695,211.44604764022404,REORDER
84402B,1,1.0,0.0,0.0,7.0,3.0,4.0,REORDER
84402D,371,33.72727272727273,31.692557199099312,138.35353085483578,374.4444399457449,101.18181818181819,273.2626217639267,REORDER
84405A,122,3.210526315789474,5.307607465968284,23.170305529307967,45.64398973983428,9.631578947368421,36.01241079246586,REORDER
84406B,5016,20.813278008298756,31.454106615192384,137.31257729559258,283.0055233536839,62.43983402489627,220.5656893287876,REORDER
84414B,77,9.625,10.809222252978506,47.187548013220606,114.5625480132206,28.875,85.6875480132206,REORDER
84415A,2,2.0,0.0,0.0,14.0,6.0,8.0,REORDER
84415B,4,2.0,0.0,0.0,14.0,6.0,8.0,REORDER
84422,198,11.647058823529411,16.132037907803948,70.42424473378135,151.95365649848725,34.94117647058823,117.01248002789902,REORDER
84424A,23,2.3,2.057506581601462,8.982023714063553,25.082023714063553,6.8999999999999995,18.182023714063554,REORDER
84425A,16,2.0,0.7559289460184544,3.3,17.3,6.0,11.3,REORDER
84427B,17,3.4,4.33589667773576,18.92831212760398,42.728312127603985,10.2,32.52831212760398,REORDER
84429A,46,3.5384615384615383,3.256157874330436,14.21472354232102,38.983954311551784,10.615384615384615,28.36856969616717,REORDER
84437A,105,6.5625,4.114506855829343,17.961837148521305,63.899337148521305,19.6875,44.211837148521305,REORDER
84447,52,7.428571428571429,4.540820148282425,19.82290342003411,71.82290342003411,22.285714285714285,49.537189134319824,REORDER
84450A,46,11.5,5.744562646538029,25.077828853391598,105.5778288533916,34.5,71.0778288533916,REORDER
84450B,70,10.0,7.54983443527075,32.958724186473,102.958724186473,30.0,72.958724186473,REORDER
84452,102,11.333333333333334,6.144102863722254,26.822017541564616,106.15535087489796,34.0,72.15535087489796,REORDER
84454,85,7.7272727272727275,9.96083238580902,43.4839108176806,97.57481990858969,23.181818181818183,74.3930017267715,REORDER
84455,78,5.571428571428571,4.956957592256421,21.639547130196604,60.639547130196604,16.714285714285715,43.92526141591089,REORDER
84456,33,2.75,3.0488447886789096,13.309700409851454,32.55970040985145,8.25,24.30970040985145,REORDER
84457,133,7.823529411764706,5.040278937192453,22.00328560024349,76.76799148259643,23.470588235294116,53.29740324730231,REORDER
84458,123,7.6875,5.582338219778519,24.36963979524523,78.18213979524523,23.0625,55.119639795245234,REORDER
84459A,456,10.133333333333333,8.73498712076898,38.13249598439629,109.06582931772962,30.4,78.66582931772962,REORDER
84459B,665,11.271186440677965,13.319457517785358,58.14595411407705,137.0442591988228,33.813559322033896,103.2306998767889,REORDER
84461,49,3.0625,2.5682354513037415,11.211605315475566,32.649105315475566,9.1875,23.461605315475566,REORDER
84462,87,14.5,22.589820716420043,98.61562883235092,200.11562883235092,43.5,156.61562883235092,REORDER
84464,82,9.11111111111111,15.719768163402128,68.62448542612178,132.40226320389957,27.333333333333332,105.06892987056624,REORDER
84465,19,1.4615384615384615,1.1266014242982163,4.918166872383997,15.148936103153227,4.384615384615384,10.764320718537842,REORDER
84466,1164,35.27272727272727,74.42247338979365,324.8905382971317,571.7996292062226,105.81818181818181,465.98144738804075,REORDER
84467,306,9.870967741935484,11.797575839931046,51.502195380704485,120.59896957425286,29.612903225806452,90.98606634844641,REORDER
84469,653,27.208333333333332,37.79346523531222,164.9869818234022,355.44531515673555,81.625,273.82031515673555,REORDER
84472,33,1.434782608695652,0.8957519419470863,3.9103958434120085,13.953874104281573,4.304347826086956,9.649526278194617,REORDER
84482,71,2.730769230769231,1.9299262640358528,8.425073156495895,27.54045777188051,8.192307692307693,19.348150079572818,REORDER
84493,1142,228.4,309.1048365846125,1349.3939689727385,2948.1939689727387,685.2,2262.993968972739,REORDER
84497,80,3.2,2.362907813126304,10.315249633431078,32.71524963343108,9.600000000000001,23.115249633431077,REORDER
84499,287,16.88235294117647,22.393867332768743,97.76019636154102,215.93666694977634,50.64705882352941,165.28960812624692,REORDER
84507B,1288,20.125,57.905643007080855,252.78648599163682,393.6614859916368,60.375,333.2864859916368,REORDER
84507C,364,9.578947368421053,20.27197716853192,88.49710678299937,155.54973836194674,28.736842105263158,126.81289625668359,REORDER
84508A,2177,34.015625,94.32508666418678,411.77519081828797,649.8845658182879,102.046875,547.8376908182879,REORDER
84508B,110,3.142857142857143,2.340724587951059,10.218408993230854,32.21840899323085,9.428571428571429,22.789837564659422,REORDER
84508C,49,2.8823529411764706,2.204607474732647,9.624191142483552,29.800661730718844,8.647058823529411,21.15360290718943,REORDER
84509A,573,5.116071428571429,5.205239106613082,22.723417514698294,58.5359175146983,15.348214285714286,43.18770322898401,REORDER
84509B,410,5.189873417721519,5.713402931764447,24.941801440637505,61.270915364688136,15.569620253164558,45.70129511152358,REORDER
84509C,125,4.310344827586207,5.813183589761797,25.377392871717873,55.549806664821325,12.931034482758623,42.6187721820627,REORDER
84509E,63,15.75,29.5,128.78194506606894,239.03194506606894,47.25,191.78194506606894,REORDER
84509F,2776,73.05263157894737,431.6730461549244,1884.4642208958007,2395.8326419484324,219.1578947368421,2176.6747472115903,REORDER
84509G,274,3.7534246575342465,3.6544524666562888,15.95347446805052,42.22744707079025,11.26027397260274,30.96717309818751,REORDER
84510A,1130,8.828125,6.820660340488667,29.775522212987344,91.57239721298734,26.484375,65.08802221298734,REORDER
84510B,1094,16.575757575757574,25.08818944079563,109.52223167361606,225.5525347039191,49.72727272727272,175.82526197664637,REORDER
84510C,128,3.657142857142857,4.37871091118122,19.115217221150395,44.7152172211504,10.971428571428572,33.74378864972182,REORDER
84510E,103,25.75,49.5,216.09173833120045,396.3417383312004,77.25,319.0917383312004,REORDER
84510F,1092,39.0,188.3674502038404,822.3161567588628,1095.3161567588627,117.0,978.3161567588627,REORDER
84519A,668,8.35,13.408952233489385,58.536642370399065,116.98664237039907,25.049999999999997,91.93664237039907,REORDER
84519B,374,6.131147540983607,10.488843930316415,45.78893975730777,88.70697254419302,18.393442622950822,70.3135299212422,REORDER
84520B,6174,26.272340425531915,46.309003490985,202.1614760556076,386.06785903433104,78.81702127659574,307.2508377577353,REORDER
84520D,619,18.205882352941178,18.093661056015787,78.98769031050495,206.42886678109318,54.617647058823536,151.81121972226964,REORDER
84522,167,11.133333333333333,25.430203264921772,111.01528948752957,188.9486228208629,33.4,155.5486228208629,REORDER
84526,84,2.8,2.964153656029276,12.939982145699988,32.53998214569999,8.399999999999999,24.13998214569999,REORDER
84527,24,2.0,1.4142135623730951,6.173734688177003,20.173734688177003,6.0,14.173734688177003,REORDER
84529A,24,2.4,1.577621275493231,6.887089370699353,23.687089370699354,7.199999999999999,16.487089370699355,REORDER
84529B,3,1.5,0.7071067811865476,3.0868673440885015,13.586867344088501,4.5,9.086867344088501,REORDER
84529C,33,3.0,1.8973665961010275,8.282934262687347,29.28293426268735,9.0,20.28293426268735,REORDER
84531A,47,3.6153846153846154,2.063106942552968,9.006472031907856,34.31416433960016,10.846153846153847,23.468010493446315,REORDER
84531B,42,3.0,1.797434068545834,7.846679846622047,28.846679846622045,9.0,19.846679846622045,REORDER
84532B,38,1.7272727272727273,0.7672969364884684,3.349626844888845,15.440535935797936,5.181818181818182,10.258717753979754,REORDER
84533B,52,2.736842105263158,1.6276126096272243,7.105326023113705,26.26322075995581,8.210526315789474,18.052694444166335,REORDER
84534B,720,7.826086956521739,6.329086345625049,27.62956101968448,82.41216971533666,23.47826086956522,58.93390884577144,REORDER
84535A,177,9.31578947368421,8.260028460933933,36.0590688644122,101.26959518020168,27.94736842105263,73.32222675914905,REORDER
84535B,1315,11.63716814159292,16.442031258605976,71.77751750238586,153.2376944935363,34.911504424778755,118.32619006875755,REORDER
84536A,1841,13.15,13.698671363395144,59.80140823725035,151.85140823725035,39.45,112.40140823725035,REORDER
84536B,1198,12.224489795918368,11.199715213835967,48.892240997418305,134.46366956884688,36.673469387755105,97.79020018109178,REORDER
84537B,117,10.636363636363637,7.852040846464405,34.27800315070876,108.73254860525421,31.90909090909091,76.8234576961633,REORDER
84539,17,2.125,0.8345229603962803,3.643101357360237,18.518101357360237,6.375,12.143101357360237,REORDER
84546,21,7.0,4.58257569495584,20.00518682742053,69.00518682742053,21.0,48.00518682742053,REORDER
84548,26,2.888888888888889,3.551212625443753,15.502782008400946,35.72500423062317,8.666666666666666,27.058337563956506,REORDER
84549,33,5.5,3.6742346141747673,16.039833228559452,54.53983322855945,16.5,38.03983322855945,REORDER
84550,11,3.6666666666666665,2.8867513459481287,12.60208316112856,38.268749827795226,11.0,27.268749827795226,REORDER
84551,23,4.6,4.33589667773576,18.92831212760398,51.12831212760398,13.799999999999999,37.32831212760398,REORDER
84555A,46,3.066666666666667,3.6735865438612025,16.037004084304524,37.503670750971196,9.200000000000001,28.303670750971193,REORDER
84558A,967,11.792682926829269,33.17098903711936,144.80760976154173,227.3563902493466,35.3780487804878,191.9783414688588,REORDER
84559A,918,9.663157894736843,10.873166782453918,47.46669719566732,115.10880245882522,28.98947368421053,86.1193287746147,REORDER
84559B,951,10.45054945054945,11.801378202249408,51.51879455410124,124.67264070794741,31.35164835164835,93.32099235629906,REORDER
84559D,145,5.178571428571429,4.530175137065538,19.776432733601542,56.02643273360154,15.535714285714286,40.490718447887254,REORDER
84562A,142,2.491228070175439,2.8854487582247677,12.596396727886741,30.034993219114813,7.473684210526317,22.561309008588495,REORDER
84562B,7,1.75,0.9574271077563382,4.179638142231933,16.429638142231934,5.25,11.179638142231934,REORDER
84563A,36,1.7142857142857142,1.1019463300386796,4.810535313247374,16.810535313247374,5.142857142857142,11.667678170390232,REORDER
84563B,28,1.6470588235294117,0.6063390625908324,2.64696691016896,14.176378674874842,4.9411764705882355,9.235202204286606,REORDER
84564,18,2.0,1.8027756377319946,7.869998411689801,21.8699984116898,6.0,15.8699984116898,REORDER
84567,9,9.0,0.0,0.0,63.0,27.0,36.0,REORDER
84568,22177,504.02272727272725,523.8004452539182,2286.645429365171,5814.804520274261,1512.0681818181818,4302.7363384560795,REORDER
84569A,271,7.131578947368421,5.667217500352494,24.740179417215575,74.66123204879452,21.394736842105264,53.26649520668926,REORDER
84569B,357,7.14,5.771181041367954,25.194031180874116,75.17403118087411,21.419999999999998,53.75403118087411,REORDER
84569C,350,7.777777777777778,5.724305789148302,24.98939775184668,79.43384219629112,23.333333333333332,56.100508862957795,REORDER
84569D,550,9.821428571428571,8.08164506848618,35.28033800858489,104.03033800858489,29.464285714285715,74.56605229429917,REORDER
84570B,4,2.0,1.4142135623730951,6.173734688177003,20.173734688177003,6.0,14.173734688177003,REORDER
84572,1,1.0,0.0,0.0,7.0,3.0,4.0,REORDER
84575A,10,1.1111111111111112,0.3333333333333333,1.4551632210855248,9.232940998863302,3.3333333333333335,5.8996076655299685,REORDER
84575B,4,1.3333333333333333,0.5773502691896258,2.520416632225712,11.853749965559045,4.0,7.853749965559045,REORDER
84576,27,2.4545454545454546,1.8090680674665818,7.89746794865291,25.079286130471093,7.363636363636363,17.71564976683473,REORDER
84578,160,2.909090909090909,1.838605825203265,8.026414724728177,28.39005108836454,8.727272727272727,19.662778361091814,REORDER
84580,545,4.097744360902255,3.366197075682793,14.695098538377742,43.37930906469353,12.293233082706767,31.086075981986763,REORDER
84581,279,2.8469387755102042,2.1840662012564196,9.534518425452953,29.463089854024382,8.540816326530614,20.92227352749377,REORDER
84582,11,1.5714285714285714,0.7867957924694432,3.434748899119119,14.43474889911912,4.714285714285714,9.720463184833406,REORDER
84584,124,3.875,2.7795334953212745,12.13402474250044,39.25902474250044,11.625,27.634024742500443,REORDER
84586L,15,1.875,1.1259916264596035,4.915504806222857,18.040504806222856,5.625,12.415504806222856,REORDER
84592,93,4.428571428571429,3.295017884191656,14.384366513684224,45.38436651368423,13.285714285714286,32.09865222796994,REORDER
84593,20,3.3333333333333335,3.6147844564602556,15.78030417957778,39.11363751291111,10.0,29.11363751291111,REORDER
84595B,229,15.266666666666667,26.418247661868296,115.3285870892382,222.19525375590487,45.800000000000004,176.39525375590486,REORDER
84595E,286,15.88888888888889,25.11359811849979,109.6331529934906,220.85537521571283,47.66666666666667,173.18870854904617,REORDER
84596B,1069,8.834710743801653,12.424000367191196,54.23684517926905,116.07982038588062,26.50413223140496,89.57568815447567,REORDER
84596E,493,6.32051282051282,9.187079563301436,40.10610086910815,84.34969061269788,18.96153846153846,65.38815215115943,REORDER
84596F,891,8.327102803738319,12.72701457599674,55.559650575629526,113.84937020179775,24.981308411214954,88.8680617905828,REORDER
84596G,310,5.0,5.708779548592346,24.92161810919042,59.92161810919042,15.0,44.92161810919042,REORDER
84596I,71,7.888888888888889,18.14830876724085,79.22625432897858,134.44847655120083,23.666666666666668,110.78180988453416,REORDER
84596J,208,5.473684210526316,4.908552063189434,21.42823329341021,59.74402276709442,16.42105263157895,43.322970135515476,REORDER
84596K,358,6.280701754385965,13.807030282179891,60.27444797712682,104.23936025782857,18.842105263157894,85.39725499467067,REORDER
84596L,227,4.203703703703703,5.155614743389014,22.506782869997934,51.93270879592386,12.61111111111111,39.321597684812744,REORDER
84597B,154,11.846153846153847,6.8901639294256976,30.07893941205118,113.00201633512812,35.53846153846154,77.46355479666659,REORDER
84597C,307,13.347826086956522,8.359038089790072,36.49129437574654,129.9260769844422,40.04347826086956,89.88259872357264,REORDER
84598,16993,499.79411764705884,545.9943267222053,2383.5325895025203,5882.0914130319325,1499.3823529411766,4382.709060090756,REORDER
84599,6,3.0,1.4142135623730951,6.173734688177003,27.173734688177003,9.0,18.173734688177003,REORDER
84600,46,2.7058823529411766,3.5313720046596786,15.416167983455475,34.35734445404371,8.117647058823529,26.239697395220183,REORDER
84601A,254,21.166666666666668,42.46674278096029,185.3881266424579,333.5547933091246,63.5,270.0547933091246,REORDER
84608,6,1.5,0.5773502691896257,2.5204166322257118,13.02041663222571,4.5,8.52041663222571,REORDER
84609,39,3.9,1.7919573407620815,7.822771248093606,35.122771248093606,11.7,23.422771248093607,REORDER
84611B,7,1.75,0.5,2.182744831628287,14.432744831628288,5.25,9.182744831628288,REORDER
84612B,20,5.0,2.0,8.730979326513149,43.73097932651315,15.0,28.73097932651315,REORDER
84613A,16,2.2857142857142856,0.951189731211342,4.152408939398913,20.152408939398914,6.857142857142857,13.295266082256056,REORDER
84613C,62,5.166666666666667,9.814954576223638,42.847082747837106,79.01374941450378,15.5,63.51374941450378,REORDER
84614A,13,1.8571428571428572,0.3779644730092272,1.65,14.65,5.571428571428571,9.07857142857143,REORDER
84614C,3,3.0,0.0,0.0,21.0,9.0,12.0,REORDER
84615,235,16.785714285714285,24.28414668502437,106.0121913344803,223.5121913344803,50.357142857142854,173.15504847733743,REORDER
84616,58,4.142857142857143,5.868522849879724,25.61897583973495,54.61897583973496,12.42857142857143,42.19040441116353,REORDER
84617,8,2.0,0.816496580927726,3.564407384124323,17.564407384124323,6.0,11.564407384124323,REORDER
84619,69,4.3125,6.529101520627985,28.50272519865425,58.69022519865425,12.9375,45.75272519865425,REORDER
84620,109,2.658536585365854,1.9825457888477755,8.654783148147816,27.26453924570879,7.975609756097562,19.288929489611228,REORDER
84621,27,2.076923076923077,1.1875421719907087,5.1842030765067,19.722664614968238,6.230769230769232,13.491895384199006,REORDER
84622,21,3.5,2.7386127875258306,11.955385815606288,36.45538581560629,10.5,25.95538581560629,REORDER
84623,53,5.3,5.812821078348179,25.37581033188891,62.47581033188891,15.899999999999999,46.57581033188891,REORDER
84625A,347,10.84375,12.331730315760442,53.83404122351994,129.74029122351993,32.53125,97.20904122351993,REORDER
84625B,180,11.25,10.009995004993758,43.69852972355019,122.4485297235502,33.75,88.6985297235502,REORDER
84625C,336,11.2,13.41486566051465,58.56245737495229,136.9624573749523,33.599999999999994,103.3624573749523,REORDER
84625D,639,16.81578947368421,14.386283375489521,62.8031713683794,180.51369768416887,50.44736842105263,130.06632926311624,REORDER
84626,1,1.0,0.0,0.0,7.0,3.0,4.0,REORDER
84627,50,2.6315789473684212,3.2181866238922243,14.04896044103208,32.470013072611025,7.894736842105264,24.57527623050576,REORDER
84629,4,1.3333333333333333,0.5773502691896257,2.5204166322257118,11.853749965559043,4.0,7.853749965559043,REORDER
84630,2,2.0,0.0,0.0,14.0,6.0,8.0,REORDER
84631,237,18.23076923076923,39.260144859118576,171.3897565604379,299.0051411758225,54.69230769230769,244.3128334835148,REORDER
84632,8,1.6,1.3416407864998738,5.85691898526862,17.05691898526862,4.800000000000001,12.25691898526862,REORDER
84637,458,25.444444444444443,56.475108751526385,246.54150348607934,424.65261459719045,76.33333333333333,348.31928126385714,REORDER
84638,337,19.823529411764707,40.79711278711652,178.09937416286976,316.86408004522275,59.470588235294116,257.3934918099286,REORDER
84648,1,1.0,0.0,0.0,7.0,3.0,4.0,REORDER
84653,10,1.25,0.4629100498862757,2.0208290377961218,10.770829037796123,3.75,7.020829037796123,REORDER
84656,20,1.6666666666666667,0.8876253645985945,3.8749193539995126,15.54158602066618,5.0,10.54158602066618,REORDER
84657,245,15.3125,24.97123344971169,109.0116615034832,216.1991615034832,45.9375,170.2616615034832,REORDER
84658,162,3.951219512195122,4.387204232265664,19.152294726551254,46.810831311917106,11.853658536585366,34.95717277533174,REORDER
84659A,177,4.317073170731708,2.96174800067666,12.929480282124786,43.148992477246736,12.951219512195124,30.197772965051612,REORDER
84660A,14,2.3333333333333335,1.3662601021279464,5.964394353159422,22.297727686492756,7.0,15.297727686492756,REORDER
84660B,32,2.2857142857142856,1.4373357526806554,6.274674370956509,22.27467437095651,6.857142857142857,15.417531513813653,REORDER
84660C,50,1.8518518518518519,1.166971877049041,5.09440366656871,18.057366629531675,5.555555555555555,12.50181107397612,REORDER
84661A,109,9.083333333333334,11.057357347718826,48.27077920440067,111.85411253773401,27.25,84.60411253773401,REORDER
84661B,112,8.615384615384615,9.587652315508574,41.85479707825064,102.16248938594295,25.846153846153847,76.3163355397891,REORDER
84661C,75,12.5,10.074720839804943,43.98108968636407,131.48108968636407,37.5,93.98108968636407,REORDER
84663A,85,6.071428571428571,10.178894346140455,44.43585805145694,86.93585805145693,18.214285714285715,68.72157233717121,REORDER
84664,192,8.727272727272727,8.007031541873312,34.9546134294173,96.04552252032639,26.18181818181818,69.8637043385082,REORDER
84665,125,6.578947368421052,6.336102810909034,27.66019132635431,73.71282290530168,19.736842105263158,53.97598080003852,REORDER
84666,202,14.428571428571429,9.221332172358125,40.255630279884684,141.25563027988468,43.285714285714285,97.9699159941704,REORDER
84670,5092,42.082644628099175,64.34290776468161,280.8882987505888,575.466811147283,126.24793388429752,449.2188772629855,REORDER
84671B,98,7.0,6.492599337233598,28.343375294359756,77.34337529435976,21.0,56.34337529435976,REORDER
84673A,394,9.609756097560975,21.04029235631065,91.85117879337045,159.1194714762973,28.829268292682926,130.29020318361438,REORDER
84673B,285,8.142857142857142,9.619657744745934,41.994516448754425,98.99451644875442,24.428571428571427,74.565945020183,REORDER
84674,264,5.5,7.607387227263503,33.209970305008916,71.70997030500891,16.5,55.20997030500891,REORDER
84675,178,4.944444444444445,8.19039313357666,35.75507656263653,70.36618767374765,14.833333333333334,55.53285434041431,REORDER
84676,832,11.71830985915493,26.587420816507276,116.06711074711518,198.0952797611997,35.15492957746479,162.9403501837349,REORDER
84678,457,8.96078431372549,10.545066684120542,46.0343796078795,108.75986980395794,26.88235294117647,81.87751686278148,REORDER
84679,8,4.0,0.0,0.0,28.0,12.0,16.0,REORDER
84680,94,5.875,11.586630226256466,50.58131448469878,91.70631448469878,17.625,74.08131448469878,REORDER
84682,283,7.861111111111111,13.883500542067454,60.608278106212516,115.63605588399028,23.583333333333332,92.05272255065695,REORDER
84683,346,16.476190476190474,21.45371540693837,93.65597284743777,208.98930618077108,49.42857142857142,159.56073475219966,REORDER
84684,574,31.88888888888889,43.716854858198694,190.84547799355437,414.0677002157766,95.66666666666667,318.4010335491099,REORDER
84685,339,8.692307692307692,15.238721189187148,66.52447983264543,127.37063367879927,26.076923076923073,101.2937106018762,REORDER
84686,295,10.925925925925926,22.02258617860995,96.13937232089883,172.6208538023803,32.77777777777778,139.84307602460254,REORDER
84687,222,7.928571428571429,17.107348586539523,74.68195342026524,130.18195342026524,23.785714285714285,106.39623913455097,REORDER
84688,354,9.833333333333334,17.7240756357802,77.37426897877616,146.2076023121095,29.5,116.70760231210949,REORDER
84689,302,10.413793103448276,20.63200918368507,90.06882282359189,162.96537454772982,31.241379310344826,131.723995237385,REORDER
84690,26,2.0,1.2909944487358054,5.635822921277778,19.63582292127778,6.0,13.635822921277779,REORDER
84691,2374,19.949579831932773,37.1859388268218,162.33483156698185,301.98189039051124,59.84873949579832,242.1331508947129,REORDER
84692,10797,52.4126213592233,71.3751315298251,311.58739890702986,678.4757484215929,157.2378640776699,521.237884343923,REORDER
84705A,14,2.0,1.0,4.365489663256574,18.365489663256575,6.0,12.365489663256575,REORDER
84705B,83,41.5,24.748737341529164,108.04035704309756,398.5403570430976,124.5,274.0403570430976,REORDER
84705C,148,29.6,51.481064480059075,224.7400548411431,431.94005484114314,88.80000000000001,343.1400548411431,REORDER
84705D,10,3.3333333333333335,2.5166114784235836,10.986241395491,34.319574728824335,10.0,24.319574728824335,REORDER
84705F,8,1.6,0.5477225575051662,2.391077163121258,13.591077163121259,4.800000000000001,8.791077163121258,REORDER
84706A,136,22.666666666666668,31.007525968168867,135.363034097201,294.0297007638677,68.0,226.0297007638677,REORDER
84706B,19,2.375,0.9161253813129043,3.9993358823684715,20.62433588236847,7.125,13.49933588236847,REORDER
84706C,84,21.0,14.30617582258329,62.45346267421847,209.45346267421849,63.0,146.45346267421849,REORDER
84706D,212,17.666666666666668,14.060475443489445,61.38086020902607,185.04752687569274,53.0,132.04752687569274,REORDER
84706F,17,2.8333333333333335,1.4719601443879744,6.425826795051357,26.259160128384693,8.5,17.759160128384693,REORDER
84707A,29,1.8125,0.9810708435174292,4.282854626297746,16.970354626297745,5.4375,11.532854626297745,REORDER
84707B,19,1.9,1.1972189997378648,5.226447168010024,18.526447168010023,5.699999999999999,12.826447168010024,REORDER
84708B,73,2.5172413793103448,2.4292957482596296,10.605065478020558,28.22575513319297,7.551724137931034,20.674030995261937,REORDER
84709A,21,1.9090909090909092,0.9438798074485389,4.120497542773203,17.484133906409568,5.7272727272727275,11.756861179136841,REORDER
84709B,93,3.0,4.10690475500305,17.92865025594509,38.92865025594509,9.0,29.928650255945087,REORDER
84711A,19,2.375,1.1877349391654208,5.185044599615321,21.81004459961532,7.125,14.68504459961532,REORDER
84711B,5,1.25,0.5,2.182744831628287,10.932744831628288,3.75,7.182744831628288,REORDER
84712B,48,2.0,1.4744195615489712,6.436563355245324,20.436563355245326,6.0,14.436563355245326,REORDER
84715,216,6.75,3.2229019181777074,14.069545009494567,61.31954500949457,20.25,41.06954500949457,REORDER
84720,35,17.5,6.363961030678928,27.78180609679651,150.28180609679652,52.5,97.78180609679652,REORDER
84721,20,10.0,12.727922061357855,55.56361219359302,125.56361219359303,30.0,95.56361219359303,REORDER
84723,13,2.1666666666666665,1.4719601443879746,6.425826795051359,21.592493461718025,6.5,15.092493461718025,REORDER
84725,93,9.3,15.53526454375478,67.81903678171786,132.91903678171786,27.900000000000002,105.01903678171786,REORDER
84726,233,58.25,48.59612467402451,212.14587993878175,619.8958799387817,174.75,445.1458799387817,REORDER
84731,1,1.0,0.0,0.0,7.0,3.0,4.0,REORDER
84732B,6,1.5,1.0,4.365489663256574,14.865489663256575,4.5,10.365489663256575,REORDER
84732D,4,1.3333333333333333,0.5773502691896258,2.520416632225712,11.853749965559045,4.0,7.853749965559045,REORDER
84741C,120,4.137931034482759,3.7390233439365503,16.322667758630043,45.288185000009356,12.413793103448278,32.87439189656108,REORDER
84743C,8,2.0,0.816496580927726,3.564407384124323,17.564407384124323,6.0,11.564407384124323,REORDER
84744,57,4.071428571428571,4.3758829564273825,19.102871813904358,47.60287181390436,12.214285714285714,35.38858609961864,REORDER
84745A,40,4.0,2.943920288775949,12.851653590102714,40.851653590102714,12.0,28.851653590102714,REORDER
84745B,51,4.25,2.562846428910991,11.188079593924957,40.938079593924954,12.75,28.188079593924954,REORDER
84746,9,1.2857142857142858,0.4879500364742666,2.1301408404140796,11.130140840414079,3.8571428571428577,7.272997983271221,REORDER
84748,956,47.8,133.17997320602635,581.3957963836956,915.9957963836955,143.39999999999998,772.5957963836955,REORDER
84750A,423,10.071428571428571,15.885862493981882,69.34956850939322,139.84956850939324,30.214285714285715,109.63528279510751,REORDER
84750B,503,13.236842105263158,15.412234891565006,67.28195210680936,159.93984684365148,39.71052631578947,120.229320527862,REORDER
84751B,21,1.9090909090909092,1.513574937328539,6.607495743471954,19.971132107108318,5.7272727272727275,14.243859379835591,REORDER
84753A,85,6.538461538461538,6.6284159069793915,28.936281125683983,74.70551189491475,19.615384615384613,55.09012727953014,REORDER
84754,1573,20.166666666666668,24.401626870751752,106.52504987091064,247.69171653757732,60.5,187.19171653757732,REORDER
84755,23944,101.0295358649789,164.6641522075807,718.8396543711009,1426.0464054259533,303.08860759493666,1122.9577978310167,REORDER
84757,5,1.25,0.5,2.182744831628287,10.932744831628288,3.75,7.182744831628288,REORDER
84760L,560,560.0,0.0,0.0,3920.0,1680.0,2240.0,REORDER
84760S,166,9.764705882352942,5.250350128380795,22.92034921392419,91.27329039039478,29.294117647058826,61.97917274333595,REORDER
84761,245,5.833333333333333,4.679569850289643,20.428613809926553,61.26194714325988,17.5,43.76194714325988,REORDER
84762A,54,3.0,2.890145528597235,12.616900430398436,33.61690043039844,9.0,24.616900430398438,REORDER
84762B,82,4.315789473684211,4.203869006032781,18.351946691520794,48.56247300731027,12.947368421052632,35.61510458625764,REORDER
84762C,78,5.571428571428571,5.931847367120397,25.895418365179818,64.89541836517982,16.714285714285715,48.18113265089411,REORDER
84763,1012,11.5,16.097404659808028,70.27305364765016,150.77305364765016,34.5,116.27305364765016,REORDER
84765,7,1.75,0.9574271077563381,4.179638142231933,16.429638142231934,5.25,11.179638142231934,REORDER
84766,54,4.5,6.487750695804293,28.322208600319293,59.82220860031929,13.5,46.32220860031929,REORDER
84767,193,48.25,92.50360353341196,403.82352503909425,741.5735250390942,144.75,596.8235250390942,REORDER
84770,135,15.0,14.983324063771697,65.40954632161883,170.40954632161885,45.0,125.40954632161885,REORDER
84773,187,4.560975609756097,3.640389954989746,15.892084718730802,47.81891398702348,13.682926829268292,34.13598715775519,REORDER
84782A,119,5.409090909090909,7.588582218476656,33.12787723353249,70.99151359716885,16.227272727272727,54.76424086989612,REORDER
84782B,10,1.6666666666666667,1.2110601416389966,5.286870529907082,16.95353719657375,5.0,11.953537196573748,REORDER
84782C,74,4.111111111111111,3.393573318683574,14.814609244216452,43.59238702199423,12.333333333333332,31.259053688660895,REORDER
84789,252,4.271186440677966,5.264816558596799,22.983502265496377,52.88180735024214,12.8135593220339,40.068248028208245,REORDER
84791,296,5.192982456140351,3.9389927850150985,17.19563228662564,53.5465094796081,15.578947368421053,37.96756211118704,REORDER
84792,1453,8.350574712643677,15.461609167525188,67.49749499814429,125.95151798665003,25.051724137931032,100.899793848719,REORDER
84795A,194,4.041666666666667,4.566102361986845,19.933272662625,48.22493932929167,12.125,36.09993932929167,REORDER
84795B,124,3.1794871794871793,2.9635664402682016,12.937418661364916,35.19382891777517,9.538461538461538,25.65536737931363,REORDER
84795C,292,3.8933333333333335,4.720780207313804,20.60851719753464,47.86185053086797,11.68,36.18185053086797,REORDER
84795D,179,3.3773584905660377,2.8231625412642605,12.324486891582291,35.96599632554455,10.132075471698112,25.83392085384644,REORDER
84795E,10,2.0,1.224744871391589,5.346611076186485,19.346611076186484,6.0,13.346611076186484,REORDER
84796A,136,10.461538461538462,15.671712226255435,68.41469772924978,141.645466960019,31.384615384615387,110.26085157540362,REORDER
84796B,161,14.636363636363637,17.545784264447843,76.59593984017691,179.05048529472236,43.90909090909091,135.14139438563146,REORDER
84797A,349,18.36842105263158,23.084892910770765,100.77686137935476,229.3558087477758,55.10526315789474,174.25054558988106,REORDER
84797B,310,20.666666666666668,22.29242878091979,97.3173674119887,241.98403407865538,62.0,179.98403407865538,REORDER
84798A,172,28.666666666666668,56.62390543460127,247.1910738679696,447.85774053463626,86.0,361.85774053463626,REORDER
84798B,315,45.0,53.4696175411794,233.4210626743011,548.4210626743011,135.0,413.4210626743011,REORDER
84798C,16,5.333333333333333,1.1547005383792517,5.040833264451424,42.37416659778475,16.0,26.37416659778475,REORDER
84799,447,23.526315789473685,19.886814227446262,86.81568194502043,251.4998924713362,70.57894736842105,180.92094510291514,REORDER
84800L,287,19.133333333333333,26.297383538146548,114.80095600647236,248.73428933980568,57.4,191.33428933980568,REORDER
84800M,122,8.714285714285714,6.809818380370094,29.72819174816027,90.72819174816027,26.14285714285714,64.58533460530313,REORDER
84800S,281,31.22222222222222,57.44296688407071,250.76667815920038,469.32223371475595,93.66666666666666,375.6555670480893,REORDER
84801A,226,22.6,33.0696235237113,144.36509966054814,302.5650996605482,67.80000000000001,234.76509966054817,REORDER
84801B,180,13.846153846153847,17.9575710766896,78.39359091248367,175.31666783556062,41.53846153846154,133.77820629709908,REORDER
84802A,169,8.45,7.236421040382062,31.59052125076028,90.74052125076027,25.349999999999998,65.39052125076027,REORDER
84802B,401,26.733333333333334,47.55518098057496,207.60165100499566,394.734984338329,80.2,314.534984338329,REORDER
84803A,109,7.266666666666667,5.909637004403022,25.79845925631994,76.6651259229866,21.8,54.86512592298661,REORDER
84803B,25,3.5714285714285716,3.9096949095440023,17.06773271410119,42.06773271410119,10.714285714285715,31.353446999815475,REORDER
84804A,145,16.11111111111111,30.921046410351494,134.98550848146627,247.76328625924404,48.33333333333333,199.4299529259107,REORDER
84804B,256,19.692307692307693,34.16963714416796,149.16719775009312,287.013351596247,59.07692307692308,227.9364285193239,REORDER
84805A,115,28.75,45.05829557362328,196.7015235706119,397.9515235706119,86.25,311.7015235706119,REORDER
84805B,301,60.2,49.17519700011378,214.67381419260244,636.0738141926024,180.60000000000002,455.4738141926024,REORDER
84806A,182,20.22222222222222,18.444360776249322,80.51866631409142,222.07422186964698,60.666666666666664,161.40755520298032,REORDER
84806B,137,12.454545454545455,14.06672411305231,61.408138711411866,148.58995689323007,37.36363636363637,111.22632052959369,REORDER
84807,233,33.285714285714285,60.9718904789037,266.17215763486604,499.17215763486604,99.85714285714286,399.31501477772315,REORDER
84809A,233,16.642857142857142,18.62011791608182,81.28593229127374,197.78593229127375,49.92857142857143,147.8573608627023,REORDER
84809B,278,46.333333333333336,83.41143007206307,364.13173577703986,688.4650691103732,139.0,549.4650691103732,REORDER
84813,234,5.7073170731707314,11.63452599472584,50.79040296686557,90.7416224790607,17.121951219512194,73.6196712595485,REORDER
84814A,1,1.0,0.0,0.0,7.0,3.0,4.0,REORDER
84814B,6,3.0,1.4142135623730951,6.173734688177003,27.173734688177003,9.0,18.173734688177003,REORDER
84815,906,27.454545454545453,140.13945975997686,611.7773629965396,803.9591811783578,82.36363636363636,721.5955448147214,REORDER
84816,18,2.25,1.1649647450214349,5.085641552449405,20.835641552449406,6.75,14.085641552449406,REORDER
84817,100,4.545454545454546,3.634848169060327,15.867892109539943,47.686073927721765,13.636363636363637,34.049710291358124,REORDER
84818,269,5.604166666666667,4.96258161767207,21.66409875501451,60.89326542168118,16.8125,44.08076542168118,REORDER
84819,101,3.2580645161290325,1.4368424162141993,6.272520715711687,29.078972328614917,9.774193548387098,19.30477878022782,REORDER
84820,58,3.2222222222222223,2.734433064276128,11.937139276964439,34.492694832519994,9.666666666666668,24.826028165853327,REORDER
84821,371,14.84,7.987907527423354,34.871127742016036,138.75112774201602,44.519999999999996,94.23112774201603,REORDER
84823,8,2.0,1.4142135623730951,6.173734688177003,20.173734688177003,6.0,14.173734688177003,REORDER
84824,31,1.3478260869565217,0.7751067757631797,3.3837206175142924,12.818503226209945,4.043478260869565,8.775024965340378,REORDER
84826,632,30.095238095238095,29.31536246049972,127.97591179593135,338.642578462598,90.28571428571428,248.35686417688373,REORDER
84827,578,38.53333333333333,27.76654376008927,121.21455976903106,390.9478931023644,115.6,275.3478931023644,REORDER
84828,1349,13.907216494845361,13.958332692209044,60.9349570841349,158.28547254805244,41.72164948453609,116.56382306351635,REORDER
84830,113,16.142857142857142,37.02444494937802,161.62983171432182,274.6298317143218,48.42857142857143,226.20126028575038,REORDER
84832,3626,22.245398773006134,22.632897509724135,98.80368012824617,254.5214715392891,66.7361963190184,187.7852752202707,REORDER
84836,13771,49.53597122302158,67.147371203366,293.13115490314647,639.8829534642975,148.60791366906474,491.27503979523283,REORDER
84837,239,2.414141414141414,2.3387162927908394,10.209641801468145,27.10863170045804,7.242424242424242,19.8662074580338,REORDER
84838,49,16.333333333333332,24.826061575153908,108.37791518570562,222.71124851903895,49.0,173.71124851903895,REORDER
84839,1478,8.445714285714285,22.608262436057935,98.69613596880282,157.81613596880283,25.337142857142855,132.47899311165997,REORDER
84840,260,3.0232558139534884,2.243824173598418,9.795391236009118,30.958181933683534,9.069767441860465,21.88841449182307,REORDER
84842,1481,92.5625,244.9378067319675,1069.2734634291407,1717.2109634291407,277.6875,1439.5234634291407,REORDER
84843,88,2.1463414634146343,1.1305081956747616,4.935221842445013,19.95961208634745,6.439024390243903,13.520587696103549,REORDER
84845A,1,1.0,0.0,0.0,7.0,3.0,4.0,REORDER
84845C,42,3.230769230769231,2.1273554065179203,9.286948037226969,31.902332652611584,9.692307692307693,22.21002496030389,REORDER
84845D,41,4.1,5.78215646046813,25.241944259505846,53.941944259505846,12.299999999999999,41.64194425950585,REORDER
84846A,190,6.129032258064516,3.78366608360966,16.517555177212454,59.42078098366407,18.387096774193548,41.03368420947052,REORDER
84847,2295,95.625,314.58748869508184,1373.3284300882242,2042.7034300882242,286.875,1755.8284300882242,REORDER
84849A,288,7.578947368421052,15.731929279717093,68.67757465368841,121.73020623263577,22.736842105263158,98.99336412737262,REORDER
84849B,1620,11.654676258992806,20.127028561086213,87.86433513549171,169.44706894844137,34.96402877697842,134.48304017146296,REORDER
84849D,1053,10.323529411764707,19.933136630615113,87.01790191723126,159.28260779958418,30.97058823529412,128.31201956429007,REORDER
84854,280,6.086956521739131,7.571367370873923,33.05272599426822,75.66142164644214,18.26086956521739,57.400552081224745,REORDER
84855,31,3.4444444444444446,2.3511226632776476,10.26380168358684,34.374912794697956,10.333333333333334,24.04157946136462,REORDER
84856L,211,4.586956521739131,6.635179263948661,28.965806490622246,61.07450214279616,13.760869565217392,47.31363257757877,REORDER
84856S,457,18.28,42.21425509627445,184.2858942648623,312.2458942648623,54.84,257.40589426486224,REORDER
84857A,8,2.6666666666666665,2.0816659994661326,9.087491403022067,27.75415806968873,8.0,19.75415806968873,REORDER
84857C,98,19.6,22.995651762887697,100.38728007073406,237.5872800707341,58.800000000000004,178.78728007073408,REORDER
84858A,52,7.428571428571429,14.81954950796574,64.69459019114349,116.69459019114349,22.285714285714285,94.4088759054292,REORDER
84858B,326,46.57142857142857,44.78041663814345,195.48844595013796,521.4884459501379,139.71428571428572,381.7741602358522,REORDER
84858C,159,7.95,15.146564661751906,66.12217146472527,121.77217146472526,23.85,97.92217146472527,REORDER
84859A,161,9.470588235294118,13.743715141196462,59.99804638363603,126.29216403069486,28.411764705882355,97.88039932481252,REORDER
84859B,249,49.8,84.35757227421851,368.2621097805203,716.8621097805203,149.39999999999998,567.4621097805203,REORDER
84859C,219,16.846153846153847,27.058104620261663,118.12187602706724,236.0449529501442,50.53846153846154,185.50649141168265,REORDER
84864A,4,1.3333333333333333,0.5773502691896257,2.5204166322257118,11.853749965559043,4.0,7.853749965559043,REORDER
84865,43,1.6538461538461537,1.2943664919120146,5.650543540907575,17.22746661783065,4.961538461538462,12.265928156292189,REORDER
84867A,15,5.0,6.082762530298219,26.55423695006128,61.55423695006128,15.0,46.55423695006128,REORDER
84868A,2,1.0,0.0,0.0,7.0,3.0,4.0,REORDER
84868B,5,1.25,0.5,2.182744831628287,10.932744831628288,3.75,7.182744831628288,REORDER
84869,295,14.75,22.161785506635184,96.74704554852526,199.99704554852525,44.25,155.74704554852525,REORDER
84870B,39,2.6,2.02837021134844,8.854829190899167,27.054829190899166,7.800000000000001,19.254829190899166,REORDER
84870C,39,3.0,2.19848432637882,9.597460601638332,30.597460601638332,9.0,21.597460601638332,REORDER
84872A,4,1.3333333333333333,0.5773502691896257,2.5204166322257118,11.853749965559043,4.0,7.853749965559043,REORDER
84873A,4,1.3333333333333333,0.5773502691896258,2.520416632225712,11.853749965559045,4.0,7.853749965559045,REORDER
84874B,45,2.142857142857143,1.3887301496588271,6.062487113388365,21.062487113388364,6.428571428571429,14.633915684816936,REORDER
84875A,15,1.3636363636363635,0.674199862463242,2.9432125305522874,12.488667076006832,4.090909090909091,8.39775798509774,REORDER
84875B,246,49.2,49.50959502965056,216.1336253339586,560.5336253339586,147.60000000000002,412.9336253339586,REORDER
84875D,320,24.615384615384617,36.22738021059592,158.15025383622225,330.45794614391457,73.84615384615385,256.6117922977607,REORDER
84876B,126,18.0,17.233687939614086,75.23348656017478,201.23348656017478,54.0,147.23348656017478,REORDER
84876C,7,2.3333333333333335,2.3094010767585034,10.081666528902849,26.414999862236186,7.0,19.414999862236186,REORDER
84876D,204,13.6,13.958100566644855,60.933943742383846,156.13394374238385,40.8,115.33394374238385,REORDER
84877A,34,2.6153846153846154,3.404371247344154,14.861747490168794,33.1694397978611,7.846153846153847,25.323285951707255,REORDER
84877B,101,16.833333333333332,11.14300976696452,48.64469395525066,166.47802728858397,50.5,115.97802728858397,REORDER
84877D,19,3.1666666666666665,2.786873995477131,12.166069620053964,34.33273628672063,9.5,24.832736286720632,REORDER
84879,44431,154.27430555555554,250.5781977848252,1093.8965322671158,2173.8166711560043,462.82291666666663,1710.9937544893378,REORDER
84880,1439,8.464705882352941,17.6182880098547,76.91245419129794,136.16539536776853,25.394117647058824,110.7712777207097,REORDER
84881,41,2.2777777777777777,0.8264420947336313,3.607824421839778,19.552268866284223,6.833333333333333,12.71893553295089,REORDER
84882,21,1.75,0.9653072991634227,4.214039036364044,16.464039036364042,5.25,11.214039036364042,REORDER
84884A,1380,9.324324324324325,25.485013928081468,111.25456487098948,176.52483514125976,27.972972972972975,148.5518621682868,REORDER
84886,11,1.375,0.5175491695067657,2.2593555497088103,11.884355549708811,4.125,7.759355549708811,REORDER
84891B,7,1.75,0.9574271077563381,4.179638142231933,16.429638142231934,5.25,11.179638142231934,REORDER
84893,33,2.2,2.274077520980446,9.927461911284274,25.327461911284274,6.6000000000000005,18.727461911284273,REORDER
84898F,116,4.0,2.8535691936340255,12.457226818196737,40.45722681819674,12.0,28.457226818196737,REORDER
84899E,46,3.5384615384615383,3.5734060459498265,15.599667156212515,40.36889792544328,10.615384615384615,29.753513310058665,REORDER
84899F,86,3.739130434782609,3.670736751715554,16.024563346150266,42.198476389628524,11.217391304347826,30.981085085280696,REORDER
84901,98,2.0416666666666665,1.14776996237261,5.010577906534016,19.30224457320068,6.125,13.177244573200682,REORDER
84902,58,2.0714285714285716,1.5617789341495933,6.8179297933219205,21.317929793321923,6.214285714285715,15.103644079036208,REORDER
84905,139,8.6875,10.650312984446359,46.493831244047854,107.30633124404785,26.0625,81.24383124404785,REORDER
84906,31,3.4444444444444446,2.650995620097811,11.572893976875445,35.68400508798656,10.333333333333334,25.350671754653227,REORDER
84907,360,32.72727272727273,58.14996287030786,253.85306182908258,482.94397091999167,98.18181818181819,384.7621527381735,REORDER
84908A,387,64.5,97.58842144434965,426.0212450688346,877.5212450688346,193.5,684.0212450688346,REORDER
84908B,385,96.25,108.81291283666658,475.02164621730657,1148.7716462173066,288.75,860.0216462173066,REORDER
84909A,208,14.857142857142858,23.326634307843644,101.83218094945761,205.8321809494576,44.57142857142857,161.26075237802905,REORDER
84910A,404,12.242424242424242,51.80192461617034,226.1407664486879,311.8377361456576,36.72727272727273,275.1104634183848,REORDER
84912A,791,13.637931034482758,78.37778468728489,342.1574088812916,437.6229261226709,40.91379310344827,396.70913301922263,REORDER
84912B,726,20.166666666666668,99.43626817500457,434.0880008707911,575.2546675374579,60.5,514.7546675374579,REORDER
84913A,77,3.347826086956522,2.5514469273188696,11.138315187558275,34.573097796253926,10.043478260869566,24.52961953538436,REORDER
84913B,38,3.4545454545454546,2.621588692515909,11.44451833848852,35.6263365203067,10.363636363636363,25.262700156670338,REORDER
84914A,3,1.5,0.7071067811865476,3.0868673440885015,13.586867344088501,4.5,9.086867344088501,REORDER
84915,11,1.375,0.5175491695067657,2.2593555497088103,11.884355549708811,4.125,7.759355549708811,REORDER
84916,21,1.5,0.5188745216627708,2.2651413608460254,12.765141360846025,4.5,8.265141360846025,REORDER
84917,13,4.333333333333333,4.932882862316247,21.53444914549708,51.867782478830414,13.0,38.867782478830414,REORDER
84918,113,6.647058823529412,11.900321300655019,51.95072962744152,98.4801413921474,19.941176470588236,78.53896492155917,REORDER
84919,231,21.0,48.41487374764082,211.3546308931981,358.3546308931981,63.0,295.3546308931981,REORDER
84920,79,2.925925925925926,1.567112138884916,6.841211843466002,27.322693324947483,8.777777777777779,18.544915547169705,REORDER
84921,17,1.7,0.9486832980505137,4.141467131343673,16.041467131343673,5.1,10.941467131343673,REORDER
84922,327,65.4,131.1708809149348,572.6251247544069,1030.425124754407,196.20000000000002,834.225124754407,REORDER
84923,9,1.8,1.3038404810405297,5.691902142517913,18.291902142517912,5.4,12.891902142517912,REORDER
84924A,51,2.4285714285714284,1.8593393604027364,8.116926758324237,25.116926758324237,7.285714285714285,17.831212472609952,REORDER
84924D,760,63.333333333333336,144.1793916261855,629.4136437987343,1072.7469771320675,190.0,882.7469771320675,REORDER
84924F,963,192.6,262.35910504497457,1145.3259611350823,2493.525961135082,577.8,1915.7259611350821,REORDER
84925A,177,11.8,36.67268348901828,160.09422069518936,242.69422069518936,35.400000000000006,207.29422069518935,REORDER
84925C,28,2.8,2.485513584307633,10.850483860178771,30.45048386017877,8.399999999999999,22.050483860178772,REORDER
84925D,438,25.764705882352942,67.35032424918671,294.0171443268032,474.3700855032738,77.29411764705883,397.07596785621496,REORDER
84925E,75,25.0,40.70626487409524,177.70277853764694,352.70277853764696,75.0,277.70277853764696,REORDER
84925F,633,35.166666666666664,71.27927675080358,311.1689458600377,557.3356125267044,105.5,451.8356125267044,REORDER
84926A,58,4.833333333333333,6.739750917077161,29.42231296142436,63.25564629475769,14.5,48.75564629475769,REORDER
84926B,54,6.0,8.396427811873332,36.65451882101305,78.65451882101306,18.0,60.654518821013056,REORDER
84926C,125,7.8125,4.150803135137424,18.120288180655407,72.80778818065541,23.4375,49.37028818065541,REORDER
84926D,61,7.625,7.707834604200734,33.648472290729636,87.02347229072964,22.875,64.14847229072964,REORDER
84926E,111,10.090909090909092,10.173048171069922,44.41033663461695,115.04670027098058,30.272727272727273,84.7739729982533,REORDER
84926F,42,6.0,4.58257569495584,20.00518682742053,62.00518682742053,18.0,44.00518682742053,REORDER
84927A,172,15.636363636363637,27.94735310283508,122.00388108580809,231.45842654035354,46.90909090909091,184.54933563126264,REORDER
84927D,905,69.61538461538461,160.8485511599542,702.1826874385764,1189.4903797462687,208.84615384615384,980.6442259001149,REORDER
84927E,432,33.23076923076923,70.61533573541686,308.2705182203549,540.8859028357396,99.69230769230771,441.1935951434318,REORDER
84927F,29,2.6363636363636362,2.2033033051637387,9.618497803711348,28.073043258256803,7.909090909090908,20.163952349165896,REORDER
84929,684,25.333333333333332,21.1369163022715,92.2729896306856,269.6063229640189,76.0,193.6063229640189,REORDER
84931A,64,2.56,2.2375581929117883,9.768037162091472,27.688037162091476,7.68,20.008037162091476,REORDER
84931B,88,3.52,2.663331247391757,11.626745030316956,36.266745030316955,10.56,25.706745030316952,REORDER
84932A,262,11.391304347826088,16.347752501726575,71.36594456376417,151.1050749985468,34.173913043478265,116.93116195506853,REORDER
84932B,189,11.8125,18.508444018879597,80.79842104738185,163.48592104738185,35.4375,128.04842104738185,REORDER
84932C,282,9.4,7.416663437943247,32.37736757419421,98.17736757419421,28.200000000000003,69.9773675741942,REORDER
84932D,237,13.941176470588236,19.424438821479804,84.79718688972982,182.38542218384748,41.82352941176471,140.56189277208279,REORDER
84933A,131,21.833333333333332,36.7826952066684,160.57447571142805,313.4078090447614,65.5,247.9078090447614,REORDER
84933B,136,27.2,40.19577092182709,175.47422246586535,365.8742224658654,81.6,284.27422246586536,REORDER
84933C,136,27.2,36.928308924184435,161.21015089007267,351.61015089007265,81.6,270.0101508900726,REORDER
84934,684,62.18181818181818,74.21835107548293,323.9994444439682,759.2721717166954,186.54545454545453,572.7267171712409,REORDER
84937,2486,39.46031746031746,86.30419296000767,376.7600622626143,652.9822844848366,118.38095238095238,534.6013321038841,REORDER
84942,3,1.0,0.0,0.0,7.0,3.0,4.0,REORDER
84944,367,6.43859649122807,6.997493285506014,30.54748460658379,75.61766004518029,19.315789473684212,56.301870571496075,REORDER
84945,11842,75.91025641025641,108.67343039939676,474.41273707919936,1005.7845319509943,227.73076923076923,778.053762720225,REORDER
84946,15900,65.4320987654321,73.02800407127961,318.8029969014302,776.8276882594549,196.2962962962963,580.5313919631586,REORDER
84947,6990,41.8562874251497,50.73606111019193,221.48775033089674,514.4817623069446,125.5688622754491,388.9129000314955,REORDER
84948,268,9.925925925925926,7.183988210575417,31.36162627422408,100.84310775570556,29.77777777777778,71.06532997792777,REORDER
84949,7258,37.41237113402062,52.19071296444602,227.83801796428,489.72461590242426,112.23711340206185,377.48750250036244,REORDER
84950,4097,37.24545454545454,173.33703640641394,756.7010406917286,1017.4192225099105,111.73636363636362,905.6828588735468,REORDER
84951A,99,7.615384615384615,15.87733427215487,69.31233864516143,122.62003095285374,22.846153846153847,99.7738771066999,REORDER
84951B,32,3.5555555555555554,2.0682789409984763,9.029050337660102,33.91793922654899,10.666666666666666,23.251272559882324,REORDER
84952A,64,7.111111111111111,8.237785570838264,35.9619677576186,85.73974553539637,21.333333333333332,64.40641220206304,REORDER
84952B,229,22.9,32.060533023918644,139.9599255144129,300.2599255144129,68.69999999999999,231.5599255144129,REORDER
84952C,241,15.0625,24.098322901535422,105.20097952847206,210.63847952847206,45.1875,165.45097952847206,REORDER
84962,3,1.5,0.7071067811865476,3.0868673440885015,13.586867344088501,4.5,9.086867344088501,REORDER
84963A,22,2.75,2.49284690951645,10.882497415575159,30.13249741557516,8.25,21.88249741557516,REORDER
84963B,15,3.0,3.082207001484488,13.455342804997574,34.45534280499757,9.0,25.45534280499757,REORDER
84964A,11,5.5,6.363961030678928,27.78180609679651,66.28180609679652,16.5,49.781806096796515,REORDER
84964B,17,8.5,10.606601717798213,46.30301016132753,105.80301016132753,25.5,80.30301016132753,REORDER
84965A,20,6.666666666666667,7.371114795831994,32.178525447882166,78.84519211454884,20.0,58.84519211454884,REORDER
84965B,27,6.75,6.946221994724902,30.323660316657023,77.57366031665703,20.25,57.323660316657026,REORDER
84966A,12,4.0,3.605551275463989,15.739996823379602,43.7399968233796,12.0,31.7399968233796,REORDER
84966B,33,8.25,7.544313531837517,32.93462273960338,90.68462273960338,24.75,65.93462273960338,REORDER
84966C,23,11.5,10.606601717798213,46.30301016132753,126.80301016132753,34.5,92.30301016132753,REORDER
84967A,2,1.0,0.0,0.0,7.0,3.0,4.0,REORDER
84967B,23,2.3,1.636391694484477,7.143651027310894,23.243651027310893,6.8999999999999995,16.343651027310894,REORDER
84967C,9,2.25,2.5,10.913724158141436,26.663724158141434,6.75,19.913724158141434,REORDER
84968A,208,3.4098360655737703,4.421074715422061,19.300155970660008,43.169008429676396,10.22950819672131,32.93950023295508,REORDER
84968B,278,4.34375,5.192237032034015,22.666657092522488,53.072907092522485,13.03125,40.041657092522485,REORDER
84968C,266,5.541666666666667,15.01766099777098,65.55944385206062,104.3511105187273,16.625,87.7261105187273,REORDER
84968D,281,10.035714285714286,23.070715994696318,100.71497219877489,170.9649721987749,30.10714285714286,140.85782934163203,REORDER
84968E,228,6.333333333333333,14.146175656844,61.75498360456426,106.08831693789759,19.0,87.08831693789759,REORDER
84968F,79,2.393939393939394,2.0757437513364025,9.06163789002849,25.819213647604247,7.181818181818182,18.637395465786064,REORDER
84969,369,4.1,3.0132665466066686,13.154383961848245,41.85438396184824,12.299999999999999,29.554383961848245,REORDER
84970L,10882,46.7038626609442,65.6914340753618,286.7752764204927,613.702315047102,140.11158798283262,473.59072706426946,REORDER
84970S,17235,64.07063197026022,69.51032506769795,303.4466055726397,751.9410293644612,192.21189591078067,559.7291334536806,REORDER
84971L,568,17.21212121212121,25.884065532385915,112.99662052468649,233.48146900953498,51.63636363636363,181.84510537317135,REORDER
84971S,4639,29.737179487179485,41.18410469750822,179.78878334744866,387.94903975770507,89.21153846153845,298.7375012961666,REORDER
84972L,112,3.8620689655172415,2.3713187700854577,10.351967579094358,37.38645033771505,11.586206896551724,25.800243441163325,REORDER
84974,50,1.7857142857142858,1.257780021311589,5.490825681686377,17.990825681686378,5.357142857142858,12.63368282454352,REORDER
84975,1923,15.508064516129032,26.145464239299454,114.13775387770619,222.69420549060942,46.524193548387096,176.17001194222232,REORDER
84976,150,11.538461538461538,18.241963457074206,79.63510290936162,160.4043336785924,34.61538461538461,125.78894906320778,REORDER
84977,220,5.7894736842105265,3.3301074955204064,14.537549849227572,55.06386563870126,17.36842105263158,37.695444586069684,REORDER
84978,8177,33.789256198347104,35.67570928011782,155.741940091701,392.2667334801307,101.36776859504131,290.8989648850894,REORDER
84984A,246,24.6,45.33137250661326,197.89363809885347,370.0936380988535,73.80000000000001,296.2936380988535,REORDER
84984B,305,27.727272727272727,58.37652080946741,254.8420981706123,448.9330072615214,83.18181818181819,365.75118907970324,REORDER
84984C,227,18.916666666666668,37.948429919211854,165.66347854913587,298.08014521580253,56.75,241.33014521580253,REORDER
84984D,139,12.636363636363637,29.200249064940277,127.47338545751423,215.92793091205968,37.90909090909091,178.01884000296877,REORDER
84985A,545,6.488095238095238,8.27610007628884,36.12922933511588,81.54589600178255,19.464285714285715,62.08161028749684,REORDER
84985B,122,6.777777777777778,8.768630958643937,38.2793678108717,85.72381225531615,20.333333333333332,65.39047892198282,REORDER
84986B,415,7.980769230769231,8.44704469637542,36.87548630709317,92.74087092247778,23.942307692307693,68.79856323017009,REORDER
84987,4913,21.835555555555555,37.53384874466382,163.85362871706567,316.70251760595454,65.50666666666666,251.19585093928788,REORDER
84988,3718,19.989247311827956,21.676737873485564,94.62957511982354,234.55430630261924,59.96774193548387,174.58656436713537,REORDER
84989A,2039,22.406593406593405,76.62940805112731,334.5248887486664,491.3710425948202,67.21978021978022,424.15126237504,REORDER
84989B,985,24.024390243902438,34.02387970593451,148.53089516014225,316.7016268674593,72.07317073170731,244.628456135752,REORDER
84990,4199,35.285714285714285,85.1513252041292,371.72722999122504,618.727229991225,105.85714285714286,512.8700871340822,REORDER
84991,35656,122.52920962199313,149.90850659903347,654.4240359923106,1512.1285033462625,367.5876288659794,1144.540874480283,REORDER
84992,21183,79.33707865168539,138.01478703223782,602.5021261657917,1157.8616767275894,238.01123595505618,919.8504407725331,REORDER
84993A,1063,13.2875,12.209348721472889,53.29978563868477,146.31228563868478,39.8625,106.44978563868479,REORDER
84993B,477,8.672727272727272,11.755305414458842,51.31766427524412,112.02675518433503,26.018181818181816,86.00857336615321,REORDER
84997A,2644,14.688888888888888,25.020279794462173,109.22577281451196,212.04799503673416,44.06666666666666,167.9813283700675,REORDER
84997B,4989,19.114942528735632,27.051414844566597,118.09267188042094,251.89726958157036,57.3448275862069,194.55244199536347,REORDER
84997C,4892,18.743295019157088,34.37954449771436,150.08354613224148,281.2866112663411,56.229885057471265,225.0567262088698,REORDER
84997D,5450,23.29059829059829,37.82624831308397,165.13009601054452,328.16428404473254,69.87179487179486,258.2924891729377,REORDER
85006,2992,115.07692307692308,390.0557829928353,1702.7844887486722,2508.3229502871336,345.2307692307692,2163.0921810563646,REORDER
85007,139,9.928571428571429,8.748312239110298,38.19066665077698,107.69066665077699,29.785714285714285,77.90495236506271,REORDER
85008,250,3.5714285714285716,4.933092714181244,21.535365251644542,46.53536525164454,10.714285714285715,35.82107953735883,REORDER
85014A,3469,17.258706467661693,71.71354639340049,313.0647454958606,433.87569076949245,51.776119402985074,382.09957136650735,REORDER
85014B,4208,19.12727272727273,71.22004092929845,310.9103524935625,444.8012615844716,57.38181818181819,387.4194434026534,REORDER
85014C,539,12.534883720930232,37.77083079460562,164.88817140646395,252.63235745297558,37.604651162790695,215.02770629018488,REORDER
85014D,1912,39.833333333333336,130.0511083387675,567.7367691479504,846.5701024812838,119.5,727.0701024812838,REORDER
85015,587,18.93548387096774,55.83364307408868,243.74119170189115,376.28957879866533,56.80645161290322,319.4831271857621,REORDER
85016,934,22.238095238095237,55.655652759520024,242.9641768234819,398.63084349014855,66.71428571428571,331.9165577758628,REORDER
85017A,918,19.956521739130434,45.760709261082205,199.76790326254377,339.4635554364568,59.8695652173913,279.59399021906546,REORDER
85017B,912,22.24390243902439,48.46017978082876,211.5524139127632,367.2597309859339,66.73170731707316,300.5280236688608,REORDER
85017C,887,21.11904761904762,47.785191287551854,208.60575862254572,356.43909195587906,63.35714285714286,293.08194909873623,REORDER
85018A,15,1.5,1.0801234497346435,4.715267754857618,15.215267754857617,4.5,10.715267754857617,REORDER
85018B,15,1.5,1.5811388300841898,6.902445218906124,17.402445218906124,4.5,12.902445218906124,REORDER
85018C,36,9.0,14.023789311975086,61.22070728111527,124.22070728111527,27.0,97.22070728111527,REORDER
85018D,759,18.975,23.06677875324775,100.69778421192942,233.52278421192943,56.925000000000004,176.59778421192942,REORDER
85019A,234,16.714285714285715,37.82638186286344,165.13067902072632,282.13067902072635,50.142857142857146,231.9878218778692,REORDER
85019B,206,18.727272727272727,42.49962566680067,185.5316765406921,316.62258563160117,56.18181818181818,260.440767449783,REORDER
85019C,243,17.357142857142858,37.645322812672624,164.34026760867926,285.84026760867926,52.07142857142857,233.7688390372507,REORDER
85020,156,5.2,8.392936274650538,36.639276551358066,73.03927655135806,15.600000000000001,57.439276551358056,REORDER
85023A,22,2.4444444444444446,1.740051084818425,7.596175024313223,24.707286135424336,7.333333333333334,17.373952802091004,REORDER
85023B,188,7.833333333333333,14.397060891683434,62.850220503919516,117.68355383725284,23.5,94.18355383725284,REORDER
85023C,23,2.3,1.0593499054713802,4.624581062107139,20.724581062107138,6.8999999999999995,13.82458106210714,REORDER
85024A,1,1.0,0.0,0.0,7.0,3.0,4.0,REORDER
85024B,25,3.125,2.0310096011589898,8.866351419834428,30.74135141983443,9.375,21.36635141983443,REORDER
85024C,88,2.6666666666666665,2.3935677693908453,10.449095355579832,29.115762022246496,8.0,21.115762022246496,REORDER
85025B,222,5.414634146341464,4.821698921314444,21.04907680033358,58.95151582472383,16.243902439024392,42.70761338569943,REORDER
85025C,341,6.089285714285714,7.904605759162959,34.50747473374429,77.13247473374429,18.267857142857142,58.86461759088715,REORDER
85026B,96,8.0,5.359782899266792,23.398076844048532,79.39807684404853,24.0,55.39807684404853,REORDER
85027L,121,5.761904761904762,8.263805188318285,36.07555612876952,76.40888946210285,17.285714285714285,59.123175176388564,REORDER
85028L,259,14.38888888888889,33.671665324893475,146.9933069204573,247.71552914267951,43.16666666666667,204.54886247601286,REORDER
85028S,405,18.40909090909091,32.475132011035754,141.76985310706928,270.6334894707056,55.227272727272734,215.40621674343288,REORDER
85030,196,10.31578947368421,16.26534363328276,71.00618950041203,143.2167158162015,30.94736842105263,112.26934739514888,REORDER
85031A,370,12.333333333333334,22.849331588100963,99.74852086017668,186.08185419351003,37.0,149.08185419351003,REORDER
85031B,407,17.695652173913043,25.92372515075138,113.16975417870964,237.03931939610095,53.086956521739125,183.95236287436182,REORDER
85031C,340,13.076923076923077,24.184165194478933,105.5757231709872,197.11418470944875,39.230769230769226,157.88341547867952,REORDER
85032A,652,28.347826086956523,54.298508849148945,237.03957911120534,435.474361719901,85.04347826086956,350.43088345903146,REORDER
85032B,190,14.615384615384615,38.93913725619008,169.98840118802676,272.29609349571905,43.84615384615385,228.4499396495652,REORDER
85032C,204,12.0,34.08078637590395,148.77932063966418,232.77932063966418,36.0,196.77932063966418,REORDER
85032D,410,12.424242424242424,26.31661820864136,114.8849247616936,201.85462173139058,37.27272727272727,164.5818944586633,REORDER
85033G,201,20.1,15.580971300489153,68.01856915578274,208.71856915578275,60.300000000000004,148.41856915578273,REORDER
85033S,242,9.307692307692308,10.548058516217022,46.04744041997089,111.20128657381704,27.923076923076927,83.27820965074011,REORDER
85034A,339,7.883720930232558,15.43837103164521,67.3960491561669,122.5820956677948,23.651162790697676,98.93093287709712,REORDER
85034B,233,11.095238095238095,13.064856531568811,57.034496140493786,134.70116280716044,33.285714285714285,101.41544852144617,REORDER
85034C,174,6.0,9.96063681268852,43.48305704524464,85.48305704524464,18.0,67.48305704524464,REORDER
85035A,362,5.027777777777778,7.537646777067579,32.90551909056775,68.0999635350122,15.083333333333332,53.016630201678865,REORDER
85035B,368,6.814814814814815,17.073729212165173,74.53518838894888,122.23889209265258,20.444444444444443,101.79444764820813,REORDER
85035C,219,3.9107142857142856,4.9955499677732655,21.808021746595905,49.183021746595905,11.732142857142858,37.45087888945305,REORDER
85036A,409,4.595505617977528,5.857627314263771,25.571411491627863,57.73995081747056,13.786516853932584,43.953433963537975,REORDER
85036B,242,6.722222222222222,8.885336591778971,38.788845045966504,85.84440060152207,20.166666666666668,65.6777339348554,REORDER
85036C,139,3.2325581395348837,4.010920861504699,17.509633561038918,40.1375405377831,9.69767441860465,30.439866119178454,REORDER
85038,1599,12.89516129032258,19.296075066756554,84.23681624534865,174.50294527760673,38.685483870967744,135.81746140663898,REORDER
85039A,674,17.736842105263158,26.60998005273262,116.16559285966788,240.32348759651,53.21052631578947,187.11296128072053,REORDER
85039B,769,14.788461538461538,22.311815684864253,97.4020007407608,200.92123150999157,44.36538461538461,156.55584689460696,REORDER
85039C,195,7.5,9.546727187890099,41.67613885666473,94.17613885666472,22.5,71.67613885666472,REORDER
85040A,1100,8.270676691729323,9.24180867411365,40.345020236638085,98.23975707874334,24.81203007518797,73.42772700355536,REORDER
85040B,2292,15.806896551724138,35.868451115717455,156.5833525826883,267.23162844475723,47.42068965517242,219.8109387895848,REORDER
85041,1818,33.054545454545455,112.74987364398244,492.20840792629025,723.5902261081085,99.16363636363636,624.4265897444722,REORDER
85042,2668,15.976047904191617,22.85047047993362,99.75349268069971,211.58582801004104,47.92814371257485,163.65768429746618,REORDER
85043,1,1.0,0.0,0.0,7.0,3.0,4.0,REORDER
85044,131,5.695652173913044,6.663569768175011,29.08974494335702,68.95931016074832,17.086956521739133,51.872353639009184,REORDER
85045,421,8.42,17.481290290023836,76.31439206148657,135.25439206148656,25.259999999999998,109.99439206148656,REORDER
85047,991,7.865079365079365,8.411756700811715,36.72143692722277,91.77699248277833,23.595238095238095,68.18175438754022,REORDER
85048,1314,13.83157894736842,14.653917224878633,63.971524171425145,160.79257680300407,41.49473684210526,119.29783996089881,REORDER
85049A,3063,22.195652173913043,27.976752261293885,122.13222280816845,277.5017880255598,66.58695652173913,210.91483150382066,REORDER
85049B,2044,10.872340425531915,14.052030163373827,61.34399242597803,137.45037540470145,32.61702127659574,104.8333541281057,REORDER
85049C,1767,9.762430939226519,9.201082222092362,40.16722933131804,108.50424590590367,29.287292817679557,79.21695308822412,REORDER
85049D,1788,10.579881656804734,15.096351577062991,65.90296676255556,139.9621383601887,31.7396449704142,108.2224933897745,REORDER
85049E,3358,17.861702127659573,22.9661928072663,100.25867730447851,225.2905921980955,53.58510638297872,171.7054858151168,REORDER
85049F,1723,11.563758389261745,15.815371477403142,69.04184070516628,149.9881494299985,34.691275167785236,115.29687426221325,REORDER
85049G,2245,15.376712328767123,21.945116623053824,95.80117977690149,203.43816607827137,46.130136986301366,157.30802909197,REORDER
85049H,1188,10.899082568807339,18.140370853598398,79.19160144902465,155.485179430676,32.69724770642202,122.78793172425398,REORDER
85050,48,48.0,0.0,0.0,336.0,144.0,192.0,REORDER
85053,305,8.243243243243244,15.741673999301987,68.7201151263076,126.42281782901031,24.729729729729733,101.69308809928057,REORDER
85054,296,4.625,4.344308445888237,18.965033614523335,51.340033614523335,13.875,37.465033614523335,REORDER
85055,288,4.430769230769231,4.4964195157412155,19.62907291763341,50.64445753301803,13.292307692307693,37.35214984071033,REORDER
85059,247,4.333333333333333,4.778423728943815,20.86015939536416,51.19349272869749,13.0,38.19349272869749,REORDER
85060,1391,23.982758620689655,35.93097250616742,156.85628906643007,324.7355994112577,71.94827586206897,252.78732354918873,REORDER
85061W,3962,24.608695652173914,55.01229111674084,240.15558822219361,412.416457787411,73.82608695652175,338.59037083088924,REORDER
85062,2358,20.153846153846153,26.608792747114357,116.16040968926424,257.2373327661873,60.46153846153846,196.77579430464885,REORDER
85063,275,2.5462962962962963,2.2728970325850266,9.922308501396476,27.746382575470548,7.638888888888889,20.10749368658166,REORDER
85064,1518,12.047619047619047,46.48696284213149,202.9383557635175,287.2716890968508,36.14285714285714,251.12883195399368,REORDER
85065,582,3.88,5.083094760969275,22.19019763636502,49.350197636365024,11.64,37.710197636365024,REORDER
85066,1281,6.158653846153846,10.746477778907169,46.91363766023572,90.02421458331264,18.475961538461537,71.54825304485111,REORDER
85067,471,3.957983193277311,12.67146464450749,55.31714792391858,83.02303027685976,11.873949579831933,71.14908069702783,REORDER
85068,922,8.232142857142858,24.858512107437647,108.51957764895747,166.14457764895747,24.696428571428573,141.44814907752888,REORDER
85069,3,3.0,0.0,0.0,21.0,9.0,12.0,REORDER
85070,3,1.0,0.0,0.0,7.0,3.0,4.0,REORDER
85071A,869,31.035714285714285,52.512067144297376,229.2408863146654,446.49088631466543,93.10714285714286,353.38374345752254,REORDER
85071B,1142,36.83870967741935,45.82582734237216,200.05217557330613,457.92314331524165,110.51612903225805,347.4070142829836,REORDER
85071C,596,22.074074074074073,59.12823477957165,258.1236977368279,412.6422162553464,66.22222222222221,346.41999403312417,REORDER
85071D,482,20.083333333333332,60.78609442431978,265.3610668791061,405.9444002124394,60.25,345.6944002124394,REORDER
85072,120,120.0,0.0,0.0,840.0,360.0,480.0,REORDER
85078,322,16.94736842105263,9.149825039071187,39.94346662867145,158.57504557603986,50.84210526315789,107.73294031288196,REORDER
85079,18,3.6,2.1908902300206643,9.564308652485028,34.76430865248503,10.8,23.964308652485027,REORDER
85080,113,5.947368421052632,4.6484607274347205,20.29280725567041,61.924386203038836,17.842105263157897,44.08228093988094,REORDER
85081,100,5.882352941176471,4.1061288481545555,17.925263042618337,59.10173363085363,17.647058823529413,41.45467480732422,REORDER
85083,5,2.5,0.7071067811865476,3.0868673440885015,20.586867344088503,7.5,13.086867344088503,REORDER
85084,588,15.473684210526315,32.15312757861622,140.36414608581902,248.67993555950324,46.421052631578945,202.25888292792428,REORDER
85086A,351,8.775,5.201023074899882,22.70501247183436,84.13001247183436,26.325000000000003,57.80501247183436,REORDER
85087,73,5.214285714285714,6.277904739010294,27.406128245058902,63.9061282450589,15.642857142857142,48.263271102201756,REORDER
85088,85,3.5416666666666665,3.9997735443143654,17.460970063071475,42.25263672973814,10.625,31.627636729738143,REORDER
85089,74,5.6923076923076925,2.52931530209974,11.041699806433096,50.88785365258694,17.076923076923077,33.81093057566386,REORDER
85090,82,2.5625,1.5437177579237185,6.739083915201608,24.676583915201608,7.6875,16.989083915201608,REORDER
85091,337,30.636363636363637,77.7448039772083,339.3941381344115,553.848683588957,91.9090909090909,461.9395926798661,REORDER
85092,347,31.545454545454547,72.52635884471746,316.6130698502511,537.4312516684329,94.63636363636364,442.79488803206925,REORDER
85093,593,18.53125,18.365438043132244,80.17412993847286,209.89287993847284,55.59375,154.29912993847284,REORDER
85094,108,9.0,9.553676113032475,41.70647431754452,104.70647431754452,27.0,77.70647431754452,REORDER
85095,25,12.5,16.263455967290593,70.99794891403553,158.49794891403553,37.5,120.99794891403553,REORDER
85096,122,3.210526315789474,3.0682145061982737,13.394258711462438,35.86794292198876,9.631578947368421,26.236363974620335,REORDER
85097B,101,3.3666666666666667,3.0904004129956486,13.491111058256353,37.05777772492302,10.1,26.95777772492302,REORDER
85098B,328,4.753623188405797,6.1222972358552035,26.72682529851019,60.00218761735077,14.26086956521739,45.74131805213338,REORDER
85099B,48731,166.3174061433447,174.78814457410957,763.0358383980711,1927.257681401484,498.9522184300341,1428.3054629714497,REORDER
85099C,16580,59.64028776978417,77.27689509446115,337.3514867434328,754.833501131922,178.9208633093525,575.9126378225695,REORDER
85099F,19275,66.92708333333333,111.28501044458578,485.81356277123916,954.3031461045725,200.78125,753.5218961045725,REORDER
85103,157,3.8292682926829267,4.230262633834867,18.467167800866644,45.27204584964713,11.487804878048781,33.78424097159835,REORDER
85104,139,3.9714285714285715,7.845889573099874,34.25114983042004,62.051149830420044,11.914285714285715,50.13686411613433,REORDER
85106,496,15.5,30.017199370769355,131.03977357300536,239.53977357300536,46.5,193.03977357300536,REORDER
85107,940,27.647058823529413,51.082157445326864,222.9986303044193,416.52804206912515,82.94117647058823,333.5868655985369,REORDER
85109,4191,279.4,648.2915790202518,2830.110186989192,4785.910186989191,838.1999999999999,3947.7101869891912,REORDER
85110,11512,677.1764705882352,1541.2618302584947,6728.3625883653685,11468.597882483016,2031.5294117647059,9437.06847071831,REORDER
85111,1489,124.08333333333333,247.9635084345104,1082.4821329356896,1951.0654662690229,372.25,1578.8154662690229,REORDER
85112,429,33.0,91.412982301932,399.0624293265403,630.0624293265403,99.0,531.0624293265403,REORDER
85113,279,8.454545454545455,9.61473774047851,41.97303822098181,101.1548564028,25.363636363636367,75.79122003916362,REORDER
85114A,720,21.176470588235293,30.594583188844208,133.56033666254274,281.79563078018975,63.529411764705884,218.26621901548387,REORDER
85114B,1390,15.617977528089888,33.32297379026611,145.47109763037648,254.7969403270057,46.853932584269664,207.94300774273603,REORDER
85114C,544,8.634920634920634,8.668261698904596,37.841206844970884,98.28565128941533,25.904761904761905,72.38088938465341,REORDER
85115B,3,3.0,0.0,0.0,21.0,9.0,12.0,REORDER
85116,671,35.31578947368421,55.09794574873907,240.52951263279192,487.7400389485814,105.94736842105263,381.7926705275288,REORDER
85117,317,9.90625,14.859252303943762,64.86791233658793,134.21166233658795,29.71875,104.49291233658795,REORDER
85118,1955,37.59615384615385,67.15135366202631,293.14854028526236,556.3216172083393,112.78846153846155,443.5331556698777,REORDER
85119,412,11.444444444444445,36.6196235015712,159.8625878684566,239.9736989795677,34.333333333333336,205.64036564623436,REORDER
85121B,60,2.3076923076923075,1.5689290811054724,6.849143685948575,23.00298983979473,6.9230769230769225,16.079912916717806,REORDER
85121C,85,2.236842105263158,1.4413621659091678,6.292251636285579,21.950146373127687,6.710526315789474,15.239620057338213,REORDER
85123A,56814,185.66666666666666,174.21554390382312,760.5361560907618,2060.2028227574283,557.0,1503.2028227574283,REORDER
85124A,339,5.947368421052632,6.650513010909057,29.032745804476846,70.66432475184527,17.842105263157897,52.822219488687374,REORDER
85124B,262,4.763636363636364,5.124247501625235,22.369849500313293,55.71530404576784,14.290909090909091,41.42439495485875,REORDER
85124C,335,5.583333333333333,7.155160912489378,31.23578100240986,70.3191143357432,16.75,53.569114335743194,REORDER
85125,140,5.6,8.727351641057364,38.09916337664123,77.29916337664122,16.799999999999997,60.49916337664122,REORDER
85126,148,4.625,7.165103605490946,31.279185725933136,63.65418572593313,13.875,49.77918572593313,REORDER
85127,69,3.2857142857142856,2.512824250576573,10.969708291472477,33.96970829147248,9.857142857142858,24.11256543432962,REORDER
85128,165,82.5,115.25840533340725,503.1593770864258,1080.6593770864258,247.5,833.1593770864258,REORDER
85129A,428,8.075471698113208,8.384622042313703,36.6029808560337,93.13128274282616,24.226415094339625,68.90486764848653,REORDER
85129B,129,5.863636363636363,5.054893475825979,22.06708521758141,63.112539763035954,17.59090909090909,45.52163067212686,REORDER
85129C,319,8.86111111111111,8.011252007655154,34.97303782916205,97.00081560693982,26.583333333333332,70.4174822736065,REORDER
85129D,491,10.446808510638299,7.523321741608029,32.8429832963433,105.97064287081139,31.340425531914896,74.6302173388965,REORDER
85130A,606,10.1,9.663315218751231,42.18510270024844,112.88510270024844,30.299999999999997,82.58510270024844,REORDER
85130B,59,6.555555555555555,5.246692079565731,22.904380039634336,68.79326892852322,19.666666666666664,49.126602261856554,REORDER
85130C,172,9.555555555555555,8.699034579444955,37.97554553687846,104.86443442576734,28.666666666666664,76.19776775910069,REORDER
85130D,187,6.448275862068965,5.822286044014422,25.417129541667975,70.55506057615074,19.344827586206897,51.21023298994384,REORDER
85131A,954,19.08,21.71977374257318,94.8174477614748,228.3774477614748,57.239999999999995,171.1374477614748,REORDER
85131B,188,17.09090909090909,28.08364130754609,122.5988458346978,242.2352094710614,51.272727272727266,190.96248219833416,REORDER
85131C,235,15.666666666666666,24.312450269259948,106.13575033889383,215.80241700556047,47.0,168.80241700556047,REORDER
85131D,388,20.42105263157895,29.691592131020084,129.61833853359843,272.5657069546511,61.26315789473685,211.30254905991424,REORDER
85132A,733,10.471428571428572,16.07836013392763,70.18991496677768,143.4899149667777,31.414285714285715,112.07562925249198,REORDER
85132B,382,12.32258064516129,19.581261615422356,85.48179517564904,171.73985969177807,36.96774193548387,134.7721177562942,REORDER
85132C,517,9.4,15.1847877093418,66.2890337838771,132.08903378387708,28.200000000000003,103.88903378387708,REORDER
85135A,61,1.605263157894737,1.2200902422142859,5.326291340626675,16.563133445889832,4.815789473684211,11.747343972205622,REORDER
85135B,67,1.7179487179487178,1.255487281134468,5.480816748142621,17.506457773783644,5.153846153846153,12.352611619937491,REORDER
85135C,29,1.5263157894736843,0.7723284457212328,3.371591846435058,14.055802372750847,4.578947368421053,9.476855004329794,REORDER
85136A,47,1.46875,0.8025915684870178,3.5037051960469574,13.784955196046958,4.40625,9.378705196046958,REORDER
85136B,47,1.5161290322580645,1.060533442563552,4.629747781049097,15.24265100685555,4.548387096774194,10.694263910081355,REORDER
85136C,96,1.92,2.4145815541481834,10.54083081572389,23.98083081572389,5.76,18.220830815723893,REORDER
85141,61,2.033333333333333,1.376736103561817,6.010127229131245,20.243460562464577,6.1,14.143460562464577,REORDER
85142,50,1.9230769230769231,1.3243285671789133,5.7813426707749365,19.2428811323134,5.769230769230769,13.47365036308263,REORDER
85144,68,2.3448275862068964,2.844491695351932,12.417599093278028,28.831392196726302,7.034482758620689,21.796909438105615,REORDER
85145,54,3.6,3.9785137210485315,17.368160524361816,42.568160524361815,10.8,31.768160524361814,REORDER
85146,72,3.789473684210526,2.897871774028908,12.65062927496619,39.17694506443987,11.368421052631579,27.80852401180829,REORDER
85147,61,4.357142857142857,2.7345972240938847,11.937855914951976,42.437855914951975,13.07142857142857,29.366427343523405,REORDER
85150,4320,18.15126050420168,18.83825834060513,82.23822205966864,209.29704558908043,54.45378151260504,154.84326407647538,REORDER
85151,44,8.8,7.854934754662192,34.29063647703262,95.89063647703263,26.400000000000002,69.49063647703262,REORDER
85152,8224,30.45925925925926,39.098914304888446,170.68590624254512,383.90072105735993,91.37777777777778,292.52294327958214,REORDER
85159A,7,1.75,0.5,2.182744831628287,14.432744831628288,5.25,9.182744831628288,REORDER
85159B,16,1.7777777777777777,0.9718253158075502,4.242493370648916,16.68693781509336,5.333333333333333,11.353604481760026,REORDER
85160A,8800,400.0,1268.7954542643604,5538.913440377994,8338.913440377994,1200.0,7138.9134403779935,REORDER
85160B,6044,402.93333333333334,1044.668605462084,4560.489998673389,7381.023332006722,1208.8,6172.223332006722,REORDER
85161,15,1.3636363636363635,0.9244162777371754,4.035529705007757,13.580984250462302,4.090909090909091,9.49007515955321,REORDER
85162A,605,31.842105263157894,36.25107378929889,158.25368790913564,381.1484247512409,95.52631578947368,285.6221089617672,REORDER
85162B,977,75.15384615384616,82.5064100073909,360.18088003967375,886.2578031165968,225.46153846153848,660.7962646550584,REORDER
85162C,898,37.416666666666664,29.24397621609511,127.66427588388432,389.58094255055096,112.25,277.33094255055096,REORDER
85163A,34,1.619047619047619,1.2031704150364766,5.252428009977861,16.585761343311194,4.857142857142858,11.728618486168337,REORDER
85163B,24,1.1428571428571428,0.4780914437337574,2.08710325571113,10.08710325571113,3.4285714285714284,6.658531827139701,REORDER
85164B,113,3.054054054054054,2.943410209886428,12.849426845983066,34.22780522436145,9.162162162162161,25.065643062199285,REORDER
85165,16,1.4545454545454546,0.6875516509523286,3.001499625187383,13.183317807005565,4.363636363636363,8.819681443369202,REORDER
85166A,72,9.0,13.005493344846904,56.775346762481334,119.77534676248133,27.0,92.77534676248133,REORDER
85166B,501,16.7,32.15066900145905,140.35341319265305,257.25341319265306,50.099999999999994,207.15341319265306,REORDER
85167A,174,19.333333333333332,21.0535032714273,91.90885090675435,227.24218424008768,58.0,169.24218424008768,REORDER
85167B,669,15.55813953488372,27.520816645535955,120.14184059046669,229.0488173346527,46.67441860465116,182.37439873000156,REORDER
85168A,22,1.4666666666666666,0.833809387832792,3.6399862637103455,13.90665293037701,4.3999999999999995,9.506652930377012,REORDER
85168B,20,1.25,0.447213595499958,1.9523063284228734,10.702306328422873,3.75,6.952306328422873,REORDER
85169A,439,9.340425531914894,9.351299830004292,40.8230027458967,106.20598146930097,28.02127659574468,78.18470487355629,REORDER
85169B,130,5.6521739130434785,7.7024712424719075,33.62505859054213,73.19027598184648,16.956521739130437,56.233754242716046,REORDER
85169C,61,3.588235294117647,4.199089537170702,18.331081969607535,43.44872902843106,10.764705882352942,32.68402314607812,REORDER
85169D,142,6.173913043478261,5.288513916653743,23.08695283714046,66.30434414148829,18.52173913043478,47.782605011053505,REORDER
85170A,799,14.796296296296296,26.06984785448191,113.80765133141236,217.38172540548643,44.388888888888886,172.99283651659755,REORDER
85170B,68,5.666666666666667,4.638442789897437,20.24907405290425,59.91574071957092,17.0,42.91574071957092,REORDER
85170C,180,9.473684210526315,21.580259552173633,94.20840000540794,160.52418947909214,28.421052631578945,132.1031368475132,REORDER
85170D,220,9.166666666666666,19.657207255901056,85.81333508412818,149.98000175079483,27.5,122.48000175079483,REORDER
85171,1,1.0,0.0,0.0,7.0,3.0,4.0,REORDER
85172,3058,35.55813953488372,52.206964748610446,227.90896496005928,476.81594170424535,106.67441860465117,370.14152309959417,REORDER
85173,520,10.833333333333334,23.33049628142506,101.84904035520705,177.6823736885404,32.5,145.1823736885404,REORDER
85174,847,7.301724137931035,10.858953290567035,47.404648343756364,98.51671730927362,21.905172413793103,76.6115448954805,REORDER
85175,10389,58.36516853932584,62.221549850438855,271.6275327038945,680.1837124791754,175.09550561797752,505.0882068611978,REORDER
85176,1792,21.08235294117647,68.93478832938276,300.9341058907004,448.51057647893566,63.247058823529414,385.26351765540625,REORDER
85177,1003,15.430769230769231,18.655569904496044,81.44069758023792,189.45608219562254,46.292307692307695,143.16377450331484,REORDER
85178,3064,26.643478260869564,57.2863217047686,250.0828452481581,436.5871930742451,79.9304347826087,356.6567582916364,REORDER
85179A,23,2.3,1.636391694484477,7.143651027310894,23.243651027310893,6.8999999999999995,16.343651027310894,REORDER
85179B,240,7.0588235294117645,9.850215122925713,43.00101229998578,92.41277700586812,21.176470588235293,71.23630641763283,REORDER
85179C,8,2.6666666666666665,2.8867513459481287,12.60208316112856,31.268749827795226,8.0,23.268749827795226,REORDER
85180A,119,5.173913043478261,5.069087903549616,22.129050845084787,58.34644214943262,15.521739130434781,42.82470301899784,REORDER
85180B,83,7.545454545454546,13.508246639469064,58.970111073322556,111.78829289150437,22.636363636363637,89.15192925514073,REORDER
85183A,840,17.872340425531913,47.63521579182534,207.95104214620986,333.0574251249333,53.617021276595736,279.44040384833755,REORDER
85183B,769,16.361702127659573,43.73657584453766,190.93156975556633,305.46348464918333,49.08510638297872,256.3783782662046,REORDER
85184B,14,2.3333333333333335,2.8047578623950176,12.244141456223055,28.57747478955639,7.0,21.57747478955639,REORDER
85184C,592,6.5777777777777775,7.094827642438195,30.97239673565095,77.0168411800954,19.733333333333334,57.28350784676206,REORDER
85184D,8294,176.46808510638297,801.6506300471228,3499.5975390138346,4734.8741347585155,529.4042553191489,4205.469879439366,REORDER
85185B,279,3.402439024390244,3.6136222246737164,15.775230468727335,39.59230363945904,10.207317073170731,29.38498656628831,REORDER
85185C,54,2.4545454545454546,2.1320071635561044,9.307255234493143,26.489073416311328,7.363636363636363,19.125437052674965,REORDER
85185D,155,4.428571428571429,4.679653797436894,20.428980280330137,51.42898028033014,13.285714285714286,38.14326599461585,REORDER
85185E,4,2.0,1.4142135623730951,6.173734688177003,20.173734688177003,6.0,14.173734688177003,REORDER
85185F,35,2.5,2.066211695163583,9.020025797336467,26.520025797336466,7.5,19.020025797336466,REORDER
85186A,825,22.2972972972973,15.791813745779216,68.93899967127226,225.02008075235335,66.8918918918919,158.12818886046145,REORDER
85186B,14,7.0,4.242640687119285,18.521204064531005,67.521204064531,21.0,46.521204064531005,REORDER
85186C,766,19.15,14.931553236394466,65.18354130984528,199.23354130984526,57.449999999999996,141.78354130984528,REORDER
85187,128,4.7407407407407405,3.6331020078481417,15.860269260817768,49.04545444600295,14.222222222222221,34.82323222378073,REORDER
85188A,602,18.8125,14.106593059344112,61.58218618433366,193.26968618433366,56.4375,136.83218618433366,REORDER
85188B,594,19.161290322580644,14.399298071303217,62.85998688842452,196.98901914648903,57.483870967741936,139.5051481787471,REORDER
85189,1108,27.024390243902438,45.12897506307784,197.01007415123001,386.18080585854705,81.07317073170731,305.10763512683974,REORDER
85190,133,12.090909090909092,9.005049088756213,39.311448714083284,123.94781235044692,36.27272727272727,87.67508507771964,REORDER
85192S,3,1.5,0.7071067811865476,3.0868673440885015,13.586867344088501,4.5,9.086867344088501,REORDER
85194L,813,19.357142857142858,31.026991733454835,135.44801169434427,270.94801169434425,58.07142857142857,212.8765831229157,REORDER
85194S,517,14.36111111111111,13.50587761527292,58.95976912268229,159.48754690046007,43.08333333333333,116.40421356712675,REORDER
85195,134,10.307692307692308,25.766207247040374,112.48211139828139,184.63595755212754,30.923076923076927,153.7128806290506,REORDER
85196,1536,35.72093023255814,49.58029830554113,216.44227975401725,466.4887913819242,107.16279069767441,359.32600068424983,REORDER
85197,1635,40.875,211.685323728527,924.1100926000063,1210.2350926000063,122.625,1087.6100926000063,REORDER
85198,3738,128.89655172413794,612.277326569049,2672.8903401835532,3575.166202252519,386.68965517241384,3188.476547080105,REORDER
85199L,2467,25.1734693877551,30.77689101954501,134.35619961299784,310.57048532728356,75.5204081632653,235.05007716401826,REORDER
85199S,3207,31.135922330097088,48.932736654952464,213.61535606205106,431.5668123727307,93.40776699029126,338.15904538243944,REORDER
85200,824,19.162790697674417,14.628625285407505,63.86111247110022,198.00064735482115,57.48837209302325,140.5122752617979,REORDER
85202,449,9.977777777777778,10.51511658364646,45.90363275384641,115.74807719829086,29.933333333333334,85.81474386495752,REORDER
85203,520,10.833333333333334,9.687309824260069,42.289850902571196,118.12318423590455,32.5,85.62318423590455,REORDER
85204,279,8.205882352941176,10.547955170968923,46.04698926735856,103.48816573794679,24.61764705882353,78.87051867912325,REORDER
85205A,66,4.125,3.3241540277189325,14.511560047079708,43.38656004707971,12.375,31.011560047079712,REORDER
85205B,99,5.5,3.258473117707668,14.224830713352247,52.72483071335225,16.5,36.22483071335225,REORDER
85206A,1258,18.231884057971016,19.31179533459236,84.30544291208949,211.92863131788658,54.69565217391305,157.23297914397352,REORDER
85206B,1460,23.548387096774192,34.859755282266434,152.1799013483879,317.0186110258072,70.64516129032258,246.37344973548466,REORDER
85208,197,5.794117647058823,4.971308051540913,21.70219391186604,62.2610174412778,17.38235294117647,44.87866450010133,REORDER
85211,137,4.419354838709677,6.0924772933423785,26.596646647711545,57.53213051867928,13.258064516129032,44.27406600255025,REORDER
85212,339,13.56,8.524865590338262,37.21521261527334,132.13521261527333,40.68,91.45521261527333,REORDER
85213,461,19.208333333333332,22.175150931630196,96.80539217318602,231.26372550651934,57.625,173.63872550651934,REORDER
85214,333,4.381578947368421,4.791567886090892,20.917540077521945,51.588592709100894,13.144736842105264,38.443855866995634,REORDER
85215,599,17.114285714285714,15.674579323694461,68.42721401348341,188.2272140134834,51.34285714285714,136.88435687062628,REORDER
85216,2747,24.972727272727273,33.66577743756107,146.96760340916924,321.7766943182602,74.91818181818182,246.85851250007835,REORDER
85217,2811,27.831683168316832,34.31619713981452,149.80700389613511,344.62878607435294,83.4950495049505,261.13373656940246,REORDER
85218,1992,996.0,1374.6155826266483,6000.870116908047,12972.870116908047,2988.0,9984.870116908047,REORDER
85220,12236,2447.2,4055.870214886073,17705.85949859537,34836.25949859537,7341.599999999999,27494.65949859537,REORDER
85221,3551,104.44117647058823,159.33083385445454,695.5571082296719,1426.6453435237895,313.3235294117647,1113.3218141120249,REORDER
85222,1394,39.82857142857143,62.5565559240247,273.08999825526166,551.8899982552616,119.4857142857143,432.40428396954735,REORDER
85224,1984,48.390243902439025,54.03002778491812,235.86752780052555,574.5992351175987,145.1707317073171,429.4285034102816,REORDER
85225,13,1.625,1.7677669529663687,7.717168360221254,19.092168360221255,4.875,14.217168360221255,REORDER
85226A,1658,19.057471264367816,51.797763335441395,226.1226004206798,359.5248992712545,57.172413793103445,302.3524854781511,REORDER
85226C,952,16.70175438596491,63.200069199860586,275.8992488090916,392.81152951084596,50.10526315789473,342.7062663529512,REORDER
85227,1871,16.705357142857142,31.607000704986124,137.9800348641602,254.9175348641602,50.11607142857143,204.80146343558874,REORDER
85230A,1152,41.142857142857146,50.536172806265824,220.61514000630146,508.61514000630143,123.42857142857144,385.18656857773,REORDER
85230B,903,33.44444444444444,19.275998095146786,84.14917043331671,318.2602815444278,100.33333333333333,217.9269482110945,REORDER
85230C,24,24.0,0.0,0.0,168.0,72.0,96.0,REORDER
85230D,24,24.0,0.0,0.0,168.0,72.0,96.0,REORDER
85230E,1320,35.67567567567568,20.87802413764032,91.14279856209008,340.87252829181983,107.02702702702703,233.8455012647928,REORDER
85230F,2630,61.16279069767442,150.07758790714414,655.1621586951176,1083.3016935788385,183.48837209302326,899.8133214858152,REORDER
85230G,696,31.636363636363637,15.512039731233822,67.71764910272654,289.172194557272,94.9090909090909,194.2631036481811,REORDER
85231B,1150,8.984375,10.394565793312196,45.37736952474477,108.26799452474478,26.953125,81.31486952474478,REORDER
85231E,815,12.936507936507937,18.256128459191025,79.69694007968259,170.25249563523815,38.80952380952381,131.44297182571432,REORDER
85231G,848,7.571428571428571,8.72060239025413,38.06969959202498,91.06969959202499,22.714285714285715,68.35541387773927,REORDER
85231L,1018,16.419354838709676,29.17979785494807,127.38410591169216,242.31958978265988,49.258064516129025,193.06152526653085,REORDER
85232A,281,3.2674418604651163,3.6020400056721167,15.724668411398277,38.59676143465409,9.80232558139535,28.79443585325874,REORDER
85232B,2663,11.731277533039648,28.375064455855647,123.87105057627687,205.9899933075544,35.19383259911895,170.79616070843548,REORDER
85232C,1,1.0,0.0,0.0,7.0,3.0,4.0,REORDER
85232D,465,4.696969696969697,8.25172158345815,36.02280527665773,68.90159315544561,14.090909090909092,54.81068406453652,REORDER
90000A,14,2.0,1.4142135623730951,6.173734688177003,20.173734688177003,6.0,14.173734688177003,REORDER
90000B,11,1.5714285714285714,0.7867957924694432,3.434748899119119,14.43474889911912,4.714285714285714,9.720463184833406,REORDER
90000C,1,1.0,0.0,0.0,7.0,3.0,4.0,REORDER
90000D,19,2.111111111111111,1.615893285805443,7.054165436109363,21.831943213887143,6.333333333333334,15.49860988055381,REORDER
90001A,2,1.0,0.0,0.0,7.0,3.0,4.0,REORDER
90001B,3,1.5,0.7071067811865476,3.0868673440885015,13.586867344088501,4.5,9.086867344088501,REORDER
90001C,4,1.3333333333333333,0.5773502691896258,2.520416632225712,11.853749965559045,4.0,7.853749965559045,REORDER
90001D,11,2.75,2.217355782608345,9.679843748738923,28.929843748738925,8.25,20.679843748738925,REORDER
90002A,36,2.5714285714285716,1.8277470669267506,7.979010927716252,25.979010927716253,7.714285714285715,18.264725213430538,REORDER
90002B,18,2.5714285714285716,1.2724180205607034,5.5547277160991415,23.55472771609914,7.714285714285715,15.840442001813425,REORDER
90002C,25,2.5,1.2692955176439846,5.541096461892717,23.041096461892717,7.5,15.541096461892717,REORDER
90002D,86,5.733333333333333,12.31994124908688,53.78257617481706,93.91590950815039,17.2,76.71590950815039,REORDER
90002E,15,1.875,1.1259916264596035,4.915504806222857,18.040504806222856,5.625,12.415504806222856,REORDER
90003B,18,3.0,2.449489742783178,10.69322215237297,31.693222152372968,9.0,22.693222152372968,REORDER
90003C,13,2.6,2.073644135332772,9.052472038067833,27.252472038067832,7.800000000000001,19.45247203806783,REORDER
90003D,17,2.125,1.807721533549109,7.891589668754959,22.76658966875496,6.375,16.39158966875496,REORDER
90003E,2,2.0,0.0,0.0,14.0,6.0,8.0,REORDER
90004A,1,1.0,0.0,0.0,7.0,3.0,4.0,REORDER
90005A,36,5.142857142857143,3.023715784073818,13.2,49.2,15.42857142857143,33.77142857142857,REORDER
90010A,24,3.0,3.664501525251617,15.997343529473882,36.99734352947388,9.0,27.99734352947388,REORDER
90010B,38,2.923076923076923,3.0127932350101756,13.152317724966256,33.61385618650472,8.769230769230768,24.844625417273953,REORDER
90010E,22,2.2,2.0976176963403033,9.157128370837663,24.557128370837667,6.6000000000000005,17.957128370837665,REORDER
90011A,1,1.0,0.0,0.0,7.0,3.0,4.0,REORDER
90011B,2,1.0,0.0,0.0,7.0,3.0,4.0,REORDER
90011C,6,6.0,0.0,0.0,42.0,18.0,24.0,REORDER
90011E,1,1.0,0.0,0.0,7.0,3.0,4.0,REORDER
90012B,1,1.0,0.0,0.0,7.0,3.0,4.0,REORDER
90013A,25,3.5714285714285716,1.1338934190276817,4.95,29.95,10.714285714285715,19.235714285714284,REORDER
90013B,20,4.0,0.0,0.0,28.0,12.0,16.0,REORDER
90013C,24,4.0,0.0,0.0,28.0,12.0,16.0,REORDER
90013D,34,4.25,3.4121631178560534,14.895762820345926,44.64576282034592,12.75,31.895762820345922,REORDER
90014A,20,1.8181818181818181,1.2504544628399563,5.458846031900882,18.18611875917361,5.454545454545454,12.731573304628157,REORDER
90014B,9,1.2857142857142858,0.7559289460184545,3.3,12.3,3.8571428571428577,8.442857142857143,REORDER
90014C,19,1.7272727272727273,1.4206272622267315,6.201733628591283,18.292642719500375,5.181818181818182,13.110824537682193,REORDER
90016A,8,1.6,0.8944271909999159,3.904612656845746,15.104612656845747,4.800000000000001,10.304612656845746,REORDER
90016B,13,1.4444444444444444,1.0137937550497031,4.425706158343547,14.536817269454659,4.333333333333333,10.203483936121327,REORDER
90016C,6,1.5,1.0,4.365489663256574,14.865489663256575,4.5,10.365489663256575,REORDER
90018A,16,2.2857142857142856,0.9511897312113419,4.152408939398913,20.152408939398914,6.857142857142857,13.295266082256056,REORDER
90018B,8,1.6,0.5477225575051662,2.391077163121258,13.591077163121259,4.800000000000001,8.791077163121258,REORDER
90018C,8,2.0,1.4142135623730951,6.173734688177003,20.173734688177003,6.0,14.173734688177003,REORDER
90019A,14,1.75,0.7071067811865476,3.0868673440885015,15.336867344088501,5.25,10.086867344088501,REORDER
90019B,9,1.8,0.8366600265340756,3.652430697494478,16.25243069749448,5.4,10.852430697494478,REORDER
90019C,6,1.5,1.0,4.365489663256574,14.865489663256575,4.5,10.365489663256575,REORDER
90020,4,2.0,1.4142135623730951,6.173734688177003,20.173734688177003,6.0,14.173734688177003,REORDER
90021,4,1.3333333333333333,0.5773502691896257,2.5204166322257118,11.853749965559043,4.0,7.853749965559043,REORDER
90023,13,1.8571428571428572,0.6900655593423543,3.012474066278414,16.012474066278415,5.571428571428571,10.441045494849844,REORDER
90024A,5,1.25,0.5,2.182744831628287,10.932744831628288,3.75,7.182744831628288,REORDER
90024B,5,1.25,0.5,2.182744831628287,10.932744831628288,3.75,7.182744831628288,REORDER
90024C,4,1.0,0.0,0.0,7.0,3.0,4.0,REORDER
90024D,12,1.2,0.4216370213557839,1.8406520583749661,10.240652058374966,3.5999999999999996,6.640652058374966,REORDER
90024E,12,2.0,1.9999999999999998,8.730979326513149,22.73097932651315,6.0,16.73097932651315,REORDER
90024F,1,1.0,0.0,0.0,7.0,3.0,4.0,REORDER
90025B,1,1.0,0.0,0.0,7.0,3.0,4.0,REORDER
90025C,2,1.0,0.0,0.0,7.0,3.0,4.0,REORDER
90025D,2,1.0,0.0,0.0,7.0,3.0,4.0,REORDER
90025E,3,1.0,0.0,0.0,7.0,3.0,4.0,REORDER
90025F,1,1.0,0.0,0.0,7.0,3.0,4.0,REORDER
90026A,6,1.2,0.4472135954999579,1.952306328422873,10.352306328422873,3.5999999999999996,6.752306328422874,REORDER
90026B,5,1.25,0.5,2.182744831628287,10.932744831628288,3.75,7.182744831628288,REORDER
90026C,4,1.3333333333333333,0.5773502691896258,2.520416632225712,11.853749965559045,4.0,7.853749965559045,REORDER
90026D,7,1.4,0.5477225575051662,2.391077163121258,12.191077163121257,4.199999999999999,7.991077163121258,REORDER
90027A,2,1.0,0.0,0.0,7.0,3.0,4.0,REORDER
90027B,7,1.75,0.5,2.182744831628287,14.432744831628288,5.25,9.182744831628288,REORDER
90027C,4,2.0,0.0,0.0,14.0,6.0,8.0,REORDER
90027D,8,2.0,0.816496580927726,3.564407384124323,17.564407384124323,6.0,11.564407384124323,REORDER
90028,7,1.75,1.5,6.548234494884861,18.79823449488486,5.25,13.54823449488486,REORDER
90029,18,2.25,2.052872551885702,8.961793905240178,24.711793905240178,6.75,17.961793905240178,REORDER
90030A,5,5.0,0.0,0.0,35.0,15.0,20.0,REORDER
90030B,10,2.5,1.9148542155126762,8.359276284463865,25.859276284463867,7.5,18.359276284463867,REORDER
90030C,7,3.5,2.1213203435596424,9.260602032265503,33.7606020322655,10.5,23.260602032265503,REORDER
90032,26,1.8571428571428572,0.7703288865196432,3.362862791409449,16.362862791409448,5.571428571428571,10.791434219980877,REORDER
90033,3,3.0,0.0,0.0,21.0,9.0,12.0,REORDER
90034,2,1.0,0.0,0.0,7.0,3.0,4.0,REORDER
90035A,13,1.8571428571428572,1.0690449676496976,4.666904755831214,17.666904755831215,5.571428571428571,12.095476184402644,REORDER
90035B,43,10.75,16.938614661968867,73.94534721671134,149.19534721671135,32.25,116.94534721671135,REORDER
90035C,26,6.5,8.544003745317532,37.298760033009145,82.79876003300915,19.5,63.298760033009145,REORDER
90036A,15,1.5,0.8498365855987975,3.7099528298888114,14.209952829888811,4.5,9.709952829888811,REORDER
90036B,13,1.8571428571428572,1.8644544714716087,8.139256722821807,21.139256722821806,5.571428571428571,15.567828151393234,REORDER
90036C,16,2.6666666666666665,1.8618986725025255,8.128099408840914,26.794766075507578,8.0,18.794766075507578,REORDER
90036D,24,2.6666666666666665,1.6583123951777,7.239345619598501,25.906012286265167,8.0,17.906012286265167,REORDER
90036E,11,1.8333333333333333,0.983192080250175,4.292114863327868,17.1254481966612,5.5,11.6254481966612,REORDER
90036F,9,3.0,2.6457513110645907,11.55,32.55,9.0,23.549999999999997,REORDER
90037A,18,4.5,1.9148542155126762,8.359276284463865,39.85927628446387,13.5,26.359276284463867,REORDER
90037B,17,4.25,2.362907813126304,10.315249633431078,40.06524963343108,12.75,27.31524963343108,REORDER
90037C,17,4.25,2.362907813126304,10.315249633431078,40.06524963343108,12.75,27.31524963343108,REORDER
90037D,6,6.0,0.0,0.0,42.0,18.0,24.0,REORDER
90038A,12,4.0,1.7320508075688772,7.561249896677135,35.56124989667713,12.0,23.561249896677133,REORDER
90038B,4,4.0,0.0,0.0,28.0,12.0,16.0,REORDER
90038C,7,3.5,0.7071067811865476,3.0868673440885015,27.586867344088503,10.5,17.086867344088503,REORDER
90039A,1,1.0,0.0,0.0,7.0,3.0,4.0,REORDER
90039B,7,3.5,3.5355339059327378,15.43433672044251,39.93433672044251,10.5,29.43433672044251,REORDER
90039C,13,6.5,7.7781745930520225,33.95554078497352,79.45554078497352,19.5,59.95554078497352,REORDER
90039D,8,2.6666666666666665,2.8867513459481287,12.60208316112856,31.268749827795226,8.0,23.268749827795226,REORDER
90040A,17,2.125,0.991031208965115,4.326336498701876,19.201336498701878,6.375,12.826336498701878,REORDER
90040B,42,3.0,1.2403473458920846,5.414723517339622,26.414723517339624,9.0,17.414723517339624,REORDER
90040C,22,3.142857142857143,1.4638501094227998,6.390422521242238,28.390422521242236,9.428571428571429,18.961851092670805,REORDER
90040D,26,2.6,0.8432740427115678,3.6813041167499323,21.88130411674993,7.800000000000001,14.08130411674993,REORDER
90041,1,1.0,0.0,0.0,7.0,3.0,4.0,REORDER
90042A,24,4.8,3.1144823004794877,13.59624028913876,47.196240289138764,14.399999999999999,32.796240289138765,REORDER
90042B,15,3.0,1.0,4.365489663256574,25.365489663256575,9.0,16.365489663256575,REORDER
90042C,35,4.375,2.445841952609133,10.677297762074446,41.302297762074446,13.125,28.177297762074446,REORDER
90043,6,1.5,0.5773502691896257,2.5204166322257118,13.02041663222571,4.5,8.52041663222571,REORDER
90046,10,2.0,1.224744871391589,5.346611076186485,19.346611076186484,6.0,13.346611076186484,REORDER
90048,26,6.5,9.0,39.28940696930917,84.78940696930917,19.5,65.28940696930917,REORDER
90049,14,14.0,0.0,0.0,98.0,42.0,56.0,REORDER
90051,1,1.0,0.0,0.0,7.0,3.0,4.0,REORDER
90052,3,3.0,0.0,0.0,21.0,9.0,12.0,REORDER
90054,1,1.0,0.0,0.0,7.0,3.0,4.0,REORDER
90056,6,6.0,0.0,0.0,42.0,18.0,24.0,REORDER
90057,792,66.0,82.58549289290241,360.5261155589148,822.5261155589149,198.0,624.5261155589149,REORDER
90058A,252,42.0,14.696938456699069,64.15933291423781,358.1593329142378,126.0,232.15933291423778,REORDER
90058B,469,36.07692307692308,14.49403060148981,63.273540769728235,315.8120023081898,108.23076923076924,207.58123307742056,REORDER
90059A,12,6.0,0.0,0.0,42.0,18.0,24.0,REORDER
90059B,8,4.0,2.8284271247461903,12.347469376354006,40.347469376354006,12.0,28.347469376354006,REORDER
90059C,17,3.4,2.4083189157584592,10.513491332568835,34.31349133256884,10.2,24.113491332568838,REORDER
90059D,20,5.0,2.0,8.730979326513149,43.73097932651315,15.0,28.73097932651315,REORDER
90059E,14,2.8,1.9235384061671346,8.397187028999651,27.997187028999647,8.399999999999999,19.59718702899965,REORDER
90059F,12,6.0,0.0,0.0,42.0,18.0,24.0,REORDER
90060B,5,1.6666666666666667,0.5773502691896258,2.520416632225712,14.18708329889238,5.0,9.18708329889238,REORDER
90060C,7,2.3333333333333335,2.3094010767585034,10.081666528902849,26.414999862236186,7.0,19.414999862236186,REORDER
90060D,9,1.8,1.788854381999832,7.809225313691494,20.409225313691493,5.4,15.009225313691493,REORDER
90060F,17,2.4285714285714284,2.5071326821120348,10.944861808172817,27.944861808172817,7.285714285714285,20.659147522458532,REORDER
90062,94,3.4814814814814814,3.3209170463126645,14.497429038210491,38.867799408580865,10.444444444444445,28.423354964136422,REORDER
90063A,7,2.3333333333333335,0.5773502691896257,2.5204166322257118,18.853749965559047,7.0,11.853749965559047,REORDER
90063B,7,1.75,0.9574271077563381,4.179638142231933,16.429638142231934,5.25,11.179638142231934,REORDER
90064A,4,4.0,0.0,0.0,28.0,12.0,16.0,REORDER
90064B,6,2.0,1.7320508075688772,7.561249896677135,21.561249896677136,6.0,15.561249896677136,REORDER
90065A,11,2.75,2.217355782608345,9.679843748738923,28.929843748738925,8.25,20.679843748738925,REORDER
90065B,7,1.4,0.5477225575051662,2.391077163121258,12.191077163121257,4.199999999999999,7.991077163121258,REORDER
90066A,5,2.5,0.7071067811865476,3.0868673440885015,20.586867344088503,7.5,13.086867344088503,REORDER
90067A,15,3.0,2.7386127875258306,11.955385815606288,32.95538581560629,9.0,23.95538581560629,REORDER
90067B,12,6.0,0.0,0.0,42.0,18.0,24.0,REORDER
90069,9,2.25,2.5,10.913724158141436,26.663724158141434,6.75,19.913724158141434,REORDER
90070,29,4.142857142857143,3.8483144114694956,16.79977678423139,45.7997767842314,12.42857142857143,33.37120535565997,REORDER
90071,1,1.0,0.0,0.0,7.0,3.0,4.0,REORDER
90072,8,4.0,2.8284271247461903,12.347469376354006,40.347469376354006,12.0,28.347469376354006,REORDER
90073,9,3.0,2.6457513110645907,11.55,32.55,9.0,23.549999999999997,REORDER
90074,3,1.0,0.0,0.0,7.0,3.0,4.0,REORDER
90075,4,1.3333333333333333,0.5773502691896257,2.5204166322257118,11.853749965559043,4.0,7.853749965559043,REORDER
90077,1,1.0,0.0,0.0,7.0,3.0,4.0,REORDER
90078,6,2.0,1.0,4.365489663256574,18.365489663256575,6.0,12.365489663256575,REORDER
90079,5,1.6666666666666667,1.1547005383792517,5.040833264451424,16.707499931118093,5.0,11.707499931118093,REORDER
90081A,34,2.2666666666666666,1.533747356112131,6.695558229154608,22.562224895821274,6.8,15.762224895821273,REORDER
90081B,6,3.0,0.0,0.0,21.0,9.0,12.0,REORDER
90081C,16,2.2857142857142856,1.889822365046136,8.25,24.25,6.857142857142857,17.392857142857142,REORDER
90082A,26,2.3636363636363638,1.8040358795061298,7.875499984127993,24.420954529582538,7.090909090909092,17.330045438673444,REORDER
90082B,38,2.375,1.5864005379054391,6.925415150010864,23.550415150010863,7.125,16.425415150010863,REORDER
90082C,1,1.0,0.0,0.0,7.0,3.0,4.0,REORDER
90082D,81,2.53125,1.6652884086160473,7.269799334154345,24.988549334154346,7.59375,17.394799334154346,REORDER
90083,25,6.25,4.193248541803041,18.30558316470688,62.05558316470688,18.75,43.30558316470688,REORDER
90084,63,10.5,9.60728889958036,41.940520383037686,115.4405203830377,31.5,83.9405203830377,REORDER
90085,273,21.0,42.935998882057,187.43665930121566,334.4366593012156,63.0,271.4366593012156,REORDER
90086,105,11.666666666666666,10.21028892833107,44.57291077549233,126.23957744215899,35.0,91.23957744215899,REORDER
90087,186,16.90909090909091,26.640024570013235,116.29675188929394,234.66038825293032,50.727272727272734,183.93311552565757,REORDER
90088,99,11.0,14.781745499094482,64.52955718118635,141.52955718118636,33.0,108.52955718118636,REORDER
90089,75,8.333333333333334,5.499999999999999,24.010193147911153,82.34352648124448,25.0,57.34352648124448,REORDER
90090,258,18.428571428571427,29.65367868141589,129.4528277612529,258.45282776125293,55.28571428571428,203.16711347553866,REORDER
90091,3,1.5,0.7071067811865476,3.0868673440885015,13.586867344088501,4.5,9.086867344088501,REORDER
90092,91,15.166666666666666,19.477337258123008,85.02811446809815,191.1947811347648,45.5,145.6947811347648,REORDER
90093,153,15.3,14.981840860039716,65.40307141105836,172.5030714110584,45.900000000000006,126.60307141105838,REORDER
90094,22,2.4444444444444446,1.810463415200036,7.903559324759954,25.014670435871068,7.333333333333334,17.681337102537732,REORDER
90095,7,3.5,3.5355339059327378,15.43433672044251,39.93433672044251,10.5,29.43433672044251,REORDER
90096,23,2.875,2.100170061141308,9.168270692993307,29.293270692993307,8.625,20.668270692993307,REORDER
90098,31,2.2142857142857144,1.672334684416758,7.300559778326802,22.8005597783268,6.642857142857143,16.157702635469658,REORDER
90099,9,2.25,2.5,10.913724158141436,26.663724158141434,6.75,19.913724158141434,REORDER
90100,21,3.0,2.309401076758503,10.081666528902847,31.081666528902847,9.0,22.081666528902847,REORDER
90101,2,2.0,0.0,0.0,14.0,6.0,8.0,REORDER
90102,7,3.5,3.5355339059327378,15.43433672044251,39.93433672044251,10.5,29.43433672044251,REORDER
90103,4,1.3333333333333333,0.5773502691896258,2.520416632225712,11.853749965559045,4.0,7.853749965559045,REORDER
90104,56,6.222222222222222,5.309844107357997,23.180069564175167,66.73562511973073,18.666666666666668,48.068958453064056,REORDER
90108,37,5.285714285714286,5.0896720822428145,22.218910864396573,59.21891086439658,15.857142857142858,43.361768007253715,REORDER
90111,7,1.1666666666666667,0.408248290463863,1.7822036920621616,9.94887035872883,3.5,6.448870358728829,REORDER
90112,70,5.0,5.03831473655779,21.994710902676303,56.9947109026763,15.0,41.9947109026763,REORDER
90114,18,2.25,1.8322507626258084,7.998671764736941,23.74867176473694,6.75,16.99867176473694,REORDER
90115,31,3.1,2.131770260709264,9.306221037564065,31.006221037564064,9.3,21.706221037564063,REORDER
90116,28,3.5,3.8172540616821102,16.664183148297425,41.164183148297425,10.5,30.664183148297425,REORDER
90118,2,1.0,0.0,0.0,7.0,3.0,4.0,REORDER
90119,8,2.6666666666666665,2.8867513459481287,12.60208316112856,31.268749827795226,8.0,23.268749827795226,REORDER
90120A,68,3.5789473684210527,2.6101466428298665,11.394568188857633,36.447199767805,10.736842105263158,25.710357662541846,REORDER
90120B,57,4.384615384615385,3.4529808749943753,15.073952317210587,45.76626000951828,13.153846153846155,32.61241385567212,REORDER
90120C,30,3.3333333333333335,1.3228756555322954,5.775,29.108333333333334,10.0,19.108333333333334,REORDER
90120D,100,5.882352941176471,6.8454579187697195,29.883775784647074,71.06024637288237,17.647058823529413,53.41318754935296,REORDER
90121B,19,2.7142857142857144,1.7043362064926932,7.440262092157775,26.440262092157774,8.142857142857142,18.29740494930063,REORDER
90122A,28,2.5454545454545454,1.634847782739198,7.136911096545899,24.955092914727715,7.636363636363637,17.318729278364078,REORDER
90122B,33,2.5384615384615383,1.6641005886756872,7.264613918482893,25.03384468771366,7.615384615384615,17.418460072329047,REORDER
90122C,21,2.3333333333333335,1.8708286933869704,8.167083322704622,24.500416656037956,7.0,17.500416656037956,REORDER
90123A,21,2.1,1.286683937707919,5.617005429942186,20.317005429942185,6.300000000000001,14.017005429942184,REORDER
90123B,16,2.2857142857142856,1.3801311186847085,6.024948132556828,22.02494813255683,6.857142857142857,15.167805275413972,REORDER
90123C,11,2.75,1.5,6.548234494884861,25.79823449488486,8.25,17.54823449488486,REORDER
90123D,20,3.3333333333333335,4.412104562073146,19.260996858937492,42.59433019227083,10.0,32.59433019227083,REORDER
90124A,20,1.8181818181818181,0.9816498172140428,4.285382129985609,17.012654857258337,5.454545454545454,11.558109402712883,REORDER
90124B,16,2.0,1.0690449676496976,4.666904755831214,18.666904755831215,6.0,12.666904755831215,REORDER
90124C,7,1.75,0.5,2.182744831628287,14.432744831628288,5.25,9.182744831628288,REORDER
90125A,31,6.2,9.984988733093292,43.58936510205213,86.98936510205212,18.6,68.38936510205212,REORDER
90125B,12,4.0,2.6457513110645907,11.55,39.55,12.0,27.549999999999997,REORDER
90125C,15,5.0,6.082762530298219,26.55423695006128,61.55423695006128,15.0,46.55423695006128,REORDER
90125D,28,4.666666666666667,4.0824829046386295,17.822036920621613,50.488703587288285,14.0,36.488703587288285,REORDER
90125E,1,1.0,0.0,0.0,7.0,3.0,4.0,REORDER
90126A,18,6.0,5.5677643628300215,24.306017773382784,66.30601777338279,18.0,48.30601777338279,REORDER
90126C,17,8.5,4.949747468305833,21.608071408619512,81.10807140861951,25.5,55.60807140861951,REORDER
90127A,12,12.0,0.0,0.0,84.0,36.0,48.0,REORDER
90127B,2,1.0,0.0,0.0,7.0,3.0,4.0,REORDER
90128A,17,3.4,4.8270073544588685,21.072250710353654,44.872250710353654,10.2,34.67225071035365,REORDER
90128B,17,3.4,4.8270073544588685,21.072250710353654,44.872250710353654,10.2,34.67225071035365,REORDER
90128C,14,4.666666666666667,6.3508529610858835,27.724582954482834,60.391249621149505,14.0,46.391249621149505,REORDER
90128D,3,1.5,0.7071067811865476,3.0868673440885015,13.586867344088501,4.5,9.086867344088501,REORDER
90129A,28,2.3333333333333335,1.874873733122184,8.18474190185616,24.518075235189496,7.0,17.518075235189496,REORDER
90129B,44,3.6666666666666665,6.485414871895711,28.31201158519119,53.97867825185786,11.0,42.97867825185786,REORDER
90129C,33,3.3,4.620004810002306,20.16858324226072,43.26858324226072,9.899999999999999,33.36858324226072,REORDER
90129D,29,2.9,3.3813212407775355,14.761122924764226,35.06112292476423,8.7,26.361122924764228,REORDER
90129E,31,3.4444444444444446,3.5039660069381067,15.29652738369072,39.40763849480183,10.333333333333334,29.074305161468494,REORDER
90129F,20,2.0,1.5634719199411433,6.825320505294971,20.82532050529497,6.0,14.825320505294972,REORDER
90130A,17,3.4,2.5099800796022267,10.957292092483435,34.75729209248344,10.2,24.55729209248344,REORDER
90130B,6,6.0,0.0,0.0,42.0,18.0,24.0,REORDER
90130C,2,1.0,0.0,0.0,7.0,3.0,4.0,REORDER
90130D,6,6.0,0.0,0.0,42.0,18.0,24.0,REORDER
90131,5,1.6666666666666667,0.5773502691896257,2.5204166322257118,14.187083298892379,5.0,9.187083298892379,REORDER
90133,9,2.25,1.5,6.548234494884861,22.29823449488486,6.75,15.54823449488486,REORDER
90134,12,6.0,0.0,0.0,42.0,18.0,24.0,REORDER
90135A,9,4.5,2.1213203435596424,9.260602032265503,40.7606020322655,13.5,27.260602032265503,REORDER
90137,19,2.375,1.685018016012207,7.355928731302391,23.98092873130239,7.125,16.85592873130239,REORDER
90138,7,1.75,1.5,6.548234494884861,18.79823449488486,5.25,13.54823449488486,REORDER
90139,5,1.6666666666666667,0.5773502691896257,2.5204166322257118,14.187083298892379,5.0,9.187083298892379,REORDER
90140,5,1.6666666666666667,0.5773502691896258,2.520416632225712,14.18708329889238,5.0,9.18708329889238,REORDER
90141A,3,1.5,0.7071067811865476,3.0868673440885015,13.586867344088501,4.5,9.086867344088501,REORDER
90141C,3,1.5,0.7071067811865476,3.0868673440885015,13.586867344088501,4.5,9.086867344088501,REORDER
90141E,4,2.0,0.0,0.0,14.0,6.0,8.0,REORDER
90142D,1,1.0,0.0,0.0,7.0,3.0,4.0,REORDER
90143,36,3.6,3.438345855527367,15.010063291005805,40.2100632910058,10.8,29.4100632910058,REORDER
90144,24,3.0,1.414213562373095,6.173734688177003,27.173734688177003,9.0,18.173734688177003,REORDER
90145,29,2.4166666666666665,1.8319554050414562,7.997382384255488,24.914049050922152,7.25,17.664049050922152,REORDER
90146,22,2.2,0.7888106377466155,3.4435446853496763,18.843544685349677,6.6000000000000005,12.243544685349676,REORDER
90147,52,2.1666666666666665,1.3405601251996726,5.85220136953311,21.018868036199777,6.5,14.518868036199777,REORDER
90148,18,1.8,0.6324555320336759,2.7609780875624494,15.360978087562449,5.4,9.960978087562449,REORDER
90149,8,2.0,0.816496580927726,3.564407384124323,17.564407384124323,6.0,11.564407384124323,REORDER
90150,12,1.7142857142857142,0.7559289460184545,3.3,15.3,5.142857142857142,10.157142857142858,REORDER
90151,11,2.2,1.3038404810405297,5.691902142517913,21.091902142517917,6.6000000000000005,14.491902142517915,REORDER
90152A,1,1.0,0.0,0.0,7.0,3.0,4.0,REORDER
90152B,5,1.25,0.5,2.182744831628287,10.932744831628288,3.75,7.182744831628288,REORDER
90152C,6,2.0,1.0,4.365489663256574,18.365489663256575,6.0,12.365489663256575,REORDER
90154,1,1.0,0.0,0.0,7.0,3.0,4.0,REORDER
90155,15,2.142857142857143,1.6761634196950517,7.31727408260754,22.31727408260754,6.428571428571429,15.888702654036111,REORDER
90156,15,3.75,3.095695936834452,13.514228612836177,39.76422861283618,11.25,28.514228612836177,REORDER
90157,37,2.642857142857143,1.499083969380217,6.544235572682973,25.04423557268297,7.928571428571429,17.11566414411154,REORDER
90158,8,1.6,0.8944271909999159,3.904612656845746,15.104612656845747,4.800000000000001,10.304612656845746,REORDER
90159,30,2.3076923076923075,1.4935759876113537,6.520190535205593,22.674036689051746,6.9230769230769225,15.750959765974823,REORDER
90160A,13,1.4444444444444444,0.7264831572567789,3.171454713534469,13.28256582464558,4.333333333333333,8.949232491312248,REORDER
90160B,39,2.6,2.501428163498376,10.919958791131037,29.119958791131037,7.800000000000001,21.319958791131036,REORDER
90160C,40,2.5,2.4494897427831783,10.693222152372972,28.19322215237297,7.5,20.69322215237297,REORDER
90160D,37,3.3636363636363638,2.656039430156385,11.59491267754958,35.14036722300413,10.090909090909092,25.049458132095033,REORDER
90161A,30,3.75,2.9640705601780613,12.93961939162045,39.189619391620454,11.25,27.939619391620454,REORDER
90161B,42,3.0,2.4178820993079553,10.555239311501985,31.555239311501985,9.0,22.555239311501985,REORDER
90161C,54,3.0,2.5205041512504174,11.003234818478983,32.00323481847899,9.0,23.003234818478987,REORDER
90161D,43,2.8666666666666667,2.3864697976798483,10.418109233445387,30.484775900112055,8.6,21.884775900112054,REORDER
90162A,23,3.2857142857142856,2.0586634591635513,8.987074051102507,31.987074051102507,9.857142857142858,22.12993119395965,REORDER
90162B,28,3.5,2.2677868380553634,9.9,34.4,10.5,23.9,REORDER
90162C,28,3.111111111111111,2.204792759220492,9.625,31.40277777777778,9.333333333333334,22.069444444444443,REORDER
90162D,17,2.4285714285714284,1.7182493859684491,7.5009999333422215,24.50099993334222,7.285714285714285,17.215285647627937,REORDER
90163A,8,2.6666666666666665,1.1547005383792515,5.0408332644514235,23.707499931118086,8.0,15.707499931118086,REORDER
90163B,2,2.0,0.0,0.0,14.0,6.0,8.0,REORDER
90164A,2,2.0,0.0,0.0,14.0,6.0,8.0,REORDER
90164B,2,2.0,0.0,0.0,14.0,6.0,8.0,REORDER
90165A,12,6.0,0.0,0.0,42.0,18.0,24.0,REORDER
90165B,19,3.8,2.588435821108957,11.299789821054196,37.89978982105419,11.399999999999999,26.499789821054193,REORDER
90166,5,1.6666666666666667,1.1547005383792517,5.040833264451424,16.707499931118093,5.0,11.707499931118093,REORDER
90167,2098,32.78125,63.733191061307636,278.22658678449477,507.69533678449477,98.34375,409.35158678449477,REORDER
90168,12,6.0,0.0,0.0,42.0,18.0,24.0,REORDER
90169,8,8.0,0.0,0.0,56.0,24.0,32.0,REORDER
90170,21,5.25,4.9916597106239795,21.79103886922329,58.541038869223286,15.75,42.791038869223286,REORDER
90171,11,5.5,3.5355339059327378,15.43433672044251,53.93433672044251,16.5,37.43433672044251,REORDER
90173,17,3.4,1.9493588689617927,8.509905992430234,32.30990599243023,10.2,22.10990599243023,REORDER
90175A,61,3.05,3.3162280411715708,14.476959234736091,35.82695923473609,9.149999999999999,26.67695923473609,REORDER
90175B,15,2.5,2.0736441353327724,9.052472038067835,26.552472038067833,7.5,19.052472038067833,REORDER
90175C,27,2.25,1.9128750375000738,8.350636203308104,24.100636203308106,6.75,17.350636203308106,REORDER
90175D,27,1.9285714285714286,1.4392458342578487,6.283012812337724,19.783012812337724,5.785714285714286,13.997298526623439,REORDER
90176A,3,1.5,0.7071067811865476,3.0868673440885015,13.586867344088501,4.5,9.086867344088501,REORDER
90176B,1,1.0,0.0,0.0,7.0,3.0,4.0,REORDER
90176C,6,2.0,1.0,4.365489663256574,18.365489663256575,6.0,12.365489663256575,REORDER
90176D,3,1.5,0.7071067811865476,3.0868673440885015,13.586867344088501,4.5,9.086867344088501,REORDER
90177A,1,1.0,0.0,0.0,7.0,3.0,4.0,REORDER
90177B,8,2.6666666666666665,2.8867513459481287,12.60208316112856,31.268749827795226,8.0,23.268749827795226,REORDER
90177C,4,1.0,0.0,0.0,7.0,3.0,4.0,REORDER
90177D,14,3.5,2.886751345948129,12.60208316112856,37.10208316112856,10.5,26.60208316112856,REORDER
90177E,2,1.0,0.0,0.0,7.0,3.0,4.0,REORDER
90178A,17,1.5454545454545454,0.9341987329938275,4.078234912311943,14.896416730493762,4.636363636363637,10.260053094130125,REORDER
90178B,13,1.625,0.7440238091428449,3.248028248029872,14.623028248029872,4.875,9.748028248029872,REORDER
90179A,5,1.6666666666666667,1.1547005383792517,5.040833264451424,16.707499931118093,5.0,11.707499931118093,REORDER
90179B,7,1.4,0.5477225575051661,2.391077163121257,12.191077163121257,4.199999999999999,7.991077163121258,REORDER
90179C,10,1.6666666666666667,0.816496580927726,3.564407384124323,15.23107405079099,5.0,10.23107405079099,REORDER
90180A,23,1.5333333333333334,1.3557637102737476,5.918572463018426,16.651905796351762,4.6000000000000005,12.051905796351761,REORDER
90180B,11,1.5714285714285714,0.5345224838248488,2.333452377915607,13.333452377915608,4.714285714285714,8.619166663629894,REORDER
90181A,2,1.0,0.0,0.0,7.0,3.0,4.0,REORDER
90182C,2,2.0,0.0,0.0,14.0,6.0,8.0,REORDER
90183A,6,6.0,0.0,0.0,42.0,18.0,24.0,REORDER
90183C,1,1.0,0.0,0.0,7.0,3.0,4.0,REORDER
90184A,26,2.888888888888889,1.3642254619787417,5.9555121526196215,26.177734374841844,8.666666666666666,17.511067708175176,REORDER
90184B,30,2.142857142857143,1.4600918230947435,6.37401576112555,21.37401576112555,6.428571428571429,14.94544433255412,REORDER
90184C,37,2.0555555555555554,1.3491706481792793,5.889790518595816,20.278679407484702,6.166666666666666,14.112012740818036,REORDER
90185A,14,3.5,2.886751345948129,12.60208316112856,37.10208316112856,10.5,26.60208316112856,REORDER
90185B,32,2.909090909090909,2.809076198843508,12.262993109351402,32.626629472987766,8.727272727272727,23.89935674571504,REORDER
90185C,33,2.357142857142857,1.9848325973644325,8.664766187089128,25.16476618708913,7.071428571428571,18.09333761566056,REORDER
90185D,19,2.375,1.8468119248354136,8.062238367847975,24.687238367847975,7.125,17.562238367847975,REORDER
90186A,45,3.4615384615384617,2.5369070609498956,11.074841551219386,35.30561078198862,10.384615384615385,24.920995397373233,REORDER
90186B,24,3.4285714285714284,2.5071326821120348,10.944861808172817,34.94486180817282,10.285714285714285,24.659147522458532,REORDER
90187A,2,2.0,0.0,0.0,14.0,6.0,8.0,REORDER
90187B,2,2.0,0.0,0.0,14.0,6.0,8.0,REORDER
90188,1,1.0,0.0,0.0,7.0,3.0,4.0,REORDER
90189A,6,2.0,0.0,0.0,14.0,6.0,8.0,REORDER
90189B,3,1.5,0.7071067811865476,3.0868673440885015,13.586867344088501,4.5,9.086867344088501,REORDER
90190A,12,2.0,1.0954451150103321,4.782154326242514,18.782154326242512,6.0,12.782154326242512,REORDER
90190B,28,5.6,4.722287581247038,20.615097622858837,59.81509762285883,16.799999999999997,43.01509762285883,REORDER
90190C,24,4.8,2.9495762407505253,12.876344589983603,46.476344589983604,14.399999999999999,32.076344589983606,REORDER
90191,10,1.4285714285714286,1.1338934190276817,4.95,14.95,4.285714285714286,10.664285714285715,REORDER
90192,35,3.1818181818181817,1.7215215257545762,7.515284425755289,29.788011698482563,9.545454545454545,20.242557153028017,REORDER
90194,13,1.625,1.1877349391654206,5.18504459961532,16.56004459961532,4.875,11.68504459961532,REORDER
90195A,40,2.3529411764705883,1.2217393579743305,5.333490538430664,21.804078773724783,7.0588235294117645,14.745255244313018,REORDER
90195B,44,2.588235294117647,2.34677500863983,10.244822042206035,28.362469101029564,7.764705882352942,20.597763218676622,REORDER
90196A,14,2.3333333333333335,1.2110601416389966,5.286870529907082,21.62020386324042,7.0,14.62020386324042,REORDER
90196B,12,2.0,1.2649110640673518,5.521956175124899,19.5219561751249,6.0,13.521956175124899,REORDER
90197B,3,3.0,0.0,0.0,21.0,9.0,12.0,REORDER
90197D,9,2.25,1.5,6.548234494884861,22.29823449488486,6.75,15.54823449488486,REORDER
90198A,40,2.5,1.5916448515084427,6.948309146835651,24.44830914683565,7.5,16.94830914683565,REORDER
90198B,56,2.9473684210526314,2.0131148946216078,8.788232263418477,29.419811210786897,8.842105263157894,20.577705947629003,REORDER
90199A,9,1.2857142857142858,0.48795003647426666,2.1301408404140796,11.130140840414079,3.8571428571428577,7.272997983271221,REORDER
90199B,15,1.3636363636363635,0.6741998624632421,2.943212530552288,12.488667076006832,4.090909090909091,8.39775798509774,REORDER
90199C,84,4.2,10.855995190628418,47.39173478905144,76.79173478905145,12.600000000000001,64.19173478905145,REORDER
90199D,13,1.8571428571428572,1.8644544714716087,8.139256722821807,21.139256722821806,5.571428571428571,15.567828151393234,REORDER
90200A,78,2.888888888888889,2.1543039806456377,9.404591759021022,29.626813981243245,8.666666666666666,20.96014731457658,REORDER
90200B,76,3.4545454545454546,2.4828415504220493,10.838819123871383,35.02063730568957,10.363636363636363,24.657000942053205,REORDER
90200C,114,3.4545454545454546,2.87327023062256,12.543231491525619,36.725049673343804,10.363636363636363,26.36141330970744,REORDER
90200D,104,3.25,2.590304503210933,11.307947533454284,34.05794753345428,9.75,24.307947533454282,REORDER
90200E,96,3.096774193548387,2.385439703837672,10.41361236942518,32.091031724263885,9.29032258064516,22.800709143618725,REORDER
90201A,44,4.888888888888889,2.2047927592204917,9.624999999999998,43.84722222222223,14.666666666666668,29.18055555555556,REORDER
90201B,43,5.375,1.7677669529663689,7.717168360221255,45.34216836022125,16.125,29.21716836022125,REORDER
90201C,37,5.285714285714286,1.889822365046136,8.25,45.25,15.857142857142858,29.392857142857142,REORDER
90201D,37,5.285714285714286,1.889822365046136,8.25,45.25,15.857142857142858,29.392857142857142,REORDER
90202A,2,1.0,0.0,0.0,7.0,3.0,4.0,REORDER
90202B,2,2.0,0.0,0.0,14.0,6.0,8.0,REORDER
90202C,2,1.0,0.0,0.0,7.0,3.0,4.0,REORDER
90202D,14,4.666666666666667,6.3508529610858835,27.724582954482834,60.391249621149505,14.0,46.391249621149505,REORDER
90203,60,2.727272727272727,1.804275825757042,7.876547467006087,26.967456557915177,8.181818181818182,18.785638376096998,REORDER
90204,2,1.0,0.0,0.0,7.0,3.0,4.0,REORDER
90205C,40,40.0,0.0,0.0,280.0,120.0,160.0,REORDER
90206A,4,1.3333333333333333,0.5773502691896257,2.5204166322257118,11.853749965559043,4.0,7.853749965559043,REORDER
90206C,9,2.25,0.9574271077563381,4.179638142231933,19.929638142231934,6.75,13.179638142231934,REORDER
90208,82,11.714285714285714,11.29475225808112,49.30712423169698,131.30712423169697,35.14285714285714,96.16426708883984,REORDER
90209A,89,14.833333333333334,16.47321057555772,71.9136304882461,175.74696382157944,44.5,131.24696382157944,REORDER
90209B,144,20.571428571428573,25.18502956690173,109.9449862431207,253.9449862431207,61.71428571428572,192.23070052883497,REORDER
90209C,99,8.25,9.391727501080164,40.999489326087954,98.74948932608795,24.75,73.99948932608795,REORDER
90210A,52,5.777777777777778,7.54615428178118,32.94265851445508,73.38710295889953,17.333333333333332,56.053769625566204,REORDER
90210B,57,4.384615384615385,6.225464661887517,27.17720163043904,57.86950932274674,13.153846153846155,44.71566316890058,REORDER
90210C,19,4.75,4.112987559751022,17.95520467719597,51.205204677195965,14.25,36.955204677195965,REORDER
90210D,27,3.857142857142857,3.532165125838609,15.419630345763803,42.41963034576381,11.571428571428571,30.848201774335237,REORDER
90211A,4,2.0,0.0,0.0,14.0,6.0,8.0,REORDER
90211B,14,2.0,0.5773502691896257,2.5204166322257118,16.52041663222571,6.0,10.52041663222571,REORDER
90212B,16,2.6666666666666665,1.0327955589886444,4.508658337022223,23.175325003688886,8.0,15.175325003688886,REORDER
90212C,10,2.5,0.5773502691896257,2.5204166322257118,20.02041663222571,7.5,12.52041663222571,REORDER
90214A,64,2.206896551724138,2.895554602006664,12.640513684455096,28.088789546524062,6.620689655172414,21.46809989135165,REORDER
90214B,35,2.5,3.0571479921904086,13.345947958952818,30.84594795895282,7.5,23.34594795895282,REORDER
90214C,63,2.423076923076923,3.0485810066071974,13.308548871944044,30.270087333482504,7.269230769230768,23.000856564251734,REORDER
90214D,26,2.1666666666666665,3.157482695074823,13.78395806726065,28.950624733927317,6.5,22.450624733927317,REORDER
90214E,54,2.4545454545454546,2.9232609437842774,12.76146543309192,29.943283614910104,7.363636363636363,22.57964725127374,REORDER
90214F,16,1.6,1.2649110640673518,5.521956175124899,16.7219561751249,4.800000000000001,11.921956175124901,REORDER
90214G,35,2.9166666666666665,3.423404295390331,14.944836064674647,35.36150273134131,8.75,26.61150273134131,REORDER
90214H,28,1.75,1.1832159566199232,5.165317028024514,17.415317028024514,5.25,12.165317028024514,REORDER
90214I,19,2.111111111111111,2.619372274250285,11.434842587460484,26.212620365238262,6.333333333333334,19.87928703190493,REORDER
90214J,60,2.608695652173913,3.158525698008525,13.78851128578647,32.04938085100386,7.826086956521739,24.223293894482122,REORDER
90214K,63,2.032258064516129,2.3591505670154804,10.298847414371966,24.52465386598487,6.096774193548387,18.427879672436482,REORDER
90214L,63,2.739130434782609,2.8796684042745393,12.571162652467056,31.745075695945317,8.217391304347826,23.52768439159749,REORDER
90214M,53,2.409090909090909,2.7195778893247193,11.872289164268194,28.735925527904556,7.2272727272727275,21.50865280063183,REORDER
90214N,31,2.5833333333333335,3.2039275140289165,13.986712444316568,32.0700457776499,7.75,24.320045777649902,REORDER
90214O,19,1.7272727272727273,1.009049958219026,4.404997162314636,16.49590625322373,5.181818181818182,11.314088071405548,REORDER
90214P,30,2.5,3.3439225741362764,14.59785943212223,32.09785943212223,7.5,24.597859432122227,REORDER
90214R,37,2.466666666666667,3.020564437950219,13.186242831072086,30.45290949773875,7.4,23.052909497738753,REORDER
90214S,74,2.740740740740741,3.4035342783708793,14.858093710767498,34.04327889595268,8.222222222222223,25.82105667373046,REORDER
90214T,31,3.4444444444444446,3.711842908553348,16.20401184892186,40.31512296003297,10.333333333333334,29.981789626699637,REORDER
90214U,1,1.0,0.0,0.0,7.0,3.0,4.0,REORDER
90214V,8,1.1428571428571428,0.3779644730092272,1.65,9.65,3.4285714285714284,6.2214285714285715,REORDER
90214W,2,1.0,0.0,0.0,7.0,3.0,4.0,REORDER
90214Y,2,1.0,0.0,0.0,7.0,3.0,4.0,REORDER
90214Z,5,1.25,0.5,2.182744831628287,10.932744831628288,3.75,7.182744831628288,REORDER
ADJUST,32,32.0,0.0,0.0,224.0,96.0,128.0,REORDER
ADJUST2,3,3.0,0.0,0.0,21.0,9.0,12.0,REORDER
BANK CHARGES,20,1.25,0.447213595499958,1.9523063284228734,10.702306328422873,3.75,6.952306328422873,REORDER
C2,120,1.3793103448275863,0.6332158475140234,2.7642972369327206,12.419469650725823,4.137931034482759,8.281538616243065,REORDER
D,196,39.2,85.41779674049197,372.8905087287688,647.2905087287688,117.60000000000001,529.6905087287688,REORDER
M,2568,13.035532994923859,22.5583994118752,98.47845945215437,189.7271904166214,39.10659898477158,150.62059143184982,REORDER
PADS,14,1.0,0.0,0.0,7.0,3.0,4.0,REORDER
POST,2212,8.991869918699187,7.085479183840882,30.931586136276998,93.87467556717131,26.975609756097562,66.89906581107374,REORDER
SP1002,5,5.0,0.0,0.0,35.0,15.0,20.0,REORDER
TEST001,50,8.333333333333334,6.0553007081949835,26.434352649535413,84.76768598286876,25.0,59.767685982868755,REORDER
TEST002,1,1.0,0.0,0.0,7.0,3.0,4.0,REORDER
